timestamp,device_id,heartbeat,baseline,diff,abs_diff,game_phase,current_turn,control_mode,random_extreme,target_watch,is_target,rpm,direction,source_timestamp,collapse,attackers,attack_count,attack_mode,challenge_direction,score,score_change,score_reason,series_id,game_number
1791194609705,watch1,80,64,16,16,playing,watch1,highest_diff,,watch3,False,40,c,1791194607290,,,0,,,0,,,20261005_190327,1
1791194609705,watch2,80,66,14,14,playing,watch1,highest_diff,,watch3,False,40,c,1791194609286,,,0,,,0,,,20261005_190327,1
1791194609705,watch3,80,64,16,16,playing,watch1,highest_diff,,watch3,True,40,c,1791194608742,,,0,,,0,,,20261005_190327,1
1791194611324,watch1,79,64,15,15,playing,watch1,highest_diff,,watch3,False,30,c,1791194610255,,,0,,,0,,,20261005_190327,1
1791194611324,watch2,77,66,11,11,playing,watch1,highest_diff,,watch3,False,30,c,1791194610941,,,0,,,0,,,20261005_190327,1
1791194611324,watch3,77,64,13,13,playing,watch1,highest_diff,,watch3,True,30,c,1791194611303,,,0,,,0,,,20261005_190327,1
1791194612571,watch1,78,64,14,14,playing,watch1,highest_diff,,watch3,False,30,c,1791194611562,,,0,,,0,,,20261005_190327,1
1791194612571,watch2,75,66,9,9,playing,watch1,highest_diff,,watch3,False,30,c,1791194612100,,,0,,,0,,,20261005_190327,1
1791194612571,watch3,75,64,11,11,playing,watch1,highest_diff,,watch3,True,30,c,1791194611884,,,0,,,0,,,20261005_190327,1
1791194613976,watch1,75,64,11,11,playing,watch1,highest_diff,,watch3,False,30,c,1791194613320,,,0,,,0,,,20261005_190327,1
1791194613976,watch2,74,66,8,8,playing,watch1,highest_diff,,watch3,False,30,c,1791194613057,,,0,,,0,,,20261005_190327,1
1791194613976,watch3,71,64,7,7,playing,watch1,highest_diff,,watch3,True,30,c,1791194613737,,,0,,,0,,,20261005_190327,1
1791194615436,watch1,72,64,8,8,playing,watch1,highest_diff,,watch3,False,20,a,1791194614363,,,0,,,0,,,20261005_190327,1
1791194615436,watch2,70,66,4,4,playing,watch1,highest_diff,,watch3,False,20,a,1791194615020,,,0,,,0,,,20261005_190327,1
1791194615436,watch3,69,64,5,5,playing,watch1,highest_diff,,watch3,True,20,a,1791194614744,,,0,,,0,,,20261005_190327,1
1791194616600,watch1,71,64,7,7,playing,watch1,highest_diff,,watch3,False,10,c,1791194616243,,,0,,,0,,,20261005_190327,1
1791194616600,watch2,68,66,2,2,playing,watch1,highest_diff,,watch3,False,10,c,1791194615939,,,0,,,0,,,20261005_190327,1
1791194616600,watch3,67,64,3,3,playing,watch1,highest_diff,,watch3,True,10,c,1791194615762,,,0,,,0,,,20261005_190327,1
1791194617828,watch1,71,64,7,7,playing,watch1,highest_diff,,watch3,False,10,c,1791194617640,,,0,,,0,,,20261005_190327,1
1791194617828,watch2,66,66,0,0,playing,watch1,highest_diff,,watch3,False,10,c,1791194616994,,,0,,,0,,,20261005_190327,1
1791194617828,watch3,65,64,1,1,playing,watch1,highest_diff,,watch3,True,10,c,1791194617782,,,0,,,0,,,20261005_190327,1
1791194619042,watch1,72,64,8,8,playing,watch1,highest_diff,,watch3,False,10,a,1791194618251,,,0,,,0,,,20261005_190327,1
1791194619042,watch2,65,66,-1,1,playing,watch1,highest_diff,,watch3,False,10,a,1791194618910,,,0,,,0,,,20261005_190327,1
1791194619042,watch3,65,64,1,1,playing,watch1,highest_diff,,watch3,True,10,a,1791194617782,,,0,,,0,,,20261005_190327,1
1791194620237,watch1,72,64,8,8,playing,watch1,highest_diff,,watch3,False,10,a,1791194619846,,,0,,,0,,,20261005_190327,1
1791194620237,watch2,65,66,-1,1,playing,watch1,highest_diff,,watch3,False,10,a,1791194618910,,,0,,,0,,,20261005_190327,1
1791194620237,watch3,65,64,1,1,playing,watch1,highest_diff,,watch3,True,10,a,1791194619846,,,0,,,0,,,20261005_190327,1
1791194621333,watch1,71,64,7,7,playing,watch1,highest_diff,,watch3,False,10,a,1791194620252,,,0,,,0,,,20261005_190327,1
1791194621333,watch2,65,66,-1,1,playing,watch1,highest_diff,,watch3,False,10,a,1791194620912,,,0,,,0,,,20261005_190327,1
1791194621333,watch3,65,64,1,1,playing,watch1,highest_diff,,watch3,True,10,a,1791194620912,,,0,,,0,,,20261005_190327,1
1791194622477,watch1,69,64,5,5,playing,watch1,highest_diff,,watch3,False,10,a,1791194622284,,,0,,,0,,,20261005_190327,1
1791194622477,watch2,65,66,-1,1,playing,watch1,highest_diff,,watch3,False,10,a,1791194621967,,,0,,,0,,,20261005_190327,1
1791194622477,watch3,65,64,1,1,playing,watch1,highest_diff,,watch3,True,10,a,1791194621967,,,0,,,0,,,20261005_190327,1
1791194623629,watch1,69,64,5,5,playing,watch1,highest_diff,,watch3,False,10,a,1791194622284,,,0,,,0,,,20261005_190327,1
1791194623629,watch2,65,66,-1,1,playing,watch1,highest_diff,,watch3,False,10,a,1791194623045,,,0,,,0,,,20261005_190327,1
1791194623629,watch3,66,64,2,2,playing,watch1,highest_diff,,watch3,True,10,a,1791194622792,,,0,,,0,,,20261005_190327,1
1791194624796,watch1,69,64,5,5,playing,watch1,highest_diff,,watch3,False,10,a,1791194624182,,,0,,,0,,,20261005_190327,1
1791194624796,watch2,65,66,-1,1,playing,watch1,highest_diff,,watch3,False,10,a,1791194624182,,,0,,,0,,,20261005_190327,1
1791194624796,watch3,66,64,2,2,playing,watch1,highest_diff,,watch3,True,10,a,1791194624182,,,0,,,0,,,20261005_190327,1
1791194625898,watch1,69,64,5,5,playing,watch1,highest_diff,,watch3,False,10,a,1791194625387,,,0,,,0,,,20261005_190327,1
1791194625898,watch2,65,66,-1,1,playing,watch1,highest_diff,,watch3,False,10,a,1791194625387,,,0,,,0,,,20261005_190327,1
1791194625898,watch3,66,64,2,2,playing,watch1,highest_diff,,watch3,True,10,a,1791194625387,,,0,,,0,,,20261005_190327,1
1791194627054,watch1,68,64,4,4,playing,watch1,highest_diff,,watch3,False,10,a,1791194626314,,,0,,,0,,,20261005_190327,1
1791194627054,watch2,66,66,0,0,playing,watch1,highest_diff,,watch3,False,10,a,1791194626942,,,0,,,0,,,20261005_190327,1
1791194627054,watch3,66,64,2,2,playing,watch1,highest_diff,,watch3,True,10,a,1791194626469,,,0,,,0,,,20261005_190327,1
1791194628203,watch1,68,64,4,4,playing,watch1,highest_diff,,watch3,False,10,a,1791194627532,,,0,,,0,,,20261005_190327,1
1791194628203,watch2,66,66,0,0,playing,watch1,highest_diff,,watch3,False,10,a,1791194626942,,,0,,,0,,,20261005_190327,1
1791194628203,watch3,66,64,2,2,playing,watch1,highest_diff,,watch3,True,10,a,1791194627532,,,0,,,0,,,20261005_190327,1
1791194631454,watch1,67,64,3,3,playing,watch1,highest_diff,,watch3,False,10,a,1791194629715,,,0,,,0,,,20261005_190327,1
1791194631454,watch2,66,66,0,0,playing,watch1,highest_diff,,watch3,False,10,a,1791194629715,,,0,,,0,,,20261005_190327,1
1791194631454,watch3,66,64,2,2,playing,watch1,highest_diff,,watch3,True,10,a,1791194628596,,,0,,,0,,,20261005_190327,1
1791194633127,watch1,67,64,3,3,playing,watch1,highest_diff,,watch3,False,10,c,1791194632935,,,0,,,0,,,20261005_190327,1
1791194633127,watch2,65,66,-1,1,playing,watch1,highest_diff,,watch3,False,10,c,1791194632285,,,0,,,0,,,20261005_190327,1
1791194633127,watch3,65,64,1,1,playing,watch1,highest_diff,,watch3,True,10,c,1791194631743,,,0,,,0,,,20261005_190327,1
1791194634740,watch1,67,64,3,3,playing,watch1,highest_diff,,watch3,False,10,a,1791194634402,,,0,,,0,,,20261005_190327,1
1791194634740,watch2,66,66,0,0,playing,watch1,highest_diff,,watch3,False,10,a,1791194633406,,,0,,,0,,,20261005_190327,1
1791194634740,watch3,66,64,2,2,playing,watch1,highest_diff,,watch3,True,10,a,1791194633861,,,0,,,0,,,20261005_190327,1
1791194636532,watch1,68,64,4,4,playing,watch1,highest_diff,,watch3,False,10,a,1791194635361,,,0,,,0,,,20261005_190327,1
1791194636532,watch2,66,66,0,0,playing,watch1,highest_diff,,watch3,False,10,a,1791194636016,,,0,,,0,,,20261005_190327,1
1791194636532,watch3,67,64,3,3,playing,watch1,highest_diff,,watch3,True,10,a,1791194636016,,,0,,,0,,,20261005_190327,1
1791194640362,watch1,69,64,5,5,playing,watch1,highest_diff,,watch3,False,20,c,1791194639567,,,0,,,0,,,20261005_190327,1
1791194640362,watch2,69,66,3,3,playing,watch1,highest_diff,,watch3,False,20,c,1791194637716,,,0,,,0,,,20261005_190327,1
1791194640362,watch3,70,64,6,6,playing,watch1,highest_diff,,watch3,True,20,c,1791194638955,,,0,,,0,,,20261005_190327,1
1791194642419,watch1,69,64,5,5,playing,watch1,highest_diff,,watch3,False,20,c,1791194639567,,,0,,,0,,,20261005_190327,1
1791194642419,watch2,69,66,3,3,playing,watch1,highest_diff,,watch3,False,20,c,1791194642392,,,0,,,0,,,20261005_190327,1
1791194642419,watch3,70,64,6,6,playing,watch1,highest_diff,,watch3,True,20,c,1791194640550,,,0,,,0,,,20261005_190327,1
1791194645998,watch1,70,64,6,6,playing,watch2,highest_diff,,watch3,False,10,a,1791194644309,,,0,,,0,,,20261005_190327,1
1791194645998,watch2,74,66,8,8,playing,watch2,highest_diff,,watch3,False,10,a,1791194645730,,,0,,,0,,,20261005_190327,1
1791194645998,watch3,72,64,8,8,playing,watch2,highest_diff,,watch3,True,10,a,1791194644849,,,0,,,0,,,20261005_190327,1
1791194647455,watch1,74,64,10,10,playing,watch2,highest_diff,,watch3,False,20,a,1791194646723,,,0,,,0,,,20261005_190327,1
1791194647455,watch2,79,66,13,13,playing,watch2,highest_diff,,watch3,False,20,a,1791194647329,,,0,,,0,,,20261005_190327,1
1791194647455,watch3,76,64,12,12,playing,watch2,highest_diff,,watch3,True,20,a,1791194647065,,,0,,,0,,,20261005_190327,1
1791194648931,watch1,76,64,12,12,playing,watch2,highest_diff,,watch3,False,30,a,1791194648246,,,0,,,0,,,20261005_190327,1
1791194648931,watch2,82,66,16,16,playing,watch2,highest_diff,,watch3,False,30,a,1791194647919,,,0,,,0,,,20261005_190327,1
1791194648931,watch3,81,64,17,17,playing,watch2,highest_diff,,watch3,True,30,a,1791194648509,,,0,,,0,,,20261005_190327,1
1791194650301,watch1,80,64,16,16,playing,watch2,highest_diff,,watch1,True,30,a,1791194649534,,,0,,,0,,,20261005_190327,1
1791194650301,watch2,83,66,17,17,playing,watch2,highest_diff,,watch1,False,30,a,1791194650107,,,0,,,0,,,20261005_190327,1
1791194650301,watch3,81,64,17,17,playing,watch2,highest_diff,,watch1,False,30,a,1791194648509,,,0,,,0,,,20261005_190327,1
1791194653006,watch1,81,64,17,17,playing,watch2,highest_diff,,watch3,False,30,c,1791194652753,,,0,,,0,,,20261005_190327,1
1791194653006,watch2,80,66,14,14,playing,watch2,highest_diff,,watch3,False,30,c,1791194651155,,,0,,,0,,,20261005_190327,1
1791194653006,watch3,82,64,18,18,playing,watch2,highest_diff,,watch3,True,30,c,1791194650898,,,0,,,0,,,20261005_190327,1
1791194656965,watch1,81,64,17,17,playing,watch2,highest_diff,,watch1,True,30,a,1791194654172,,,0,,,0,,,20261005_190327,1
1791194656965,watch2,78,66,12,12,playing,watch2,highest_diff,,watch1,False,30,a,1791194656931,,,0,,,0,,,20261005_190327,1
1791194656965,watch3,82,64,18,18,playing,watch2,highest_diff,,watch1,False,30,a,1791194654172,,,0,,,0,,,20261005_190327,1
1791194660919,watch1,81,64,17,17,playing,watch2,highest_diff,,watch1,True,30,c,1791194654172,,,0,,,0,,,20261005_190327,1
1791194660919,watch2,74,66,8,8,playing,watch2,highest_diff,,watch1,False,30,c,1791194660398,,,0,,,0,,,20261005_190327,1
1791194660919,watch3,74,64,10,10,playing,watch2,highest_diff,,watch1,False,30,c,1791194658778,,,0,,,0,,,20261005_190327,1
1791194664252,watch1,78,64,14,14,playing,watch2,highest_diff,,watch1,True,30,a,1791194663895,,,0,,,0,,,20261005_190327,1
1791194664252,watch2,74,66,8,8,playing,watch2,highest_diff,,watch1,False,30,a,1791194663895,,,0,,,0,,,20261005_190327,1
1791194664252,watch3,72,64,8,8,playing,watch2,highest_diff,,watch1,False,30,a,1791194663236,,,0,,,0,,,20261005_190327,1
1791194673666,watch1,75,64,11,11,playing,watch2,highest_diff,,watch1,True,20,a,1791194673567,,,0,,,0,,,20261005_190327,1
1791194673666,watch2,73,66,7,7,playing,watch2,highest_diff,,watch1,False,20,a,1791194665547,,,0,,,0,,,20261005_190327,1
1791194673666,watch3,71,64,7,7,playing,watch2,highest_diff,,watch1,False,20,a,1791194665115,,,0,,,0,,,20261005_190327,1
1791194676414,watch1,74,64,10,10,playing,watch2,highest_diff,,watch1,True,20,c,1791194675966,,,0,,,0,,,20261005_190327,1
1791194676414,watch2,72,66,6,6,playing,watch2,highest_diff,,watch1,False,20,c,1791194675073,,,0,,,0,,,20261005_190327,1
1791194676414,watch3,71,64,7,7,playing,watch2,highest_diff,,watch1,False,20,c,1791194665115,,,0,,,0,,,20261005_190327,1
1791194677977,watch1,74,64,10,10,playing,watch2,highest_diff,,watch1,True,20,c,1791194677409,,,0,,,0,,,20261005_190327,1
1791194677977,watch2,71,66,5,5,playing,watch2,highest_diff,,watch1,False,20,c,1791194676873,,,0,,,0,,,20261005_190327,1
1791194677977,watch3,70,64,6,6,playing,watch2,highest_diff,,watch1,False,20,c,1791194677823,,,0,,,0,,,20261005_190327,1
1791194679846,watch1,71,64,7,7,playing,watch2,highest_diff,,watch1,True,10,a,1791194679654,,,0,,,0,,,20261005_190327,1
1791194679846,watch2,70,66,4,4,playing,watch2,highest_diff,,watch1,False,10,a,1791194678494,,,0,,,0,,,20261005_190327,1
1791194679846,watch3,70,64,6,6,playing,watch2,highest_diff,,watch1,False,10,a,1791194677823,,,0,,,0,,,20261005_190327,1
1791194681206,watch1,71,64,7,7,playing,watch2,highest_diff,,watch1,True,10,a,1791194681128,,,0,,,0,,,20261005_190327,1
1791194681206,watch2,70,66,4,4,playing,watch2,highest_diff,,watch1,False,10,a,1791194680956,,,0,,,0,,,20261005_190327,1
1791194681206,watch3,71,64,7,7,playing,watch2,highest_diff,,watch1,False,10,a,1791194680505,,,0,,,0,,,20261005_190327,1
1791194682762,watch1,71,64,7,7,playing,watch2,highest_diff,,watch3,False,10,a,1791194681884,,,0,,,0,,,20261005_190327,1
1791194682762,watch2,71,66,5,5,playing,watch2,highest_diff,,watch3,False,10,a,1791194682164,,,0,,,0,,,20261005_190327,1
1791194682762,watch3,73,64,9,9,playing,watch2,highest_diff,,watch3,True,10,a,1791194682395,,,0,,,0,,,20261005_190327,1
1791194684258,watch1,72,64,8,8,playing,watch2,highest_diff,,watch3,False,10,a,1791194683147,,,0,,,0,,,20261005_190327,1
1791194684258,watch2,75,66,9,9,playing,watch2,highest_diff,,watch3,False,10,a,1791194684149,,,0,,,0,,,20261005_190327,1
1791194684258,watch3,75,64,11,11,playing,watch2,highest_diff,,watch3,True,10,a,1791194683922,,,0,,,0,,,20261005_190327,1
1791194685608,watch1,73,64,9,9,playing,watch2,highest_diff,,watch3,False,20,a,1791194684465,,,0,,,0,,,20261005_190327,1
1791194685608,watch2,76,66,10,10,playing,watch2,highest_diff,,watch3,False,20,a,1791194685318,,,0,,,0,,,20261005_190327,1
1791194685608,watch3,76,64,12,12,playing,watch2,highest_diff,,watch3,True,20,a,1791194684788,,,0,,,0,,,20261005_190327,1
1791194686919,watch1,73,64,9,9,playing,watch2,highest_diff,,watch3,False,20,a,1791194686289,,,0,,,0,,,20261005_190327,1
1791194686919,watch2,76,66,10,10,playing,watch2,highest_diff,,watch3,False,20,a,1791194685318,,,0,,,0,,,20261005_190327,1
1791194686919,watch3,76,64,12,12,playing,watch2,highest_diff,,watch3,True,20,a,1791194686289,,,0,,,0,,,20261005_190327,1
1791194688135,watch1,73,64,9,9,playing,watch2,highest_diff,,watch3,False,10,a,1791194687499,,,0,,,0,,,20261005_190327,1
1791194688135,watch2,76,66,10,10,playing,watch2,highest_diff,,watch3,False,10,a,1791194687499,,,0,,,0,,,20261005_190327,1
1791194688135,watch3,75,64,11,11,playing,watch2,highest_diff,,watch3,True,10,a,1791194687048,,,0,,,0,,,20261005_190327,1
1791194689283,watch1,73,64,9,9,playing,watch2,highest_diff,,watch1,True,10,a,1791194688603,,,0,,,0,,,20261005_190327,1
1791194689283,watch2,75,66,9,9,playing,watch2,highest_diff,,watch1,False,10,a,1791194688324,,,0,,,0,,,20261005_190327,1
1791194689283,watch3,74,64,10,10,playing,watch2,highest_diff,,watch1,False,10,a,1791194689053,,,0,,,0,,,20261005_190327,1
1791194690448,watch1,73,64,9,9,playing,watch2,highest_diff,,watch1,True,10,a,1791194689693,,,0,,,0,,,20261005_190327,1
1791194690448,watch2,74,66,8,8,playing,watch2,highest_diff,,watch1,False,10,a,1791194690372,,,0,,,0,,,20261005_190327,1
1791194690448,watch3,73,64,9,9,playing,watch2,highest_diff,,watch1,False,10,a,1791194690051,,,0,,,0,,,20261005_190327,1
1791194691632,watch1,73,64,9,9,playing,watch2,highest_diff,,watch1,True,10,a,1791194690760,,,0,,,0,,,20261005_190327,1
1791194691632,watch2,74,66,8,8,playing,watch2,highest_diff,,watch1,False,10,a,1791194690372,,,0,,,0,,,20261005_190327,1
1791194691632,watch3,73,64,9,9,playing,watch2,highest_diff,,watch1,False,10,a,1791194690051,,,0,,,0,,,20261005_190327,1
1791194692813,watch1,73,64,9,9,playing,watch2,highest_diff,,watch1,True,10,a,1791194691810,,,0,,,0,,,20261005_190327,1
1791194692813,watch2,73,66,7,7,playing,watch2,highest_diff,,watch1,False,10,a,1791194692367,,,0,,,0,,,20261005_190327,1
1791194692813,watch3,73,64,9,9,playing,watch2,highest_diff,,watch1,False,10,a,1791194691810,,,0,,,0,,,20261005_190327,1
1791194693963,watch1,73,64,9,9,playing,watch2,highest_diff,,watch1,True,10,c,1791194693002,,,0,,,0,,,20261005_190327,1
1791194693963,watch2,73,66,7,7,playing,watch2,highest_diff,,watch1,False,10,c,1791194692367,,,0,,,0,,,20261005_190327,1
1791194693963,watch3,73,64,9,9,playing,watch2,highest_diff,,watch1,False,10,c,1791194693002,,,0,,,0,,,20261005_190327,1
1791194695135,watch1,73,64,9,9,playing,watch2,highest_diff,,watch1,True,10,c,1791194694161,,,0,,,0,,,20261005_190327,1
1791194695135,watch2,73,66,7,7,playing,watch2,highest_diff,,watch1,False,10,c,1791194694161,,,0,,,0,,,20261005_190327,1
1791194695135,watch3,74,64,10,10,playing,watch2,highest_diff,,watch1,False,10,c,1791194694068,,,0,,,0,,,20261005_190327,1
1791194696364,watch1,73,64,9,9,playing,watch2,highest_diff,,watch3,False,10,c,1791194695263,,,0,,,0,,,20261005_190327,1
1791194696364,watch2,74,66,8,8,playing,watch2,highest_diff,,watch3,False,10,c,1791194695399,,,0,,,0,,,20261005_190327,1
1791194696364,watch3,75,64,11,11,playing,watch2,highest_diff,,watch3,True,10,c,1791194696079,,,0,,,0,,,20261005_190327,1
1791194698033,watch1,74,64,10,10,playing,watch2,highest_diff,,watch1,True,20,a,1791194696836,,,0,,,0,,,20261005_190327,1
1791194698033,watch2,75,66,9,9,playing,watch2,highest_diff,,watch1,False,20,a,1791194697598,,,0,,,0,,,20261005_190327,1
1791194698033,watch3,75,64,11,11,playing,watch2,highest_diff,,watch1,False,20,a,1791194697598,,,0,,,0,,,20261005_190327,1
1791194706671,watch1,73,64,9,9,playing,watch3,highest_diff,,watch2,False,10,c,1791194703034,,,0,,,0,,,20261005_190327,1
1791194706671,watch2,74,66,8,8,playing,watch3,highest_diff,,watch2,True,10,c,1791194706076,,,0,,,0,,,20261005_190327,1
1791194706671,watch3,74,64,10,10,playing,watch3,highest_diff,,watch2,False,10,c,1791194703825,,,0,,,0,,,20261005_190327,1
1791194710591,watch1,73,64,9,9,playing,watch3,highest_diff,,watch1,True,10,c,1791194703034,,,0,,,0,,,20261005_190327,1
1791194710591,watch2,72,66,6,6,playing,watch3,highest_diff,,watch1,False,10,c,1791194707629,,,0,,,0,,,20261005_190327,1
1791194710591,watch3,71,64,7,7,playing,watch3,highest_diff,,watch1,False,10,c,1791194709112,,,0,,,0,,,20261005_190327,1
1791194712258,watch1,73,64,9,9,playing,watch3,highest_diff,,watch1,True,10,c,1791194703034,,,0,,,0,,,20261005_190327,1
1791194712258,watch2,71,66,5,5,playing,watch3,highest_diff,,watch1,False,10,c,1791194710763,,,0,,,0,,,20261005_190327,1
1791194712258,watch3,70,64,6,6,playing,watch3,highest_diff,,watch1,False,10,c,1791194711665,,,0,,,0,,,20261005_190327,1
1791194714093,watch1,71,64,7,7,playing,watch3,highest_diff,,watch1,True,10,a,1791194712878,,,0,,,0,,,20261005_190327,1
1791194714093,watch2,70,66,4,4,playing,watch3,highest_diff,,watch1,False,10,a,1791194712259,,,0,,,0,,,20261005_190327,1
1791194714093,watch3,69,64,5,5,playing,watch3,highest_diff,,watch1,False,10,a,1791194713746,,,0,,,0,,,20261005_190327,1
1791194716300,watch1,72,64,8,8,playing,watch3,highest_diff,,watch1,True,10,a,1791194714917,,,0,,,0,,,20261005_190327,1
1791194716300,watch2,70,66,4,4,playing,watch3,highest_diff,,watch1,False,10,a,1791194714429,,,0,,,0,,,20261005_190327,1
1791194716300,watch3,72,64,8,8,playing,watch3,highest_diff,,watch1,False,10,a,1791194715423,,,0,,,0,,,20261005_190327,1
1791194719032,watch1,74,64,10,10,playing,watch3,highest_diff,,watch2,False,10,a,1791194718423,,,0,,,0,,,20261005_190327,1
1791194719032,watch2,76,66,10,10,playing,watch3,highest_diff,,watch2,True,10,a,1791194718532,,,0,,,0,,,20261005_190327,1
1791194719032,watch3,74,64,10,10,playing,watch3,highest_diff,,watch2,False,10,a,1791194717799,,,0,,,0,,,20261005_190327,1
1791194720169,watch1,74,64,10,10,playing,watch3,highest_diff,,watch2,False,10,a,1791194718423,,,0,,,0,,,20261005_190327,1
1791194720169,watch2,76,66,10,10,playing,watch3,highest_diff,,watch2,True,10,a,1791194718532,,,0,,,0,,,20261005_190327,1
1791194720169,watch3,74,64,10,10,playing,watch3,highest_diff,,watch2,False,10,a,1791194719319,,,0,,,0,,,20261005_190327,1
1791194721372,watch1,74,64,10,10,playing,watch3,highest_diff,,watch2,False,10,a,1791194720350,,,0,,,0,,,20261005_190327,1
1791194721372,watch2,76,66,10,10,playing,watch3,highest_diff,,watch2,True,10,a,1791194720350,,,0,,,0,,,20261005_190327,1
1791194721372,watch3,75,64,11,11,playing,watch3,highest_diff,,watch2,False,10,a,1791194721168,,,0,,,0,,,20261005_190327,1
1791194722566,watch1,74,64,10,10,playing,watch3,highest_diff,,watch2,False,10,a,1791194721563,,,0,,,0,,,20261005_190327,1
1791194722566,watch2,76,66,10,10,playing,watch3,highest_diff,,watch2,True,10,a,1791194721563,,,0,,,0,,,20261005_190327,1
1791194722566,watch3,75,64,11,11,playing,watch3,highest_diff,,watch2,False,10,a,1791194721168,,,0,,,0,,,20261005_190327,1
1791194724861,watch1,74,64,10,10,playing,watch3,highest_diff,,watch2,False,10,a,1791194723756,,,0,,,0,,,20261005_190327,1
1791194724861,watch2,76,66,10,10,playing,watch3,highest_diff,,watch2,True,10,a,1791194723756,,,0,,,0,,,20261005_190327,1
1791194724861,watch3,75,64,11,11,playing,watch3,highest_diff,,watch2,False,10,a,1791194723756,,,0,,,0,,,20261005_190327,1
1791194726104,watch1,73,64,9,9,playing,watch3,highest_diff,,watch2,False,10,a,1791194726014,,,0,,,0,,,20261005_190327,1
1791194726104,watch2,76,66,10,10,playing,watch3,highest_diff,,watch2,True,10,a,1791194724890,,,0,,,0,,,20261005_190327,1
1791194726104,watch3,75,64,11,11,playing,watch3,highest_diff,,watch2,False,10,a,1791194724890,,,0,,,0,,,20261005_190327,1
1791194727362,watch1,73,64,9,9,playing,watch3,highest_diff,,watch2,False,10,c,1791194727283,,,0,,,0,,,20261005_190327,1
1791194727362,watch2,77,66,11,11,playing,watch3,highest_diff,,watch2,True,10,c,1791194726574,,,0,,,0,,,20261005_190327,1
1791194727362,watch3,73,64,9,9,playing,watch3,highest_diff,,watch2,False,10,c,1791194727180,,,0,,,0,,,20261005_190327,1
1791194728546,watch1,73,64,9,9,playing,watch3,highest_diff,,watch2,False,10,c,1791194728321,,,0,,,0,,,20261005_190327,1
1791194728546,watch2,77,66,11,11,playing,watch3,highest_diff,,watch2,True,10,c,1791194728321,,,0,,,0,,,20261005_190327,1
1791194728546,watch3,73,64,9,9,playing,watch3,highest_diff,,watch2,False,10,c,1791194728321,,,0,,,0,,,20261005_190327,1
1791194729764,watch1,73,64,9,9,playing,watch3,highest_diff,,watch2,False,10,a,1791194729483,,,0,,,0,,,20261005_190327,1
1791194729764,watch2,76,66,10,10,playing,watch3,highest_diff,,watch2,True,10,a,1791194729584,,,0,,,0,,,20261005_190327,1
1791194729764,watch3,74,64,10,10,playing,watch3,highest_diff,,watch2,False,10,a,1791194729197,,,0,,,0,,,20261005_190327,1
1791194730929,watch1,73,64,9,9,playing,watch3,highest_diff,,watch2,False,10,a,1791194730569,,,0,,,0,,,20261005_190327,1
1791194730929,watch2,76,66,10,10,playing,watch3,highest_diff,,watch2,True,10,a,1791194729584,,,0,,,0,,,20261005_190327,1
1791194730929,watch3,74,64,10,10,playing,watch3,highest_diff,,watch2,False,10,a,1791194730569,,,0,,,0,,,20261005_190327,1
1791194732108,watch1,74,64,10,10,playing,watch3,highest_diff,,watch2,False,10,a,1791194732047,,,0,,,0,,,20261005_190327,1
1791194732108,watch2,77,66,11,11,playing,watch3,highest_diff,,watch2,True,10,a,1791194731623,,,0,,,0,,,20261005_190327,1
1791194732108,watch3,75,64,11,11,playing,watch3,highest_diff,,watch2,False,10,a,1791194731215,,,0,,,0,,,20261005_190327,1
1791194733283,watch1,74,64,10,10,playing,watch3,highest_diff,,watch2,False,10,a,1791194732047,,,0,,,0,,,20261005_190327,1
1791194733283,watch2,77,66,11,11,playing,watch3,highest_diff,,watch2,True,10,a,1791194732783,,,0,,,0,,,20261005_190327,1
1791194733283,watch3,75,64,11,11,playing,watch3,highest_diff,,watch2,False,10,a,1791194732783,,,0,,,0,,,20261005_190327,1
1791194734419,watch1,73,64,9,9,playing,watch3,highest_diff,,watch2,False,10,a,1791194734072,,,0,,,0,,,20261005_190327,1
1791194734419,watch2,77,66,11,11,playing,watch3,highest_diff,,watch2,True,10,a,1791194733839,,,0,,,0,,,20261005_190327,1
1791194734419,watch3,75,64,11,11,playing,watch3,highest_diff,,watch2,False,10,a,1791194733839,,,0,,,0,,,20261005_190327,1
1791194735611,watch1,73,64,9,9,playing,watch3,highest_diff,,watch2,False,10,a,1791194734072,,,0,,,0,,,20261005_190327,1
1791194735611,watch2,77,66,11,11,playing,watch3,highest_diff,,watch2,True,10,a,1791194735032,,,0,,,0,,,20261005_190327,1
1791194735611,watch3,75,64,11,11,playing,watch3,highest_diff,,watch2,False,10,a,1791194735032,,,0,,,0,,,20261005_190327,1
1791194741400,watch1,73,64,9,9,playing,watch3,highest_diff,,watch2,False,20,c,1791194737343,,,0,,,0,,,20261005_190327,1
1791194741400,watch2,78,66,12,12,playing,watch3,highest_diff,,watch2,True,20,c,1791194740480,,,0,,,0,,,20261005_190327,1
1791194741400,watch3,75,64,11,11,playing,watch3,highest_diff,,watch2,False,20,c,1791194737343,,,0,,,0,,,20261005_190327,1
1791194742873,watch1,73,64,9,9,playing,watch3,highest_diff,,watch2,False,20,a,1791194741466,,,0,,,0,,,20261005_190327,1
1791194742873,watch2,77,66,11,11,playing,watch3,highest_diff,,watch2,True,20,a,1791194742681,,,0,,,0,,,20261005_190327,1
1791194742873,watch3,75,64,11,11,playing,watch3,highest_diff,,watch2,False,20,a,1791194741466,,,0,,,0,,,20261005_190327,1
1791194746243,watch1,73,64,9,9,playing,watch3,highest_diff,,watch2,False,10,c,1791194745159,,,0,,,0,,,20261005_190327,1
1791194746243,watch2,74,66,8,8,playing,watch3,highest_diff,,watch2,True,10,c,1791194744737,,,0,,,0,,,20261005_190327,1
1791194746243,watch3,73,64,9,9,playing,watch3,highest_diff,,watch2,False,10,c,1791194745370,,,0,,,0,,,20261005_190327,1
1791194747517,watch1,73,64,9,9,playing,watch3,highest_diff,,watch1,True,10,c,1791194746825,,,0,,,0,,,20261005_190327,1
1791194747517,watch2,73,66,7,7,playing,watch3,highest_diff,,watch1,False,10,c,1791194746987,,,0,,,0,,,20261005_190327,1
1791194747517,watch3,72,64,8,8,playing,watch3,highest_diff,,watch1,False,10,c,1791194746360,,,0,,,0,,,20261005_190327,1
1791194748680,watch1,73,64,9,9,playing,watch3,highest_diff,,watch1,True,10,c,1791194747987,,,0,,,0,,,20261005_190327,1
1791194748680,watch2,73,66,7,7,playing,watch3,highest_diff,,watch1,False,10,c,1791194747987,,,0,,,0,,,20261005_190327,1
1791194748680,watch3,72,64,8,8,playing,watch3,highest_diff,,watch1,False,10,c,1791194747987,,,0,,,0,,,20261005_190327,1
1791194749857,watch1,72,64,8,8,playing,watch3,highest_diff,,watch1,True,10,a,1791194749164,,,0,,,0,,,20261005_190327,1
1791194749857,watch2,72,66,6,6,playing,watch3,highest_diff,,watch1,False,10,a,1791194748738,,,0,,,0,,,20261005_190327,1
1791194749857,watch3,72,64,8,8,playing,watch3,highest_diff,,watch1,False,10,a,1791194749087,,,0,,,0,,,20261005_190327,1
1791194751076,watch1,72,64,8,8,playing,watch3,highest_diff,,watch1,True,10,c,1791194749164,,,0,,,0,,,20261005_190327,1
1791194751076,watch2,72,66,6,6,playing,watch3,highest_diff,,watch1,False,10,c,1791194750163,,,0,,,0,,,20261005_190327,1
1791194751076,watch3,72,64,8,8,playing,watch3,highest_diff,,watch1,False,10,c,1791194750163,,,0,,,0,,,20261005_190327,1
1791194752254,watch1,73,64,9,9,playing,watch3,highest_diff,,watch1,True,10,a,1791194751166,,,0,,,0,,,20261005_190327,1
1791194752254,watch2,73,66,7,7,playing,watch3,highest_diff,,watch1,False,10,a,1791194751828,,,0,,,0,,,20261005_190327,1
1791194752254,watch3,73,64,9,9,playing,watch3,highest_diff,,watch1,False,10,a,1791194751594,,,0,,,0,,,20261005_190327,1
1791194753422,watch1,73,64,9,9,playing,watch3,highest_diff,,watch1,True,10,c,1791194752588,,,0,,,0,,,20261005_190327,1
1791194753422,watch2,73,66,7,7,playing,watch3,highest_diff,,watch1,False,10,c,1791194751828,,,0,,,0,,,20261005_190327,1
1791194753422,watch3,73,64,9,9,playing,watch3,highest_diff,,watch1,False,10,c,1791194751594,,,0,,,0,,,20261005_190327,1
1791194754604,watch1,73,64,9,9,playing,watch3,highest_diff,,watch1,True,10,c,1791194753643,,,0,,,0,,,20261005_190327,1
1791194754604,watch2,73,66,7,7,playing,watch3,highest_diff,,watch1,False,10,c,1791194753643,,,0,,,0,,,20261005_190327,1
1791194754604,watch3,72,64,8,8,playing,watch3,highest_diff,,watch1,False,10,c,1791194754361,,,0,,,0,,,20261005_190327,1
1791194755797,watch1,73,64,9,9,playing,watch3,highest_diff,,watch1,True,10,c,1791194754790,,,0,,,0,,,20261005_190327,1
1791194755797,watch2,73,66,7,7,playing,watch3,highest_diff,,watch1,False,10,c,1791194754790,,,0,,,0,,,20261005_190327,1
1791194755797,watch3,73,64,9,9,playing,watch3,highest_diff,,watch1,False,10,c,1791194755325,,,0,,,0,,,20261005_190327,1
1791194758112,watch1,73,64,9,9,playing,watch3,highest_diff,,watch1,True,10,a,1791194756942,,,0,,,0,,,20261005_190327,1
1791194758112,watch2,73,66,7,7,playing,watch3,highest_diff,,watch1,False,10,a,1791194756942,,,0,,,0,,,20261005_190327,1
1791194758112,watch3,73,64,9,9,playing,watch3,highest_diff,,watch1,False,10,a,1791194756942,,,0,,,0,,,20261005_190327,1
1791194759270,watch1,73,64,9,9,playing,watch3,highest_diff,,watch1,True,10,a,1791194758152,,,0,,,0,,,20261005_190327,1
1791194759270,watch2,73,66,7,7,playing,watch3,highest_diff,,watch1,False,10,a,1791194758152,,,0,,,0,,,20261005_190327,1
1791194759270,watch3,73,64,9,9,playing,watch3,highest_diff,,watch1,False,10,a,1791194758152,,,0,,,0,,,20261005_190327,1
1791194760647,watch1,73,64,9,9,playing,watch3,highest_diff,,watch1,True,10,c,1791194760431,,,0,,,0,,,20261005_190327,1
1791194760647,watch2,73,66,7,7,playing,watch3,highest_diff,,watch1,False,10,c,1791194760431,,,0,,,0,,,20261005_190327,1
1791194760647,watch3,73,64,9,9,playing,watch3,highest_diff,,watch1,False,10,c,1791194760431,,,0,,,0,,,20261005_190327,1
1791194761861,watch1,73,64,9,9,playing,watch3,highest_diff,,watch1,True,10,c,1791194761626,,,0,,,0,,,20261005_190327,1
1791194761861,watch2,73,66,7,7,playing,watch3,highest_diff,,watch1,False,10,c,1791194761626,,,0,,,0,,,20261005_190327,1
1791194761861,watch3,74,64,10,10,playing,watch3,highest_diff,,watch1,False,10,c,1791194761363,,,0,,,0,,,20261005_190327,1
1791194763550,watch1,73,64,9,9,playing,watch3,highest_diff,,watch1,True,10,a,1791194762731,,,0,,,0,,,20261005_190327,1
1791194763550,watch2,73,66,7,7,playing,watch3,highest_diff,,watch1,False,10,a,1791194762731,,,0,,,0,,,20261005_190327,1
1791194763550,watch3,74,64,10,10,playing,watch3,highest_diff,,watch1,False,10,a,1791194762731,,,0,,,0,,,20261005_190327,1
1791194764799,watch1,73,64,9,9,playing,watch3,highest_diff,,watch1,True,10,a,1791194764267,,,0,,,0,,,20261005_190327,1
1791194764799,watch2,73,66,7,7,playing,watch3,highest_diff,,watch1,False,10,a,1791194764267,,,0,,,0,,,20261005_190327,1
1791194764799,watch3,74,64,10,10,playing,watch3,highest_diff,,watch1,False,10,a,1791194764267,,,0,,,0,,,20261005_190327,1
1791194766115,watch1,73,64,9,9,playing,watch3,highest_diff,,watch2,False,10,a,1791194765584,,,0,,,0,,,20261005_190327,1
1791194766115,watch2,74,66,8,8,playing,watch3,highest_diff,,watch2,True,10,a,1791194765767,,,0,,,0,,,20261005_190327,1
1791194766115,watch3,73,64,9,9,playing,watch3,highest_diff,,watch2,False,10,a,1791194765372,,,0,,,0,,,20261005_190327,1
1791194767336,watch1,73,64,9,9,playing,watch3,highest_diff,,watch1,True,10,a,1791194766716,,,0,,,0,,,20261005_190327,1
1791194767336,watch2,73,66,7,7,playing,watch3,highest_diff,,watch1,False,10,a,1791194766794,,,0,,,0,,,20261005_190327,1
1791194767336,watch3,73,64,9,9,playing,watch3,highest_diff,,watch1,False,10,a,1791194766716,,,0,,,0,,,20261005_190327,1
1791194768505,watch1,73,64,9,9,playing,watch3,highest_diff,,watch1,True,10,c,1791194767793,,,0,,,0,,,20261005_190327,1
1791194768505,watch2,73,66,7,7,playing,watch3,highest_diff,,watch1,False,10,c,1791194766794,,,0,,,0,,,20261005_190327,1
1791194768505,watch3,73,64,9,9,playing,watch3,highest_diff,,watch1,False,10,c,1791194767793,,,0,,,0,,,20261005_190327,1
1791194769723,watch1,73,64,9,9,playing,watch3,highest_diff,,watch1,True,10,c,1791194768930,,,0,,,0,,,20261005_190327,1
1791194769723,watch2,73,66,7,7,playing,watch3,highest_diff,,watch1,False,10,c,1791194768930,,,0,,,0,,,20261005_190327,1
1791194769723,watch3,73,64,9,9,playing,watch3,highest_diff,,watch1,False,10,c,1791194768930,,,0,,,0,,,20261005_190327,1
1791194773171,watch1,73,64,9,9,playing,watch3,highest_diff,,watch1,True,10,a,1791194770211,,,0,,,0,,,20261005_190327,1
1791194773171,watch2,72,66,6,6,playing,watch3,highest_diff,,watch1,False,10,a,1791194770827,,,0,,,0,,,20261005_190327,1
1791194773171,watch3,73,64,9,9,playing,watch3,highest_diff,,watch1,False,10,a,1791194770211,,,0,,,0,,,20261005_190327,1
1791194774512,watch1,72,64,8,8,playing,watch3,highest_diff,,watch1,True,10,a,1791194774269,,,0,,,0,,,20261005_190327,1
1791194774512,watch2,70,66,4,4,playing,watch3,highest_diff,,watch1,False,10,a,1791194773926,,,0,,,0,,,20261005_190327,1
1791194774512,watch3,70,64,6,6,playing,watch3,highest_diff,,watch1,False,10,a,1791194774044,,,0,,,0,,,20261005_190327,1
1791194777491,watch1,70,64,6,6,playing,watch3,highest_diff,,watch1,True,10,a,1791194776312,,,0,,,0,,,20261005_190327,1
1791194777491,watch2,66,66,0,0,playing,watch3,highest_diff,,watch1,False,10,a,1791194777378,,,0,,,0,,,20261005_190327,1
1791194777491,watch3,67,64,3,3,playing,watch3,highest_diff,,watch1,False,10,a,1791194776986,,,0,,,0,,,20261005_190327,1
1791194779202,watch1,69,64,5,5,playing,watch3,highest_diff,,watch1,True,20,c,1791194778759,,,0,,,0,,,20261005_190327,1
1791194779202,watch2,66,66,0,0,playing,watch3,highest_diff,,watch1,False,20,c,1791194777378,,,0,,,0,,,20261005_190327,1
1791194779202,watch3,66,64,2,2,playing,watch3,highest_diff,,watch1,False,20,c,1791194777961,,,0,,,0,,,20261005_190327,1
1791194780919,watch1,68,64,4,4,playing,watch3,highest_diff,,watch1,True,20,a,1791194780334,,,0,,,0,,,20261005_190327,1
1791194780919,watch2,65,66,-1,1,playing,watch3,highest_diff,,watch1,False,20,a,1791194779845,,,0,,,0,,,20261005_190327,1
1791194780919,watch3,65,64,1,1,playing,watch3,highest_diff,,watch1,False,20,a,1791194780751,,,0,,,0,,,20261005_190327,1
1791194782182,watch1,67,64,3,3,playing,watch3,highest_diff,,watch1,True,20,a,1791194781323,,,0,,,0,,,20261005_190327,1
1791194782182,watch2,65,66,-1,1,playing,watch3,highest_diff,,watch1,False,20,a,1791194781915,,,0,,,0,,,20261005_190327,1
1791194782182,watch3,65,64,1,1,playing,watch3,highest_diff,,watch1,False,20,a,1791194781915,,,0,,,0,,,20261005_190327,1
1791194783341,watch1,67,64,3,3,playing,watch3,highest_diff,,watch1,True,20,a,1791194783115,,,0,,,0,,,20261005_190327,1
1791194783341,watch2,67,66,1,1,playing,watch3,highest_diff,,watch1,False,20,a,1791194782912,,,0,,,0,,,20261005_190327,1
1791194783341,watch3,65,64,1,1,playing,watch3,highest_diff,,watch1,False,20,a,1791194783115,,,0,,,0,,,20261005_190327,1
1791194787374,watch1,68,64,4,4,playing,watch3,highest_diff,,watch2,False,20,a,1791194787279,,,0,,,0,,,20261005_190327,1
1791194787374,watch2,69,66,3,3,playing,watch3,highest_diff,,watch2,True,20,a,1791194787087,,,0,,,0,,,20261005_190327,1
1791194787374,watch3,68,64,4,4,playing,watch3,highest_diff,,watch2,False,20,a,1791194786857,,,0,,,0,,,20261005_190327,1
1791194788770,watch1,69,64,5,5,playing,watch3,highest_diff,,watch2,False,20,a,1791194787377,,,0,,,0,,,20261005_190327,1
1791194788770,watch2,70,66,4,4,playing,watch3,highest_diff,,watch2,True,20,a,1791194787956,,,0,,,0,,,20261005_190327,1
1791194788770,watch3,71,64,7,7,playing,watch3,highest_diff,,watch2,False,20,a,1791194788457,,,0,,,0,,,20261005_190327,1
1791194790164,watch1,70,64,6,6,playing,watch3,highest_diff,,watch2,False,10,c,1791194789390,,,0,,,0,,,20261005_190327,1
1791194790164,watch2,71,66,5,5,playing,watch3,highest_diff,,watch2,True,10,c,1791194788969,,,0,,,0,,,20261005_190327,1
1791194790164,watch3,71,64,7,7,playing,watch3,highest_diff,,watch2,False,10,c,1791194788457,,,0,,,0,,,20261005_190327,1
1791194791681,watch1,70,64,6,6,playing,watch3,highest_diff,,watch2,False,10,c,1791194789390,,,0,,,0,,,20261005_190327,1
1791194791681,watch2,71,66,5,5,playing,watch3,highest_diff,,watch2,True,10,c,1791194791616,,,0,,,0,,,20261005_190327,1
1791194791681,watch3,71,64,7,7,playing,watch3,highest_diff,,watch2,False,10,c,1791194790369,,,0,,,0,,,20261005_190327,1
1791194793085,watch1,70,64,6,6,playing,watch3,highest_diff,,watch2,False,10,c,1791194791616,,,0,,,0,,,20261005_190327,1
1791194793085,watch2,72,66,6,6,playing,watch3,highest_diff,,watch2,True,10,c,1791194793006,,,0,,,0,,,20261005_190327,1
1791194793085,watch3,71,64,7,7,playing,watch3,highest_diff,,watch2,False,10,c,1791194791616,,,0,,,0,,,20261005_190327,1
1791194798406,watch1,70,64,6,6,playing,watch3,highest_diff,,watch2,False,10,c,1791194794844,,,0,,,0,,,20261005_190327,1
1791194798406,watch2,71,66,5,5,playing,watch3,highest_diff,,watch2,True,10,c,1791194797597,,,0,,,0,,,20261005_190327,1
1791194798406,watch3,71,64,7,7,playing,watch3,highest_diff,,watch2,False,10,c,1791194797117,,,0,,,0,,,20261005_190327,1
1791194799836,watch1,70,64,6,6,playing,watch3,highest_diff,,watch2,False,10,a,1791194798760,,,0,,,0,,,20261005_190327,1
1791194799836,watch2,71,66,5,5,playing,watch3,highest_diff,,watch2,True,10,a,1791194799043,,,0,,,0,,,20261005_190327,1
1791194799836,watch3,70,64,6,6,playing,watch3,highest_diff,,watch2,False,10,a,1791194799519,,,0,,,0,,,20261005_190327,1
1791194801161,watch1,70,64,6,6,playing,watch3,highest_diff,,watch1,True,10,a,1791194800958,,,0,,,0,,,20261005_190327,1
1791194801161,watch2,69,66,3,3,playing,watch3,highest_diff,,watch1,False,10,a,1791194801075,,,0,,,0,,,20261005_190327,1
1791194801161,watch3,69,64,5,5,playing,watch3,highest_diff,,watch1,False,10,a,1791194800624,,,0,,,0,,,20261005_190327,1
1791194802393,watch1,69,64,5,5,playing,watch3,highest_diff,,watch1,True,20,a,1791194801463,,,0,,,0,,,20261005_190327,1
1791194802393,watch2,69,66,3,3,playing,watch3,highest_diff,,watch1,False,20,a,1791194801075,,,0,,,0,,,20261005_190327,1
1791194802393,watch3,69,64,5,5,playing,watch3,highest_diff,,watch1,False,20,a,1791194802000,,,0,,,0,,,20261005_190327,1
1791194803547,watch1,69,64,5,5,playing,watch3,highest_diff,,watch1,True,20,a,1791194803044,,,0,,,0,,,20261005_190327,1
1791194803547,watch2,69,66,3,3,playing,watch3,highest_diff,,watch1,False,20,a,1791194803044,,,0,,,0,,,20261005_190327,1
1791194803547,watch3,69,64,5,5,playing,watch3,highest_diff,,watch1,False,20,a,1791194803044,,,0,,,0,,,20261005_190327,1
1791194804928,watch1,70,64,6,6,playing,watch3,highest_diff,,watch1,True,10,c,1791194804488,,,0,,,0,,,20261005_190327,1
1791194804928,watch2,70,66,4,4,playing,watch3,highest_diff,,watch1,False,10,c,1791194804108,,,0,,,0,,,20261005_190327,1
1791194804928,watch3,70,64,6,6,playing,watch3,highest_diff,,watch1,False,10,c,1791194804678,,,0,,,0,,,20261005_190327,1
1791194806081,watch1,70,64,6,6,playing,watch3,highest_diff,,watch1,True,10,c,1791194804488,,,0,,,0,,,20261005_190327,1
1791194806081,watch2,70,66,4,4,playing,watch3,highest_diff,,watch1,False,10,c,1791194805340,,,0,,,0,,,20261005_190327,1
1791194806081,watch3,70,64,6,6,playing,watch3,highest_diff,,watch1,False,10,c,1791194804678,,,0,,,0,,,20261005_190327,1
1791194807276,watch1,70,64,6,6,playing,watch3,highest_diff,,watch1,True,10,c,1791194806373,,,0,,,0,,,20261005_190327,1
1791194807276,watch2,70,66,4,4,playing,watch3,highest_diff,,watch1,False,10,c,1791194806373,,,0,,,0,,,20261005_190327,1
1791194807276,watch3,71,64,7,7,playing,watch3,highest_diff,,watch1,False,10,c,1791194806547,,,0,,,0,,,20261005_190327,1
1791194808482,watch1,70,64,6,6,playing,watch3,highest_diff,,watch2,False,10,c,1791194807495,,,0,,,0,,,20261005_190327,1
1791194808482,watch2,72,66,6,6,playing,watch3,highest_diff,,watch2,True,10,c,1791194808132,,,0,,,0,,,20261005_190327,1
1791194808482,watch3,71,64,7,7,playing,watch3,highest_diff,,watch2,False,10,c,1791194806547,,,0,,,0,,,20261005_190327,1
1791194810018,watch1,71,64,7,7,playing,watch3,highest_diff,,watch2,False,10,c,1791194808524,,,0,,,0,,,20261005_190327,1
1791194810018,watch2,72,66,6,6,playing,watch3,highest_diff,,watch2,True,10,c,1791194809168,,,0,,,0,,,20261005_190327,1
1791194810018,watch3,73,64,9,9,playing,watch3,highest_diff,,watch2,False,10,c,1791194809674,,,0,,,0,,,20261005_190327,1
1791194811244,watch1,71,64,7,7,playing,watch3,highest_diff,,watch2,False,10,a,1791194810243,,,0,,,0,,,20261005_190327,1
1791194811244,watch2,72,66,6,6,playing,watch3,highest_diff,,watch2,True,10,a,1791194810243,,,0,,,0,,,20261005_190327,1
1791194811244,watch3,72,64,8,8,playing,watch3,highest_diff,,watch2,False,10,a,1791194810552,,,0,,,0,,,20261005_190327,1
1791194812466,watch1,71,64,7,7,playing,watch3,highest_diff,,watch1,True,10,a,1791194812423,,,0,,,0,,,20261005_190327,1
1791194812466,watch2,70,66,4,4,playing,watch3,highest_diff,,watch1,False,10,a,1791194812139,,,0,,,0,,,20261005_190327,1
1791194812466,watch3,72,64,8,8,playing,watch3,highest_diff,,watch1,False,10,a,1791194810552,,,0,,,0,,,20261005_190327,1
1791194813831,watch1,71,64,7,7,playing,watch3,highest_diff,,watch1,True,10,c,1791194813742,,,0,,,0,,,20261005_190327,1
1791194813831,watch2,69,66,3,3,playing,watch3,highest_diff,,watch1,False,10,c,1791194813148,,,0,,,0,,,20261005_190327,1
1791194813831,watch3,69,64,5,5,playing,watch3,highest_diff,,watch1,False,10,c,1791194813570,,,0,,,0,,,20261005_190327,1
1791194815042,watch1,70,64,6,6,playing,watch3,highest_diff,,watch1,True,10,c,1791194814561,,,0,,,0,,,20261005_190327,1
1791194815042,watch2,68,66,2,2,playing,watch3,highest_diff,,watch1,False,10,c,1791194814159,,,0,,,0,,,20261005_190327,1
1791194815042,watch3,69,64,5,5,playing,watch3,highest_diff,,watch1,False,10,c,1791194814787,,,0,,,0,,,20261005_190327,1
1791194816340,watch1,70,64,6,6,playing,watch3,highest_diff,,watch1,True,10,c,1791194815818,,,0,,,0,,,20261005_190327,1
1791194816340,watch2,68,66,2,2,playing,watch3,highest_diff,,watch1,False,10,c,1791194815818,,,0,,,0,,,20261005_190327,1
1791194816340,watch3,69,64,5,5,playing,watch3,highest_diff,,watch1,False,10,c,1791194815818,,,0,,,0,,,20261005_190327,1
1791194817941,watch1,70,64,6,6,playing,watch3,highest_diff,,watch1,True,10,a,1791194816983,,,0,,,0,,,20261005_190327,1
1791194817941,watch2,70,66,4,4,playing,watch3,highest_diff,,watch1,False,10,a,1791194817322,,,0,,,0,,,20261005_190327,1
1791194817941,watch3,70,64,6,6,playing,watch3,highest_diff,,watch1,False,10,a,1791194817750,,,0,,,0,,,20261005_190327,1
1791194819505,watch1,70,64,6,6,playing,watch3,highest_diff,,watch2,False,10,a,1791194819432,,,0,,,0,,,20261005_190327,1
1791194819505,watch2,71,66,5,5,playing,watch3,highest_diff,,watch2,True,10,a,1791194819188,,,0,,,0,,,20261005_190327,1
1791194819505,watch3,71,64,7,7,playing,watch3,highest_diff,,watch2,False,10,a,1791194818603,,,0,,,0,,,20261005_190327,1
1791194820855,watch1,70,64,6,6,playing,watch3,highest_diff,,watch2,False,10,a,1791194820489,,,0,,,0,,,20261005_190327,1
1791194820855,watch2,71,66,5,5,playing,watch3,highest_diff,,watch2,True,10,a,1791194820489,,,0,,,0,,,20261005_190327,1
1791194820855,watch3,71,64,7,7,playing,watch3,highest_diff,,watch2,False,10,a,1791194820489,,,0,,,0,,,20261005_190327,1
1791194822186,watch1,70,64,6,6,playing,watch3,highest_diff,,watch1,True,10,a,1791194821982,,,0,,,0,,,20261005_190327,1
1791194822186,watch2,70,66,4,4,playing,watch3,highest_diff,,watch1,False,10,a,1791194821202,,,0,,,0,,,20261005_190327,1
1791194822186,watch3,70,64,6,6,playing,watch3,highest_diff,,watch1,False,10,a,1791194821653,,,0,,,0,,,20261005_190327,1
1791194823711,watch1,70,64,6,6,playing,watch3,highest_diff,,watch1,True,10,a,1791194823036,,,0,,,0,,,20261005_190327,1
1791194823711,watch2,68,66,2,2,playing,watch3,highest_diff,,watch1,False,10,a,1791194823248,,,0,,,0,,,20261005_190327,1
1791194823711,watch3,69,64,5,5,playing,watch3,highest_diff,,watch1,False,10,a,1791194822615,,,0,,,0,,,20261005_190327,1
1791194825359,watch1,69,64,5,5,playing,watch3,highest_diff,,watch1,True,20,a,1791194824241,,,0,,,0,,,20261005_190327,1
1791194825359,watch2,67,66,1,1,playing,watch3,highest_diff,,watch1,False,20,a,1791194824698,,,0,,,0,,,20261005_190327,1
1791194825359,watch3,67,64,3,3,playing,watch3,highest_diff,,watch1,False,20,a,1791194824987,,,0,,,0,,,20261005_190327,1
1791194826745,watch1,68,64,4,4,playing,watch3,highest_diff,,watch1,True,20,c,1791194825635,,,0,,,0,,,20261005_190327,1
1791194826745,watch2,67,66,1,1,playing,watch3,highest_diff,,watch1,False,20,c,1791194825969,,,0,,,0,,,20261005_190327,1
1791194826745,watch3,67,64,3,3,playing,watch3,highest_diff,,watch1,False,20,c,1791194824987,,,0,,,0,,,20261005_190327,1
1791194828058,watch1,68,64,4,4,playing,watch3,highest_diff,,watch1,True,20,c,1791194827094,,,0,,,0,,,20261005_190327,1
1791194828058,watch2,67,66,1,1,playing,watch3,highest_diff,,watch1,False,20,c,1791194827094,,,0,,,0,,,20261005_190327,1
1791194828058,watch3,67,64,3,3,playing,watch3,highest_diff,,watch1,False,20,c,1791194827094,,,0,,,0,,,20261005_190327,1
1791194829314,watch1,68,64,4,4,playing,watch3,highest_diff,,watch1,True,20,a,1791194828680,,,0,,,0,,,20261005_190327,1
1791194829314,watch2,66,66,0,0,playing,watch3,highest_diff,,watch1,False,20,a,1791194828282,,,0,,,0,,,20261005_190327,1
1791194829314,watch3,66,64,2,2,playing,watch3,highest_diff,,watch1,False,20,a,1791194828828,,,0,,,0,,,20261005_190327,1
1791194831094,watch1,67,64,3,3,playing,watch3,highest_diff,,watch1,True,20,a,1791194829666,,,0,,,0,,,20261005_190327,1
1791194831094,watch2,65,66,-1,1,playing,watch3,highest_diff,,watch1,False,20,a,1791194830296,,,0,,,0,,,20261005_190327,1
1791194831094,watch3,65,64,1,1,playing,watch3,highest_diff,,watch1,False,20,a,1791194830762,,,0,,,0,,,20261005_190327,1
1791194832554,watch1,66,64,2,2,playing,watch3,highest_diff,,watch1,True,20,c,1791194831785,,,0,,,0,,,20261005_190327,1
1791194832554,watch2,64,66,-2,2,playing,watch3,highest_diff,,watch1,False,20,c,1791194832389,,,0,,,0,,,20261005_190327,1
1791194832554,watch3,65,64,1,1,playing,watch3,highest_diff,,watch1,False,20,c,1791194830762,,,0,,,0,,,20261005_190327,1
1791194834082,watch1,66,64,2,2,playing,watch3,highest_diff,,watch1,True,20,c,1791194833698,,,0,,,0,,,20261005_190327,1
1791194834082,watch2,64,66,-2,2,playing,watch3,highest_diff,,watch1,False,20,c,1791194833698,,,0,,,0,,,20261005_190327,1
1791194834082,watch3,64,64,0,0,playing,watch3,highest_diff,,watch1,False,20,c,1791194832715,,,0,,,0,,,20261005_190327,1
1791194847407,watch1,66,64,2,2,playing,watch3,highest_diff,,watch1,True,20,a,1791194834979,,,0,,,0,,,20261005_190327,1
1791194847407,watch2,65,66,-1,1,playing,watch3,highest_diff,,watch1,False,20,a,1791194847083,,,0,,,0,,,20261005_190327,1
1791194847407,watch3,64,64,0,0,playing,watch3,highest_diff,,watch1,False,20,a,1791194834979,,,0,,,0,,,20261005_190327,1
1791194849100,watch1,65,64,1,1,playing,watch3,highest_diff,,watch1,True,30,a,1791194848574,,,0,,,0,,,20261005_190327,1
1791194849100,watch2,65,66,-1,1,playing,watch3,highest_diff,,watch1,False,30,a,1791194847083,,,0,,,0,,,20261005_190327,1
1791194849100,watch3,65,64,1,1,playing,watch3,highest_diff,,watch1,False,30,a,1791194847934,,,0,,,0,,,20261005_190327,1
1791194850981,watch1,66,64,2,2,playing,watch3,highest_diff,,watch1,True,20,c,1791194850590,,,0,,,0,,,20261005_190327,1
1791194850981,watch2,66,66,0,0,playing,watch3,highest_diff,,watch1,False,20,c,1791194849445,,,0,,,0,,,20261005_190327,1
1791194850981,watch3,66,64,2,2,playing,watch3,highest_diff,,watch1,False,20,c,1791194850053,,,0,,,0,,,20261005_190327,1
1791194852644,watch1,65,64,1,1,playing,watch3,highest_diff,,watch1,True,30,c,1791194852064,,,0,,,0,,,20261005_190327,1
1791194852644,watch2,64,66,-2,2,playing,watch3,highest_diff,,watch1,False,30,c,1791194852252,,,0,,,0,,,20261005_190327,1
1791194852644,watch3,64,64,0,0,playing,watch3,highest_diff,,watch1,False,30,c,1791194852443,,,0,,,0,,,20261005_190327,1
1791194854123,watch1,66,64,2,2,playing,watch3,highest_diff,,watch2,False,20,c,1791194853537,,,0,,,0,,,20261005_190327,1
1791194854123,watch2,67,66,1,1,playing,watch3,highest_diff,,watch2,True,20,c,1791194853776,,,0,,,0,,,20261005_190327,1
1791194854123,watch3,67,64,3,3,playing,watch3,highest_diff,,watch2,False,20,c,1791194853992,,,0,,,0,,,20261005_190327,1
1791194855845,watch1,68,64,4,4,playing,watch3,highest_diff,,watch2,False,20,c,1791194854797,,,0,,,0,,,20261005_190327,1
1791194855845,watch2,70,66,4,4,playing,watch3,highest_diff,,watch2,True,20,c,1791194855696,,,0,,,0,,,20261005_190327,1
1791194855845,watch3,69,64,5,5,playing,watch3,highest_diff,,watch2,False,20,c,1791194855190,,,0,,,0,,,20261005_190327,1
1791194857566,watch1,69,64,5,5,playing,watch3,highest_diff,,watch2,False,10,c,1791194856505,,,0,,,0,,,20261005_190327,1
1791194857566,watch2,71,66,5,5,playing,watch3,highest_diff,,watch2,True,10,c,1791194856965,,,0,,,0,,,20261005_190327,1
1791194857566,watch3,71,64,7,7,playing,watch3,highest_diff,,watch2,False,10,c,1791194857408,,,0,,,0,,,20261005_190327,1
1791194859253,watch1,69,64,5,5,playing,watch3,highest_diff,,watch1,True,20,c,1791194858306,,,0,,,0,,,20261005_190327,1
1791194859253,watch2,69,66,3,3,playing,watch3,highest_diff,,watch1,False,20,c,1791194858862,,,0,,,0,,,20261005_190327,1
1791194859253,watch3,70,64,6,6,playing,watch3,highest_diff,,watch1,False,20,c,1791194857917,,,0,,,0,,,20261005_190327,1
1791194860707,watch1,69,64,5,5,playing,watch3,highest_diff,,watch1,True,20,c,1791194859713,,,0,,,0,,,20261005_190327,1
1791194860707,watch2,69,66,3,3,playing,watch3,highest_diff,,watch1,False,20,c,1791194858862,,,0,,,0,,,20261005_190327,1
1791194860707,watch3,69,64,5,5,playing,watch3,highest_diff,,watch1,False,20,c,1791194859277,,,0,,,0,,,20261005_190327,1
1791194864302,watch1,68,64,4,4,playing,watch3,highest_diff,,watch1,True,20,c,1791194862596,,,0,,,0,,,20261005_190327,1
1791194864302,watch2,67,66,1,1,playing,watch3,highest_diff,,watch1,False,20,c,1791194864011,,,0,,,0,,,20261005_190327,1
1791194864302,watch3,68,64,4,4,playing,watch3,highest_diff,,watch1,False,20,c,1791194861837,,,0,,,0,,,20261005_190327,1
1791194865985,watch1,67,64,3,3,playing,watch3,highest_diff,,watch1,True,20,c,1791194865238,,,0,,,0,,,20261005_190327,1
1791194865985,watch2,66,66,0,0,playing,watch3,highest_diff,,watch1,False,20,c,1791194865618,,,0,,,0,,,20261005_190327,1
1791194865985,watch3,67,64,3,3,playing,watch3,highest_diff,,watch1,False,20,c,1791194864776,,,0,,,0,,,20261005_190327,1
1791194867585,watch1,67,64,3,3,playing,watch3,highest_diff,,watch1,True,20,c,1791194866408,,,0,,,0,,,20261005_190327,1
1791194867585,watch2,66,66,0,0,playing,watch3,highest_diff,,watch1,False,20,c,1791194867521,,,0,,,0,,,20261005_190327,1
1791194867585,watch3,66,64,2,2,playing,watch3,highest_diff,,watch1,False,20,c,1791194866044,,,0,,,0,,,20261005_190327,1
1791194868996,watch1,66,64,2,2,playing,watch3,highest_diff,,watch1,True,20,a,1791194868120,,,0,,,0,,,20261005_190327,1
1791194868996,watch2,65,66,-1,1,playing,watch3,highest_diff,,watch1,False,20,a,1791194868552,,,0,,,0,,,20261005_190327,1
1791194868996,watch3,65,64,1,1,playing,watch3,highest_diff,,watch1,False,20,a,1791194867853,,,0,,,0,,,20261005_190327,1
1791194870307,watch1,65,64,1,1,playing,watch3,highest_diff,,watch1,True,30,a,1791194870172,,,0,,,0,,,20261005_190327,1
1791194870307,watch2,64,66,-2,2,playing,watch3,highest_diff,,watch1,False,30,a,1791194869578,,,0,,,0,,,20261005_190327,1
1791194870307,watch3,64,64,0,0,playing,watch3,highest_diff,,watch1,False,30,a,1791194869987,,,0,,,0,,,20261005_190327,1
1791194871544,watch1,65,64,1,1,playing,watch3,highest_diff,,watch1,True,30,c,1791194870172,,,0,,,0,,,20261005_190327,1
1791194871544,watch2,63,66,-3,3,playing,watch3,highest_diff,,watch1,False,30,c,1791194870606,,,0,,,0,,,20261005_190327,1
1791194871544,watch3,64,64,0,0,playing,watch3,highest_diff,,watch1,False,30,c,1791194869987,,,0,,,0,,,20261005_190327,1
1791194872783,watch1,64,64,0,0,playing,watch3,highest_diff,,watch1,True,30,c,1791194872055,,,0,,,0,,,20261005_190327,1
1791194872783,watch2,63,66,-3,3,playing,watch3,highest_diff,,watch1,False,30,c,1791194872214,,,0,,,0,,,20261005_190327,1
1791194872783,watch3,63,64,-1,1,playing,watch3,highest_diff,,watch1,False,30,c,1791194871857,,,0,,,0,,,20261005_190327,1
1791194874111,watch1,64,64,0,0,playing,watch3,highest_diff,,watch1,True,30,c,1791194873255,,,0,,,0,,,20261005_190327,1
1791194874111,watch2,63,66,-3,3,playing,watch3,highest_diff,,watch1,False,30,c,1791194873255,,,0,,,0,,,20261005_190327,1
1791194874111,watch3,62,64,-2,2,playing,watch3,highest_diff,,watch1,False,30,c,1791194872857,,,0,,,0,,,20261005_190327,1
1791194875605,watch1,64,64,0,0,playing,watch3,highest_diff,,watch1,True,30,c,1791194874384,,,0,,,0,,,20261005_190327,1
1791194875605,watch2,63,66,-3,3,playing,watch3,highest_diff,,watch1,False,30,c,1791194875501,,,0,,,0,,,20261005_190327,1
1791194875605,watch3,63,64,-1,1,playing,watch3,highest_diff,,watch1,False,30,c,1791194874867,,,0,,,0,,,20261005_190327,1
1791194877296,watch1,65,64,1,1,playing,watch3,highest_diff,,watch1,True,30,a,1791194876415,,,0,,,0,,,20261005_190327,1
1791194877296,watch2,65,66,-1,1,playing,watch3,highest_diff,,watch1,False,30,a,1791194876854,,,0,,,0,,,20261005_190327,1
1791194877296,watch3,64,64,0,0,playing,watch3,highest_diff,,watch1,False,30,a,1791194876105,,,0,,,0,,,20261005_190327,1
1791194880021,watch1,65,64,1,1,playing,watch3,highest_diff,,watch2,False,20,a,1791194876415,,,0,,,0,,,20261005_190327,1
1791194880021,watch2,68,66,2,2,playing,watch3,highest_diff,,watch2,True,20,a,1791194877851,,,0,,,0,,,20261005_190327,1
1791194880021,watch3,68,64,4,4,playing,watch3,highest_diff,,watch2,False,20,a,1791194879529,,,0,,,0,,,20261005_190327,1
1791194881740,watch1,66,64,2,2,playing,watch3,highest_diff,,watch2,False,20,a,1791194880305,,,0,,,0,,,20261005_190327,1
1791194881740,watch2,68,66,2,2,playing,watch3,highest_diff,,watch2,True,20,a,1791194880994,,,0,,,0,,,20261005_190327,1
1791194881740,watch3,69,64,5,5,playing,watch3,highest_diff,,watch2,False,20,a,1791194881457,,,0,,,0,,,20261005_190327,1
1791194883343,watch1,67,64,3,3,playing,watch3,highest_diff,,watch2,False,20,c,1791194882228,,,0,,,0,,,20261005_190327,1
1791194883343,watch2,68,66,2,2,playing,watch3,highest_diff,,watch2,True,20,c,1791194880994,,,0,,,0,,,20261005_190327,1
1791194883343,watch3,72,64,8,8,playing,watch3,highest_diff,,watch2,False,20,c,1791194883189,,,0,,,0,,,20261005_190327,1
1791194885038,watch1,70,64,6,6,playing,watch3,highest_diff,,watch1,True,10,a,1791194884527,,,0,,,0,,,20261005_190327,1
1791194885038,watch2,74,66,8,8,playing,watch3,highest_diff,,watch1,False,10,a,1791194884899,,,0,,,0,,,20261005_190327,1
1791194885038,watch3,73,64,9,9,playing,watch3,highest_diff,,watch1,False,10,a,1791194884106,,,0,,,0,,,20261005_190327,1
1791194886930,watch1,71,64,7,7,playing,watch3,highest_diff,,watch2,False,10,a,1791194886285,,,0,,,0,,,20261005_190327,1
1791194886930,watch2,75,66,9,9,playing,watch3,highest_diff,,watch2,True,10,a,1791194885895,,,0,,,0,,,20261005_190327,1
1791194886930,watch3,74,64,10,10,playing,watch3,highest_diff,,watch2,False,10,a,1791194886792,,,0,,,0,,,20261005_190327,1
1791194888364,watch1,71,64,7,7,playing,watch3,highest_diff,,watch2,False,10,a,1791194887923,,,0,,,0,,,20261005_190327,1
1791194888364,watch2,74,66,8,8,playing,watch3,highest_diff,,watch2,True,10,a,1791194886926,,,0,,,0,,,20261005_190327,1
1791194888364,watch3,74,64,10,10,playing,watch3,highest_diff,,watch2,False,10,a,1791194887923,,,0,,,0,,,20261005_190327,1
1791194889958,watch1,71,64,7,7,playing,watch3,highest_diff,,watch1,True,10,c,1791194889559,,,0,,,0,,,20261005_190327,1
1791194889958,watch2,71,66,5,5,playing,watch3,highest_diff,,watch1,False,10,c,1791194889713,,,0,,,0,,,20261005_190327,1
1791194889958,watch3,72,64,8,8,playing,watch3,highest_diff,,watch1,False,10,c,1791194889125,,,0,,,0,,,20261005_190327,1
1791194891468,watch1,71,64,7,7,playing,watch3,highest_diff,,watch1,True,10,c,1791194890706,,,0,,,0,,,20261005_190327,1
1791194891468,watch2,69,66,3,3,playing,watch3,highest_diff,,watch1,False,10,c,1791194890826,,,0,,,0,,,20261005_190327,1
1791194891468,watch3,69,64,5,5,playing,watch3,highest_diff,,watch1,False,10,c,1791194891258,,,0,,,0,,,20261005_190327,1
1791194893232,watch1,69,64,5,5,playing,watch3,highest_diff,,watch1,True,20,a,1791194891651,,,0,,,0,,,20261005_190327,1
1791194893232,watch2,65,66,-1,1,playing,watch3,highest_diff,,watch1,False,20,a,1791194893114,,,0,,,0,,,20261005_190327,1
1791194893232,watch3,67,64,3,3,playing,watch3,highest_diff,,watch1,False,20,a,1791194892634,,,0,,,0,,,20261005_190327,1
1791194894842,watch1,68,64,4,4,playing,watch3,highest_diff,,watch1,True,20,a,1791194894022,,,0,,,0,,,20261005_190327,1
1791194894842,watch2,64,66,-2,2,playing,watch3,highest_diff,,watch1,False,20,a,1791194894711,,,0,,,0,,,20261005_190327,1
1791194894842,watch3,65,64,1,1,playing,watch3,highest_diff,,watch1,False,20,a,1791194893638,,,0,,,0,,,20261005_190327,1
1791194896497,watch1,66,64,2,2,playing,watch3,highest_diff,,watch1,True,20,a,1791194896246,,,0,,,0,,,20261005_190327,1
1791194896497,watch2,63,66,-3,3,playing,watch3,highest_diff,,watch1,False,20,a,1791194895515,,,0,,,0,,,20261005_190327,1
1791194896497,watch3,62,64,-2,2,playing,watch3,highest_diff,,watch1,False,20,a,1791194895941,,,0,,,0,,,20261005_190327,1
1791194900991,watch1,65,64,1,1,playing,watch3,highest_diff,,watch1,True,30,c,1791194900421,,,0,,,0,,,20261005_190327,1
1791194900991,watch2,61,66,-5,5,playing,watch3,highest_diff,,watch1,False,30,c,1791194897518,,,0,,,0,,,20261005_190327,1
1791194900991,watch3,61,64,-3,3,playing,watch3,highest_diff,,watch1,False,30,c,1791194897149,,,0,,,0,,,20261005_190327,1
1791194904204,watch1,65,64,1,1,playing,watch3,highest_diff,,watch1,True,30,c,1791194900421,,,0,,,0,,,20261005_190327,1
1791194904204,watch2,60,66,-6,6,playing,watch3,highest_diff,,watch1,False,30,c,1791194901884,,,0,,,0,,,20261005_190327,1
1791194904204,watch3,60,64,-4,4,playing,watch3,highest_diff,,watch1,False,30,c,1791194902528,,,0,,,0,,,20261005_190327,1
1791194906210,watch1,63,64,-1,1,playing,watch3,highest_diff,,watch1,True,30,a,1791194905061,,,0,,,0,,,20261005_190327,1
1791194906210,watch2,60,66,-6,6,playing,watch3,highest_diff,,watch1,False,30,a,1791194901884,,,0,,,0,,,20261005_190327,1
1791194906210,watch3,59,64,-5,5,playing,watch3,highest_diff,,watch1,False,30,a,1791194905736,,,0,,,0,,,20261005_190327,1
1791194908842,watch1,61,64,-3,3,playing,watch3,highest_diff,,watch1,True,30,c,1791194908612,,,0,,,0,,,20261005_190327,1
1791194908842,watch2,59,66,-7,7,playing,watch3,highest_diff,,watch1,False,30,c,1791194907316,,,0,,,0,,,20261005_190327,1
1791194908842,watch3,59,64,-5,5,playing,watch3,highest_diff,,watch1,False,30,c,1791194907862,,,0,,,0,,,20261005_190327,1
1791194910570,watch1,60,64,-4,4,playing,watch3,highest_diff,,watch1,True,30,a,1791194909278,,,0,,,0,,,20261005_190327,1
1791194910570,watch2,59,66,-7,7,playing,watch3,highest_diff,,watch1,False,30,a,1791194910116,,,0,,,0,,,20261005_190327,1
1791194910570,watch3,59,64,-5,5,playing,watch3,highest_diff,,watch1,False,30,a,1791194910116,,,0,,,0,,,20261005_190327,1
1791194911900,watch1,60,64,-4,4,playing,watch3,highest_diff,,watch1,True,30,a,1791194911356,,,0,,,0,,,20261005_190327,1
1791194911900,watch2,59,66,-7,7,playing,watch3,highest_diff,,watch1,False,30,a,1791194911356,,,0,,,0,,,20261005_190327,1
1791194911900,watch3,59,64,-5,5,playing,watch3,highest_diff,,watch1,False,30,a,1791194911356,,,0,,,0,,,20261005_190327,1
1791194913397,watch1,60,64,-4,4,playing,watch3,highest_diff,,watch1,True,30,a,1791194912869,,,0,,,0,,,20261005_190327,1
1791194913397,watch2,60,66,-6,6,playing,watch3,highest_diff,,watch1,False,30,a,1791194911920,,,0,,,0,,,20261005_190327,1
1791194913397,watch3,60,64,-4,4,playing,watch3,highest_diff,,watch1,False,30,a,1791194912352,,,0,,,0,,,20261005_190327,1
1791194914779,watch1,60,64,-4,4,playing,watch3,highest_diff,,watch1,True,30,a,1791194913965,,,0,,,0,,,20261005_190327,1
1791194914779,watch2,60,66,-6,6,playing,watch3,highest_diff,,watch1,False,30,a,1791194913965,,,0,,,0,,,20261005_190327,1
1791194914779,watch3,60,64,-4,4,playing,watch3,highest_diff,,watch1,False,30,a,1791194913965,,,0,,,0,,,20261005_190327,1
1791194916050,watch1,60,64,-4,4,playing,watch3,highest_diff,,watch1,True,30,c,1791194915085,,,0,,,0,,,20261005_190327,1
1791194916050,watch2,60,66,-6,6,playing,watch3,highest_diff,,watch1,False,30,c,1791194915085,,,0,,,0,,,20261005_190327,1
1791194916050,watch3,60,64,-4,4,playing,watch3,highest_diff,,watch1,False,30,c,1791194915085,,,0,,,0,,,20261005_190327,1
1791194917299,watch1,60,64,-4,4,playing,watch3,highest_diff,,watch1,True,30,c,1791194916305,,,0,,,0,,,20261005_190327,1
1791194917299,watch2,60,66,-6,6,playing,watch3,highest_diff,,watch1,False,30,c,1791194916305,,,0,,,0,,,20261005_190327,1
1791194917299,watch3,60,64,-4,4,playing,watch3,highest_diff,,watch1,False,30,c,1791194916305,,,0,,,0,,,20261005_190327,1
1791194920877,watch1,60,64,-4,4,playing,watch3,highest_diff,,watch1,True,30,c,1791194917512,,,0,,,0,,,20261005_190327,1
1791194920877,watch2,60,66,-6,6,playing,watch3,highest_diff,,watch1,False,30,c,1791194917512,,,0,,,0,,,20261005_190327,1
1791194920877,watch3,60,64,-4,4,playing,watch3,highest_diff,,watch1,False,30,c,1791194917512,,,0,,,0,,,20261005_190327,1
1791194923424,watch1,60,64,-4,4,playing,watch3,highest_diff,,watch1,True,30,a,1791194922664,,,0,,,0,,,20261005_190327,1
1791194923424,watch2,62,66,-4,4,playing,watch3,highest_diff,,watch1,False,30,a,1791194923199,,,0,,,0,,,20261005_190327,1
1791194923424,watch3,61,64,-3,3,playing,watch3,highest_diff,,watch1,False,30,a,1791194922664,,,0,,,0,,,20261005_190327,1
1791194925420,watch1,61,64,-3,3,playing,watch3,highest_diff,,watch2,False,30,a,1791194924229,,,0,,,0,,,20261005_190327,1
1791194925420,watch2,63,66,-3,3,playing,watch3,highest_diff,,watch2,True,30,a,1791194924689,,,0,,,0,,,20261005_190327,1
1791194925420,watch3,64,64,0,0,playing,watch3,highest_diff,,watch2,False,30,a,1791194925162,,,0,,,0,,,20261005_190327,1
1791194927933,watch1,62,64,-2,2,playing,watch3,highest_diff,,watch2,False,30,a,1791194926047,,,0,,,0,,,20261005_190327,1
1791194927933,watch2,64,66,-2,2,playing,watch3,highest_diff,,watch2,True,30,a,1791194927502,,,0,,,0,,,20261005_190327,1
1791194927933,watch3,65,64,1,1,playing,watch3,highest_diff,,watch2,False,30,a,1791194926825,,,0,,,0,,,20261005_190327,1
1791194929922,watch1,62,64,-2,2,playing,watch3,highest_diff,,watch2,False,30,a,1791194929686,,,0,,,0,,,20261005_190327,1
1791194929922,watch2,64,66,-2,2,playing,watch3,highest_diff,,watch2,True,30,a,1791194929686,,,0,,,0,,,20261005_190327,1
1791194929922,watch3,65,64,1,1,playing,watch3,highest_diff,,watch2,False,30,a,1791194929686,,,0,,,0,,,20261005_190327,1
1791194933015,watch1,63,64,-1,1,playing,watch3,highest_diff,,watch2,False,30,c,1791194930316,,,0,,,0,,,20261005_190327,1
1791194933015,watch2,64,66,-2,2,playing,watch3,highest_diff,,watch2,True,30,c,1791194931005,,,0,,,0,,,20261005_190327,1
1791194933015,watch3,65,64,1,1,playing,watch3,highest_diff,,watch2,False,30,c,1791194931893,,,0,,,0,,,20261005_190327,1
1791194936585,watch1,64,64,0,0,playing,watch3,highest_diff,,watch2,False,30,a,1791194936275,,,0,,,0,,,20261005_190327,1
1791194936585,watch2,65,66,-1,1,playing,watch3,highest_diff,,watch2,True,30,a,1791194934993,,,0,,,0,,,20261005_190327,1
1791194936585,watch3,65,64,1,1,playing,watch3,highest_diff,,watch2,False,30,a,1791194934349,,,0,,,0,,,20261005_190327,1
1791194938699,watch1,64,64,0,0,playing,watch3,highest_diff,,watch2,False,30,c,1791194936275,,,0,,,0,,,20261005_190327,1
1791194938699,watch2,65,66,-1,1,playing,watch3,highest_diff,,watch2,True,30,c,1791194934993,,,0,,,0,,,20261005_190327,1
1791194938699,watch3,69,64,5,5,playing,watch3,highest_diff,,watch2,False,30,c,1791194938310,,,0,,,0,,,20261005_190327,1
1791194941077,watch1,66,64,2,2,playing,watch3,highest_diff,,watch2,False,20,c,1791194939347,,,0,,,0,,,20261005_190327,1
1791194941077,watch2,67,66,1,1,playing,watch3,highest_diff,,watch2,True,20,c,1791194940400,,,0,,,0,,,20261005_190327,1
1791194941077,watch3,69,64,5,5,playing,watch3,highest_diff,,watch2,False,20,c,1791194940080,,,0,,,0,,,20261005_190327,1
1791194944096,watch1,66,64,2,2,playing,watch3,highest_diff,,watch1,True,20,c,1791194939347,,,0,,,0,,,20261005_190327,1
1791194944096,watch2,64,66,-2,2,playing,watch3,highest_diff,,watch1,False,20,c,1791194942528,,,0,,,0,,,20261005_190327,1
1791194944096,watch3,68,64,4,4,playing,watch3,highest_diff,,watch1,False,20,c,1791194941636,,,0,,,0,,,20261005_190327,1
1791194948435,watch1,66,64,2,2,playing,watch3,highest_diff,,watch1,True,20,c,1791194939347,,,0,,,0,,,20261005_190327,1
1791194948435,watch2,63,66,-3,3,playing,watch3,highest_diff,,watch1,False,20,c,1791194947358,,,0,,,0,,,20261005_190327,1
1791194948435,watch3,66,64,2,2,playing,watch3,highest_diff,,watch1,False,20,c,1791194946550,,,0,,,0,,,20261005_190327,1
1791194950559,watch1,65,64,1,1,playing,watch3,highest_diff,,watch1,True,30,a,1791194950135,,,0,,,0,,,20261005_190327,1
1791194950559,watch2,63,66,-3,3,playing,watch3,highest_diff,,watch1,False,30,a,1791194947358,,,0,,,0,,,20261005_190327,1
1791194950559,watch3,64,64,0,0,playing,watch3,highest_diff,,watch1,False,30,a,1791194949344,,,0,,,0,,,20261005_190327,1
1791194952705,watch1,69,64,5,5,playing,watch3,highest_diff,,watch1,True,20,c,1791194952464,,,0,,,0,,,20261005_190327,1
1791194952705,watch2,63,66,-3,3,playing,watch3,highest_diff,,watch1,False,20,c,1791194950959,,,0,,,0,,,20261005_190327,1
1791194952705,watch3,64,64,0,0,playing,watch3,highest_diff,,watch1,False,20,c,1791194950959,,,0,,,0,,,20261005_190327,1
1791194954752,watch1,70,64,6,6,playing,watch3,highest_diff,,watch1,True,10,c,1791194954201,,,0,,,0,,,20261005_190327,1
1791194954752,watch2,63,66,-3,3,playing,watch3,highest_diff,,watch1,False,10,c,1791194950959,,,0,,,0,,,20261005_190327,1
1791194954752,watch3,65,64,1,1,playing,watch3,highest_diff,,watch1,False,10,c,1791194953184,,,0,,,0,,,20261005_190327,1
1791194956960,watch1,70,64,6,6,playing,watch3,highest_diff,,watch1,True,10,c,1791194954201,,,0,,,0,,,20261005_190327,1
1791194956960,watch2,64,66,-2,2,playing,watch3,highest_diff,,watch1,False,10,c,1791194955211,,,0,,,0,,,20261005_190327,1
1791194956960,watch3,69,64,5,5,playing,watch3,highest_diff,,watch1,False,10,c,1791194956293,,,0,,,0,,,20261005_190327,1
1791194962241,watch1,69,64,5,5,playing,watch3,highest_diff,,watch1,True,10,c,1791194961864,,,0,,,0,,,20261005_190327,1
1791194962241,watch2,65,66,-1,1,playing,watch3,highest_diff,,watch1,False,10,c,1791194957037,,,0,,,0,,,20261005_190327,1
1791194962241,watch3,69,64,5,5,playing,watch3,highest_diff,,watch1,False,10,c,1791194956293,,,0,,,0,,,20261005_190327,1
1791194964320,watch1,69,64,5,5,playing,watch3,highest_diff,,watch1,True,20,c,1791194961864,,,0,,,0,,,20261005_190327,1
1791194964320,watch2,64,66,-2,2,playing,watch3,highest_diff,,watch1,False,20,c,1791194962295,,,0,,,0,,,20261005_190327,1
1791194964320,watch3,66,64,2,2,playing,watch3,highest_diff,,watch1,False,20,c,1791194963972,,,0,,,0,,,20261005_190327,1
1791194966450,watch1,68,64,4,4,playing,watch3,highest_diff,,watch1,True,20,c,1791194964878,,,0,,,0,,,20261005_190327,1
1791194966450,watch2,64,66,-2,2,playing,watch3,highest_diff,,watch1,False,20,c,1791194962295,,,0,,,0,,,20261005_190327,1
1791194966450,watch3,65,64,1,1,playing,watch3,highest_diff,,watch1,False,20,c,1791194965888,,,0,,,0,,,20261005_190327,1
1791194969317,watch1,67,64,3,3,playing,watch3,highest_diff,,watch1,True,20,c,1791194968830,,,0,,,0,,,20261005_190327,1
1791194969317,watch2,63,66,-3,3,playing,watch3,highest_diff,,watch1,False,20,c,1791194966547,,,0,,,0,,,20261005_190327,1
1791194969317,watch3,65,64,1,1,playing,watch3,highest_diff,,watch1,False,20,c,1791194967153,,,0,,,0,,,20261005_190327,1
1791194971684,watch1,74,64,10,10,playing,watch3,highest_diff,,watch1,True,10,c,1791194970436,,,0,,,0,,,20261005_190327,1
1791194971684,watch2,64,66,-2,2,playing,watch3,highest_diff,,watch1,False,10,c,1791194971175,,,0,,,0,,,20261005_190327,1
1791194971684,watch3,65,64,1,1,playing,watch3,highest_diff,,watch1,False,10,c,1791194967153,,,0,,,0,,,20261005_190327,1
1791194974028,watch1,76,64,12,12,playing,watch3,highest_diff,,watch1,True,10,c,1791194973670,,,0,,,0,,,20261005_190327,1
1791194974028,watch2,64,66,-2,2,playing,watch3,highest_diff,,watch1,False,10,c,1791194971175,,,0,,,0,,,20261005_190327,1
1791194974028,watch3,67,64,3,3,playing,watch3,highest_diff,,watch1,False,10,c,1791194972971,,,0,,,0,,,20261005_190327,1
1791194976090,watch1,76,64,12,12,playing,watch3,highest_diff,,watch1,True,10,c,1791194973670,,,0,,,0,,,20261005_190327,1
1791194976090,watch2,65,66,-1,1,playing,watch3,highest_diff,,watch1,False,10,c,1791194974370,,,0,,,0,,,20261005_190327,1
1791194976090,watch3,71,64,7,7,playing,watch3,highest_diff,,watch1,False,10,c,1791194976043,,,0,,,0,,,20261005_190327,1
1791194979498,watch1,77,64,13,13,playing,watch3,highest_diff,,watch1,True,20,a,1791194977963,,,0,,,0,,,20261005_190327,1
1791194979498,watch2,65,66,-1,1,playing,watch3,highest_diff,,watch1,False,20,a,1791194974370,,,0,,,0,,,20261005_190327,1
1791194979498,watch3,71,64,7,7,playing,watch3,highest_diff,,watch1,False,20,a,1791194976043,,,0,,,0,,,20261005_190327,1
1791194989384,watch1,76,64,12,12,playing,watch3,highest_diff,,watch1,True,20,a,1791194989272,,,0,,,0,,,20261005_190327,1
1791194989384,watch2,67,66,1,1,playing,watch3,highest_diff,,watch1,False,20,a,1791194982371,,,0,,,0,,,20261005_190327,1
1791194989384,watch3,73,64,9,9,playing,watch3,highest_diff,,watch1,False,20,a,1791194981445,,,0,,,0,,,20261005_190327,1
1791194990163,watch1,76,64,12,12,playing,watch3,highest_diff,,watch1,True,10,a,1791194989272,,,0,,,0,,,20261005_190327,1
1791194990163,watch2,69,66,3,3,playing,watch3,highest_diff,,watch1,False,10,a,1791194989946,,,0,,,0,,,20261005_190327,1
1791194990163,watch3,73,64,9,9,playing,watch3,highest_diff,,watch1,False,10,a,1791194981445,,,0,,,0,,,20261005_190327,1
1791194992972,watch1,75,64,11,11,playing,watch3,highest_diff,,watch1,True,10,c,1791194991878,,,0,,,0,,,20261005_190327,1
1791194992972,watch2,71,66,5,5,playing,watch3,highest_diff,,watch1,False,10,c,1791194990952,,,0,,,0,,,20261005_190327,1
1791194992972,watch3,73,64,9,9,playing,watch3,highest_diff,,watch1,False,10,c,1791194981445,,,0,,,0,,,20261005_190327,1
1791195001087,watch1,74,64,10,10,playing,watch3,highest_diff,,watch1,True,10,a,1791195000486,,,0,,,0,,,20261005_190327,1
1791195001087,watch2,71,66,5,5,playing,watch3,highest_diff,,watch1,False,10,a,1791194990952,,,0,,,0,,,20261005_190327,1
1791195001087,watch3,74,64,10,10,playing,watch3,highest_diff,,watch1,False,10,a,1791194992964,,,0,,,0,,,20261005_190327,1
1791195005509,watch1,74,64,10,10,playing,watch3,highest_diff,,watch1,True,10,a,1791195000486,,,0,,,0,,,20261005_190327,1
1791195005509,watch2,72,66,6,6,playing,watch3,highest_diff,,watch1,False,10,a,1791195002340,,,0,,,0,,,20261005_190327,1
1791195005509,watch3,75,64,11,11,playing,watch3,highest_diff,,watch1,False,10,a,1791195001595,,,0,,,0,,,20261005_190327,1
1791195009760,watch1,72,64,8,8,playing,watch3,highest_diff,,watch1,True,10,a,1791195009302,,,0,,,0,,,20261005_190327,1
1791195009760,watch2,72,66,6,6,playing,watch3,highest_diff,,watch1,False,10,a,1791195009302,,,0,,,0,,,20261005_190327,1
1791195009760,watch3,74,64,10,10,playing,watch3,highest_diff,,watch1,False,10,a,1791195006053,,,0,,,0,,,20261005_190327,1
1791195012123,watch1,72,64,8,8,playing,watch3,highest_diff,,watch1,True,10,c,1791195009302,,,0,,,0,,,20261005_190327,1
1791195012123,watch2,70,66,4,4,playing,watch3,highest_diff,,watch1,False,10,c,1791195011533,,,0,,,0,,,20261005_190327,1
1791195012123,watch3,70,64,6,6,playing,watch3,highest_diff,,watch1,False,10,c,1791195010806,,,0,,,0,,,20261005_190327,1
1791195014430,watch1,70,64,6,6,playing,watch3,highest_diff,,watch1,True,10,c,1791195012667,,,0,,,0,,,20261005_190327,1
1791195014430,watch2,64,66,-2,2,playing,watch3,highest_diff,,watch1,False,10,c,1791195014065,,,0,,,0,,,20261005_190327,1
1791195014430,watch3,70,64,6,6,playing,watch3,highest_diff,,watch1,False,10,c,1791195010806,,,0,,,0,,,20261005_190327,1
1791195016336,watch1,67,64,3,3,playing,watch3,highest_diff,,watch1,True,20,a,1791195015655,,,0,,,0,,,20261005_190327,1
1791195016336,watch2,64,66,-2,2,playing,watch3,highest_diff,,watch1,False,20,a,1791195014065,,,0,,,0,,,20261005_190327,1
1791195016336,watch3,65,64,1,1,playing,watch3,highest_diff,,watch1,False,20,a,1791195016148,,,0,,,0,,,20261005_190327,1
1791195020044,watch1,67,64,3,3,playing,watch3,highest_diff,,watch1,True,20,c,1791195015655,,,0,,,0,,,20261005_190327,1
1791195020044,watch2,65,66,-1,1,playing,watch3,highest_diff,,watch1,False,20,c,1791195016639,,,0,,,0,,,20261005_190327,1
1791195020044,watch3,64,64,0,0,playing,watch3,highest_diff,,watch1,False,20,c,1791195019759,,,0,,,0,,,20261005_190327,1
1791195022668,watch1,67,64,3,3,playing,watch3,highest_diff,,watch1,True,20,a,1791195015655,,,0,,,0,,,20261005_190327,1
1791195022668,watch2,64,66,-2,2,playing,watch3,highest_diff,,watch1,False,20,a,1791195020530,,,0,,,0,,,20261005_190327,1
1791195022668,watch3,65,64,1,1,playing,watch3,highest_diff,,watch1,False,20,a,1791195022271,,,0,,,0,,,20261005_190327,1
1791195027558,watch1,66,64,2,2,playing,watch3,highest_diff,,watch1,True,20,c,1791195023323,,,0,,,0,,,20261005_190327,1
1791195027558,watch2,64,66,-2,2,playing,watch3,highest_diff,,watch1,False,20,c,1791195020530,,,0,,,0,,,20261005_190327,1
1791195027558,watch3,64,64,0,0,playing,watch3,highest_diff,,watch1,False,20,c,1791195027518,,,0,,,0,,,20261005_190327,1
1791195047783,watch1,64,64,0,0,playing,watch3,highest_diff,,watch1,True,30,c,1791195029670,,,0,,,0,,,20261005_190327,1
1791195047783,watch2,64,66,-2,2,playing,watch3,highest_diff,,watch1,False,30,c,1791195020530,,,0,,,0,,,20261005_190327,1
1791195047783,watch3,64,64,0,0,playing,watch3,highest_diff,,watch1,False,30,c,1791195027518,,,0,,,0,,,20261005_190327,1
1791195048946,watch1,64,64,0,0,playing,watch3,highest_diff,,watch1,True,30,c,1791195029670,,,0,,,0,,,20261005_190327,1
1791195048946,watch2,66,66,0,0,playing,watch3,highest_diff,,watch1,False,30,c,1791195048667,,,0,,,0,,,20261005_190327,1
1791195048946,watch3,64,64,0,0,playing,watch3,highest_diff,,watch1,False,30,c,1791195027518,,,0,,,0,,,20261005_190327,1
1791195052621,watch1,65,64,1,1,playing,watch3,highest_diff,,watch2,False,30,a,1791195049534,,,0,,,0,,,20261005_190327,1
1791195052621,watch2,66,66,0,0,playing,watch3,highest_diff,,watch2,True,30,a,1791195048667,,,0,,,0,,,20261005_190327,1
1791195052621,watch3,65,64,1,1,playing,watch3,highest_diff,,watch2,False,30,a,1791195052265,,,0,,,0,,,20261005_190327,1
1791195054883,watch1,65,64,1,1,playing,watch3,highest_diff,,watch2,False,30,a,1791195049534,,,0,,,0,,,20261005_190327,1
1791195054883,watch2,66,66,0,0,playing,watch3,highest_diff,,watch2,True,30,a,1791195048667,,,0,,,0,,,20261005_190327,1
1791195054883,watch3,65,64,1,1,playing,watch3,highest_diff,,watch2,False,30,a,1791195054227,,,0,,,0,,,20261005_190327,1
1791195057090,watch1,65,64,1,1,playing,watch3,highest_diff,,watch2,False,20,a,1791195049534,,,0,,,0,,,20261005_190327,1
1791195057090,watch2,67,66,1,1,playing,watch3,highest_diff,,watch2,True,20,a,1791195056175,,,0,,,0,,,20261005_190327,1
1791195057090,watch3,66,64,2,2,playing,watch3,highest_diff,,watch2,False,20,a,1791195054955,,,0,,,0,,,20261005_190327,1
1791195059186,watch1,65,64,1,1,playing,watch3,highest_diff,,watch2,False,20,a,1791195049534,,,0,,,0,,,20261005_190327,1
1791195059186,watch2,67,66,1,1,playing,watch3,highest_diff,,watch2,True,20,a,1791195058502,,,0,,,0,,,20261005_190327,1
1791195059186,watch3,66,64,2,2,playing,watch3,highest_diff,,watch2,False,20,a,1791195054955,,,0,,,0,,,20261005_190327,1
1791195062512,watch1,66,64,2,2,playing,watch3,highest_diff,,watch2,False,20,a,1791195061784,,,0,,,0,,,20261005_190327,1
1791195062512,watch2,67,66,1,1,playing,watch3,highest_diff,,watch2,True,20,a,1791195058502,,,0,,,0,,,20261005_190327,1
1791195062512,watch3,67,64,3,3,playing,watch3,highest_diff,,watch2,False,20,a,1791195060753,,,0,,,0,,,20261005_190327,1
1791195068534,watch1,67,64,3,3,playing,watch3,highest_diff,,watch2,False,20,c,1791195067900,,,0,,,0,,,20261005_190327,1
1791195068534,watch2,68,66,2,2,playing,watch3,highest_diff,,watch2,True,20,c,1791195066165,,,0,,,0,,,20261005_190327,1
1791195068534,watch3,69,64,5,5,playing,watch3,highest_diff,,watch2,False,20,c,1791195067079,,,0,,,0,,,20261005_190327,1
1791195072018,watch1,67,64,3,3,playing,watch3,highest_diff,,watch2,False,20,c,1791195067900,,,0,,,0,,,20261005_190327,1
1791195072018,watch2,69,66,3,3,playing,watch3,highest_diff,,watch2,True,20,c,1791195069118,,,0,,,0,,,20261005_190327,1
1791195072018,watch3,69,64,5,5,playing,watch3,highest_diff,,watch2,False,20,c,1791195070632,,,0,,,0,,,20261005_190327,1
1791195074175,watch1,66,64,2,2,playing,watch3,highest_diff,,watch2,False,20,c,1791195072573,,,0,,,0,,,20261005_190327,1
1791195074175,watch2,69,66,3,3,playing,watch3,highest_diff,,watch2,True,20,c,1791195069118,,,0,,,0,,,20261005_190327,1
1791195074175,watch3,66,64,2,2,playing,watch3,highest_diff,,watch2,False,20,c,1791195073879,,,0,,,0,,,20261005_190327,1
1791195076531,watch1,65,64,1,1,playing,watch3,highest_diff,,watch2,False,20,c,1791195074854,,,0,,,0,,,20261005_190327,1
1791195076531,watch2,69,66,3,3,playing,watch3,highest_diff,,watch2,True,20,c,1791195069118,,,0,,,0,,,20261005_190327,1
1791195076531,watch3,65,64,1,1,playing,watch3,highest_diff,,watch2,False,20,c,1791195075602,,,0,,,0,,,20261005_190327,1
1791195078564,watch1,65,64,1,1,playing,watch3,highest_diff,,watch2,False,20,c,1791195077568,,,0,,,0,,,20261005_190327,1
1791195078564,watch2,70,66,4,4,playing,watch3,highest_diff,,watch2,True,20,c,1791195078221,,,0,,,0,,,20261005_190327,1
1791195078564,watch3,64,64,0,0,playing,watch3,highest_diff,,watch2,False,20,c,1791195077568,,,0,,,0,,,20261005_190327,1
1791195082712,watch1,64,64,0,0,playing,watch3,highest_diff,,watch2,False,20,a,1791195079530,,,0,,,0,,,20261005_190327,1
1791195082712,watch2,70,66,4,4,playing,watch3,highest_diff,,watch2,True,20,a,1791195078221,,,0,,,0,,,20261005_190327,1
1791195082712,watch3,63,64,-1,1,playing,watch3,highest_diff,,watch2,False,20,a,1791195080098,,,0,,,0,,,20261005_190327,1
1791195086542,watch1,63,64,-1,1,playing,watch3,highest_diff,,watch2,False,20,c,1791195082780,,,0,,,0,,,20261005_190327,1
1791195086542,watch2,71,66,5,5,playing,watch3,highest_diff,,watch2,True,20,c,1791195086170,,,0,,,0,,,20261005_190327,1
1791195086542,watch3,62,64,-2,2,playing,watch3,highest_diff,,watch2,False,20,c,1791195085211,,,0,,,0,,,20261005_190327,1
1791195091434,watch1,63,64,-1,1,playing,watch3,highest_diff,,watch2,False,20,c,1791195082780,,,0,,,0,,,20261005_190327,1
1791195091434,watch2,70,66,4,4,playing,watch3,highest_diff,,watch2,True,20,c,1791195089928,,,0,,,0,,,20261005_190327,1
1791195091434,watch3,61,64,-3,3,playing,watch3,highest_diff,,watch2,False,20,c,1791195087362,,,0,,,0,,,20261005_190327,1
1791195093780,watch1,63,64,-1,1,playing,watch3,highest_diff,,watch2,False,20,c,1791195082780,,,0,,,0,,,20261005_190327,1
1791195093780,watch2,69,66,3,3,playing,watch3,highest_diff,,watch2,True,20,c,1791195092632,,,0,,,0,,,20261005_190327,1
1791195093780,watch3,63,64,-1,1,playing,watch3,highest_diff,,watch2,False,20,c,1791195091949,,,0,,,0,,,20261005_190327,1
1791195102137,watch1,63,64,-1,1,playing,watch3,highest_diff,,watch2,False,20,c,1791195082780,,,0,,,0,,,20261005_190327,1
1791195102137,watch2,69,66,3,3,playing,watch3,highest_diff,,watch2,True,20,c,1791195092632,,,0,,,0,,,20261005_190327,1
1791195102137,watch3,64,64,0,0,playing,watch3,highest_diff,,watch2,False,20,c,1791195100292,,,0,,,0,,,20261005_190327,1
1791195104263,watch1,64,64,0,0,playing,watch3,highest_diff,,watch2,False,20,c,1791195104122,,,0,,,0,,,20261005_190327,1
1791195104263,watch2,68,66,2,2,playing,watch3,highest_diff,,watch2,True,20,c,1791195102251,,,0,,,0,,,20261005_190327,1
1791195104263,watch3,65,64,1,1,playing,watch3,highest_diff,,watch2,False,20,c,1791195103092,,,0,,,0,,,20261005_190327,1
1791195107651,watch1,65,64,1,1,playing,watch3,highest_diff,,watch2,False,20,a,1791195107114,,,0,,,0,,,20261005_190327,1
1791195107651,watch2,68,66,2,2,playing,watch3,highest_diff,,watch2,True,20,a,1791195102251,,,0,,,0,,,20261005_190327,1
1791195107651,watch3,65,64,1,1,playing,watch3,highest_diff,,watch2,False,20,a,1791195103092,,,0,,,0,,,20261005_190327,1
1791195111636,watch1,67,64,3,3,playing,watch3,highest_diff,,watch1,True,20,c,1791195110522,,,0,,,0,,,20261005_190327,1
1791195111636,watch2,67,66,1,1,playing,watch3,highest_diff,,watch1,False,20,c,1791195109905,,,0,,,0,,,20261005_190327,1
1791195111636,watch3,66,64,2,2,playing,watch3,highest_diff,,watch1,False,20,c,1791195111466,,,0,,,0,,,20261005_190327,1
1791195116041,watch1,68,64,4,4,playing,watch3,highest_diff,,watch1,True,20,c,1791195115675,,,0,,,0,,,20261005_190327,1
1791195116041,watch2,67,66,1,1,playing,watch3,highest_diff,,watch1,False,20,c,1791195109905,,,0,,,0,,,20261005_190327,1
1791195116041,watch3,68,64,4,4,playing,watch3,highest_diff,,watch1,False,20,c,1791195112415,,,0,,,0,,,20261005_190327,1
1791195119827,watch1,68,64,4,4,playing,watch3,highest_diff,,watch1,True,20,a,1791195115675,,,0,,,0,,,20261005_190327,1
1791195119827,watch2,68,66,2,2,playing,watch3,highest_diff,,watch1,False,20,a,1791195117159,,,0,,,0,,,20261005_190327,1
1791195119827,watch3,68,64,4,4,playing,watch3,highest_diff,,watch1,False,20,a,1791195119417,,,0,,,0,,,20261005_190327,1
1791195123445,watch1,68,64,4,4,playing,watch3,highest_diff,,watch1,True,20,a,1791195115675,,,0,,,0,,,20261005_190327,1
1791195123445,watch2,67,66,1,1,playing,watch3,highest_diff,,watch1,False,20,a,1791195121585,,,0,,,0,,,20261005_190327,1
1791195123445,watch3,67,64,3,3,playing,watch3,highest_diff,,watch1,False,20,a,1791195122621,,,0,,,0,,,20261005_190327,1
1791195128120,watch1,66,64,2,2,playing,watch3,highest_diff,,watch1,True,20,c,1791195126159,,,0,,,0,,,20261005_190327,1
1791195128120,watch2,65,66,-1,1,playing,watch3,highest_diff,,watch1,False,20,c,1791195124601,,,0,,,0,,,20261005_190327,1
1791195128120,watch3,65,64,1,1,playing,watch3,highest_diff,,watch1,False,20,c,1791195127077,,,0,,,0,,,20261005_190327,1
1791195130702,watch1,67,64,3,3,playing,watch3,highest_diff,,watch1,True,20,c,1791195128103,,,0,,,0,,,20261005_190327,1
1791195130702,watch2,65,66,-1,1,playing,watch3,highest_diff,,watch1,False,20,c,1791195124601,,,0,,,0,,,20261005_190327,1
1791195130702,watch3,69,64,5,5,playing,watch3,highest_diff,,watch1,False,20,c,1791195130017,,,0,,,0,,,20261005_190327,1
1791195137911,watch1,69,64,5,5,playing,watch3,highest_diff,,watch1,True,20,c,1791195132095,,,0,,,0,,,20261005_190327,1
1791195137911,watch2,69,66,3,3,playing,watch3,highest_diff,,watch1,False,20,c,1791195137777,,,0,,,0,,,20261005_190327,1
1791195137911,watch3,69,64,5,5,playing,watch3,highest_diff,,watch1,False,20,c,1791195130017,,,0,,,0,,,20261005_190327,1
1791195140259,watch1,69,64,5,5,playing,watch3,highest_diff,,watch2,False,20,c,1791195132095,,,0,,,0,,,20261005_190327,1
1791195140259,watch2,70,66,4,4,playing,watch3,highest_diff,,watch2,True,20,c,1791195139617,,,0,,,0,,,20261005_190327,1
1791195140259,watch3,70,64,6,6,playing,watch3,highest_diff,,watch2,False,20,c,1791195138572,,,0,,,0,,,20261005_190327,1
1791195143427,watch1,69,64,5,5,playing,watch3,highest_diff,,watch2,False,10,a,1791195132095,,,0,,,0,,,20261005_190327,1
1791195143427,watch2,71,66,5,5,playing,watch3,highest_diff,,watch2,True,10,a,1791195142774,,,0,,,0,,,20261005_190327,1
1791195143427,watch3,71,64,7,7,playing,watch3,highest_diff,,watch2,False,10,a,1791195140699,,,0,,,0,,,20261005_190327,1
1791195146065,watch1,70,64,6,6,playing,watch3,highest_diff,,watch2,False,10,c,1791195145512,,,0,,,0,,,20261005_190327,1
1791195146065,watch2,72,66,6,6,playing,watch3,highest_diff,,watch2,True,10,c,1791195143844,,,0,,,0,,,20261005_190327,1
1791195146065,watch3,72,64,8,8,playing,watch3,highest_diff,,watch2,False,10,c,1791195144639,,,0,,,0,,,20261005_190327,1
1791195148115,watch1,69,64,5,5,playing,watch3,highest_diff,,watch2,False,10,a,1791195147398,,,0,,,0,,,20261005_190327,1
1791195148115,watch2,72,66,6,6,playing,watch3,highest_diff,,watch2,True,10,a,1791195143844,,,0,,,0,,,20261005_190327,1
1791195148115,watch3,71,64,7,7,playing,watch3,highest_diff,,watch2,False,10,a,1791195146613,,,0,,,0,,,20261005_190327,1
1791195150364,watch1,68,64,4,4,playing,watch3,highest_diff,,watch2,False,10,c,1791195150099,,,0,,,0,,,20261005_190327,1
1791195150364,watch2,71,66,5,5,playing,watch3,highest_diff,,watch2,True,10,c,1791195149313,,,0,,,0,,,20261005_190327,1
1791195150364,watch3,70,64,6,6,playing,watch3,highest_diff,,watch2,False,10,c,1791195148255,,,0,,,0,,,20261005_190327,1
1791195152616,watch1,68,64,4,4,playing,watch3,highest_diff,,watch1,True,20,c,1791195150099,,,0,,,0,,,20261005_190327,1
1791195152616,watch2,68,66,2,2,playing,watch3,highest_diff,,watch1,False,20,c,1791195151945,,,0,,,0,,,20261005_190327,1
1791195152616,watch3,69,64,5,5,playing,watch3,highest_diff,,watch1,False,20,c,1791195151168,,,0,,,0,,,20261005_190327,1
1791195154701,watch1,68,64,4,4,playing,watch3,highest_diff,,watch1,True,20,c,1791195150099,,,0,,,0,,,20261005_190327,1
1791195154701,watch2,66,66,0,0,playing,watch3,highest_diff,,watch1,False,20,c,1791195153863,,,0,,,0,,,20261005_190327,1
1791195154701,watch3,67,64,3,3,playing,watch3,highest_diff,,watch1,False,20,c,1791195153081,,,0,,,0,,,20261005_190327,1
1791195159086,watch1,67,64,3,3,playing,watch3,highest_diff,,watch1,True,20,a,1791195154701,,,0,,,0,,,20261005_190327,1
1791195159086,watch2,65,66,-1,1,playing,watch3,highest_diff,,watch1,False,20,a,1791195155578,,,0,,,0,,,20261005_190327,1
1791195159086,watch3,66,64,2,2,playing,watch3,highest_diff,,watch1,False,20,a,1791195158721,,,0,,,0,,,20261005_190327,1
1791195161373,watch1,68,64,4,4,playing,watch3,highest_diff,,watch1,True,20,a,1791195160756,,,0,,,0,,,20261005_190327,1
1791195161373,watch2,66,66,0,0,playing,watch3,highest_diff,,watch1,False,20,a,1791195159651,,,0,,,0,,,20261005_190327,1
1791195161373,watch3,66,64,2,2,playing,watch3,highest_diff,,watch1,False,20,a,1791195158721,,,0,,,0,,,20261005_190327,1
1791195163395,watch1,68,64,4,4,playing,watch3,highest_diff,,watch1,True,20,a,1791195160756,,,0,,,0,,,20261005_190327,1
1791195163395,watch2,67,66,1,1,playing,watch3,highest_diff,,watch1,False,20,a,1791195163269,,,0,,,0,,,20261005_190327,1
1791195163395,watch3,66,64,2,2,playing,watch3,highest_diff,,watch1,False,20,a,1791195162650,,,0,,,0,,,20261005_190327,1
1791195166411,watch1,67,64,3,3,playing,watch3,highest_diff,,watch1,True,20,c,1791195163876,,,0,,,0,,,20261005_190327,1
1791195166411,watch2,67,66,1,1,playing,watch3,highest_diff,,watch1,False,20,c,1791195163269,,,0,,,0,,,20261005_190327,1
1791195166411,watch3,67,64,3,3,playing,watch3,highest_diff,,watch1,False,20,c,1791195165660,,,0,,,0,,,20261005_190327,1
1791195176687,watch1,67,64,3,3,playing,watch3,highest_diff,,watch1,True,20,a,1791195163876,,,0,,,0,,,20261005_190327,1
1791195176687,watch2,68,66,2,2,playing,watch3,highest_diff,,watch1,False,20,a,1791195166800,,,0,,,0,,,20261005_190327,1
1791195176687,watch3,67,64,3,3,playing,watch3,highest_diff,,watch1,False,20,a,1791195165660,,,0,,,0,,,20261005_190327,1
1791195180305,watch1,67,64,3,3,playing,watch3,highest_diff,,watch1,True,20,c,1791195163876,,,0,,,0,,,20261005_190327,1
1791195180305,watch2,67,66,1,1,playing,watch3,highest_diff,,watch1,False,20,c,1791195179765,,,0,,,0,,,20261005_190327,1
1791195180305,watch3,68,64,4,4,playing,watch3,highest_diff,,watch1,False,20,c,1791195176892,,,0,,,0,,,20261005_190327,1
1791195183053,watch1,66,64,2,2,playing,watch3,highest_diff,,watch2,False,20,c,1791195182499,,,0,,,0,,,20261005_190327,1
1791195183053,watch2,67,66,1,1,playing,watch3,highest_diff,,watch2,True,20,c,1791195179765,,,0,,,0,,,20261005_190327,1
1791195183053,watch3,67,64,3,3,playing,watch3,highest_diff,,watch2,False,20,c,1791195180998,,,0,,,0,,,20261005_190327,1
1791195185435,watch1,66,64,2,2,playing,watch3,highest_diff,,watch1,True,20,c,1791195182499,,,0,,,0,,,20261005_190327,1
1791195185435,watch2,63,66,-3,3,playing,watch3,highest_diff,,watch1,False,20,c,1791195184901,,,0,,,0,,,20261005_190327,1
1791195185435,watch3,65,64,1,1,playing,watch3,highest_diff,,watch1,False,20,c,1791195184240,,,0,,,0,,,20261005_190327,1
1791195188405,watch1,64,64,0,0,playing,watch3,highest_diff,,watch1,True,30,c,1791195185999,,,0,,,0,,,20261005_190327,1
1791195188405,watch2,62,66,-4,4,playing,watch3,highest_diff,,watch1,False,30,c,1791195188080,,,0,,,0,,,20261005_190327,1
1791195188405,watch3,65,64,1,1,playing,watch3,highest_diff,,watch1,False,30,c,1791195184240,,,0,,,0,,,20261005_190327,1
1791195192403,watch1,64,64,0,0,playing,watch3,highest_diff,,watch1,True,30,c,1791195185999,,,0,,,0,,,20261005_190327,1
1791195192403,watch2,62,66,-4,4,playing,watch3,highest_diff,,watch1,False,30,c,1791195188080,,,0,,,0,,,20261005_190327,1
1791195192403,watch3,62,64,-2,2,playing,watch3,highest_diff,,watch1,False,30,c,1791195190147,,,0,,,0,,,20261005_190327,1
1791195196007,watch1,66,64,2,2,playing,watch3,highest_diff,,watch1,True,20,c,1791195192480,,,0,,,0,,,20261005_190327,1
1791195196007,watch2,63,66,-3,3,playing,watch3,highest_diff,,watch1,False,20,c,1791195194453,,,0,,,0,,,20261005_190327,1
1791195196007,watch3,62,64,-2,2,playing,watch3,highest_diff,,watch1,False,20,c,1791195190147,,,0,,,0,,,20261005_190327,1
1791195198431,watch1,67,64,3,3,playing,watch3,highest_diff,,watch1,True,20,a,1791195196614,,,0,,,0,,,20261005_190327,1
1791195198431,watch2,63,66,-3,3,playing,watch3,highest_diff,,watch1,False,20,a,1791195194453,,,0,,,0,,,20261005_190327,1
1791195198431,watch3,66,64,2,2,playing,watch3,highest_diff,,watch1,False,20,a,1791195197935,,,0,,,0,,,20261005_190327,1
1791195200788,watch1,69,64,5,5,playing,watch3,highest_diff,,watch1,True,20,a,1791195199661,,,0,,,0,,,20261005_190327,1
1791195200788,watch2,63,66,-3,3,playing,watch3,highest_diff,,watch1,False,20,a,1791195199083,,,0,,,0,,,20261005_190327,1
1791195200788,watch3,67,64,3,3,playing,watch3,highest_diff,,watch1,False,20,a,1791195200420,,,0,,,0,,,20261005_190327,1
1791195203294,watch1,71,64,7,7,playing,watch3,highest_diff,,watch1,True,10,c,1791195202946,,,0,,,0,,,20261005_190327,1
1791195203294,watch2,63,66,-3,3,playing,watch3,highest_diff,,watch1,False,10,c,1791195199083,,,0,,,0,,,20261005_190327,1
1791195203294,watch3,68,64,4,4,playing,watch3,highest_diff,,watch1,False,10,c,1791195201879,,,0,,,0,,,20261005_190327,1
1791195206286,watch1,71,64,7,7,playing,watch3,highest_diff,,watch1,True,10,a,1791195202946,,,0,,,0,,,20261005_190327,1
1791195206286,watch2,71,66,5,5,playing,watch3,highest_diff,,watch1,False,10,a,1791195205823,,,0,,,0,,,20261005_190327,1
1791195206286,watch3,70,64,6,6,playing,watch3,highest_diff,,watch1,False,10,a,1791195204956,,,0,,,0,,,20261005_190327,1
1791195211683,watch1,73,64,9,9,playing,watch3,highest_diff,,watch2,False,10,c,1791195206662,,,0,,,0,,,20261005_190327,1
1791195211683,watch2,76,66,10,10,playing,watch3,highest_diff,,watch2,True,10,c,1791195207141,,,0,,,0,,,20261005_190327,1
1791195211683,watch3,70,64,6,6,playing,watch3,highest_diff,,watch2,False,10,c,1791195204956,,,0,,,0,,,20261005_190327,1
1791195213716,watch1,74,64,10,10,playing,watch3,highest_diff,,watch2,False,10,c,1791195211685,,,0,,,0,,,20261005_190327,1
1791195213716,watch2,77,66,11,11,playing,watch3,highest_diff,,watch2,True,10,c,1791195213161,,,0,,,0,,,20261005_190327,1
1791195213716,watch3,70,64,6,6,playing,watch3,highest_diff,,watch2,False,10,c,1791195204956,,,0,,,0,,,20261005_190327,1
1791195215965,watch1,74,64,10,10,playing,watch3,highest_diff,,watch2,False,20,c,1791195211685,,,0,,,0,,,20261005_190327,1
1791195215965,watch2,79,66,13,13,playing,watch3,highest_diff,,watch2,True,20,c,1791195215138,,,0,,,0,,,20261005_190327,1
1791195215965,watch3,71,64,7,7,playing,watch3,highest_diff,,watch2,False,20,c,1791195214164,,,0,,,0,,,20261005_190327,1
1791195218276,watch1,75,64,11,11,playing,watch3,highest_diff,,watch2,False,20,c,1791195216634,,,0,,,0,,,20261005_190327,1
1791195218276,watch2,79,66,13,13,playing,watch3,highest_diff,,watch2,True,20,c,1791195215138,,,0,,,0,,,20261005_190327,1
1791195218276,watch3,73,64,9,9,playing,watch3,highest_diff,,watch2,False,20,c,1791195217646,,,0,,,0,,,20261005_190327,1
1791195220476,watch1,74,64,10,10,playing,watch3,highest_diff,,watch2,False,20,a,1791195218796,,,0,,,0,,,20261005_190327,1
1791195220476,watch2,79,66,13,13,playing,watch3,highest_diff,,watch2,True,20,a,1791195215138,,,0,,,0,,,20261005_190327,1
1791195220476,watch3,77,64,13,13,playing,watch3,highest_diff,,watch2,False,20,a,1791195220146,,,0,,,0,,,20261005_190327,1
1791195222301,watch1,72,64,8,8,playing,watch3,highest_diff,,watch2,False,10,a,1791195220675,,,0,,,0,,,20261005_190327,1
1791195222301,watch2,75,66,9,9,playing,watch3,highest_diff,,watch2,True,10,a,1791195222091,,,0,,,0,,,20261005_190327,1
1791195222301,watch3,78,64,14,14,playing,watch3,highest_diff,,watch2,False,10,a,1791195221583,,,0,,,0,,,20261005_190327,1
1791195224133,watch1,69,64,5,5,playing,watch3,highest_diff,,watch2,False,10,c,1791195223817,,,0,,,0,,,20261005_190327,1
1791195224133,watch2,72,66,6,6,playing,watch3,highest_diff,,watch2,True,10,c,1791195223213,,,0,,,0,,,20261005_190327,1
1791195224133,watch3,78,64,14,14,playing,watch3,highest_diff,,watch2,False,10,c,1791195221583,,,0,,,0,,,20261005_190327,1
1791195225796,watch1,69,64,5,5,playing,watch3,highest_diff,,watch1,True,20,a,1791195223817,,,0,,,0,,,20261005_190327,1
1791195225796,watch2,68,66,2,2,playing,watch3,highest_diff,,watch1,False,20,a,1791195225423,,,0,,,0,,,20261005_190327,1
1791195225796,watch3,77,64,13,13,playing,watch3,highest_diff,,watch1,False,20,a,1791195224964,,,0,,,0,,,20261005_190327,1
1791195227512,watch1,67,64,3,3,playing,watch3,highest_diff,,watch2,False,20,a,1791195227034,,,0,,,0,,,20261005_190327,1
1791195227512,watch2,68,66,2,2,playing,watch3,highest_diff,,watch2,True,20,a,1791195225423,,,0,,,0,,,20261005_190327,1
1791195227512,watch3,71,64,7,7,playing,watch3,highest_diff,,watch2,False,20,a,1791195226448,,,0,,,0,,,20261005_190327,1
1791195229222,watch1,66,64,2,2,playing,watch3,highest_diff,,watch2,False,20,a,1791195227706,,,0,,,0,,,20261005_190327,1
1791195229222,watch2,67,66,1,1,playing,watch3,highest_diff,,watch2,True,20,a,1791195228884,,,0,,,0,,,20261005_190327,1
1791195229222,watch3,69,64,5,5,playing,watch3,highest_diff,,watch2,False,20,a,1791195228335,,,0,,,0,,,20261005_190327,1
1791195231072,watch1,66,64,2,2,playing,watch3,highest_diff,,watch1,True,20,a,1791195227706,,,0,,,0,,,20261005_190327,1
1791195231072,watch2,64,66,-2,2,playing,watch3,highest_diff,,watch1,False,20,a,1791195230479,,,0,,,0,,,20261005_190327,1
1791195231072,watch3,68,64,4,4,playing,watch3,highest_diff,,watch1,False,20,a,1791195229394,,,0,,,0,,,20261005_190327,1
1791195232662,watch1,65,64,1,1,playing,watch3,highest_diff,,watch1,True,30,c,1791195231116,,,0,,,0,,,20261005_190327,1
1791195232662,watch2,65,66,-1,1,playing,watch3,highest_diff,,watch1,False,30,c,1791195231627,,,0,,,0,,,20261005_190327,1
1791195232662,watch3,66,64,2,2,playing,watch3,highest_diff,,watch1,False,30,c,1791195232487,,,0,,,0,,,20261005_190327,1
1791195234629,watch1,64,64,0,0,playing,watch3,highest_diff,,watch1,True,30,a,1791195233183,,,0,,,0,,,20261005_190327,1
1791195234629,watch2,63,66,-3,3,playing,watch3,highest_diff,,watch1,False,30,a,1791195233780,,,0,,,0,,,20261005_190327,1
1791195234629,watch3,64,64,0,0,playing,watch3,highest_diff,,watch1,False,30,a,1791195234382,,,0,,,0,,,20261005_190327,1
1791195236459,watch1,64,64,0,0,playing,watch3,highest_diff,,watch1,True,30,a,1791195233183,,,0,,,0,,,20261005_190327,1
1791195236459,watch2,62,66,-4,4,playing,watch3,highest_diff,,watch1,False,30,a,1791195235640,,,0,,,0,,,20261005_190327,1
1791195236459,watch3,64,64,0,0,playing,watch3,highest_diff,,watch1,False,30,a,1791195236143,,,0,,,0,,,20261005_190327,1
1791195238505,watch1,64,64,0,0,playing,watch3,highest_diff,,watch1,True,30,a,1791195233183,,,0,,,0,,,20261005_190327,1
1791195238505,watch2,63,66,-3,3,playing,watch3,highest_diff,,watch1,False,30,a,1791195236659,,,0,,,0,,,20261005_190327,1
1791195238505,watch3,63,64,-1,1,playing,watch3,highest_diff,,watch1,False,30,a,1791195238180,,,0,,,0,,,20261005_190327,1
1791195240480,watch1,65,64,1,1,playing,watch3,highest_diff,,watch2,False,30,a,1791195240338,,,0,,,0,,,20261005_190327,1
1791195240480,watch2,65,66,-1,1,playing,watch3,highest_diff,,watch2,True,30,a,1791195239345,,,0,,,0,,,20261005_190327,1
1791195240480,watch3,62,64,-2,2,playing,watch3,highest_diff,,watch2,False,30,a,1791195239804,,,0,,,0,,,20261005_190327,1
1791195242525,watch1,66,64,2,2,playing,watch3,highest_diff,,watch1,True,20,a,1791195242021,,,0,,,0,,,20261005_190327,1
1791195242525,watch2,66,66,0,0,playing,watch3,highest_diff,,watch1,False,20,a,1791195241045,,,0,,,0,,,20261005_190327,1
1791195242525,watch3,63,64,-1,1,playing,watch3,highest_diff,,watch1,False,20,a,1791195241486,,,0,,,0,,,20261005_190327,1
1791195244422,watch1,68,64,4,4,playing,watch3,highest_diff,,watch1,True,20,a,1791195243172,,,0,,,0,,,20261005_190327,1
1791195244422,watch2,66,66,0,0,playing,watch3,highest_diff,,watch1,False,20,a,1791195241045,,,0,,,0,,,20261005_190327,1
1791195244422,watch3,64,64,0,0,playing,watch3,highest_diff,,watch1,False,20,a,1791195244318,,,0,,,0,,,20261005_190327,1
1791195248775,watch1,68,64,4,4,playing,watch3,highest_diff,,watch1,True,20,c,1791195243172,,,0,,,0,,,20261005_190327,1
1791195248775,watch2,68,66,2,2,playing,watch3,highest_diff,,watch1,False,20,c,1791195248407,,,0,,,0,,,20261005_190327,1
1791195248775,watch3,64,64,0,0,playing,watch3,highest_diff,,watch1,False,20,c,1791195244318,,,0,,,0,,,20261005_190327,1
1791195250860,watch1,68,64,4,4,playing,watch3,highest_diff,,watch1,True,20,c,1791195243172,,,0,,,0,,,20261005_190327,1
1791195250860,watch2,68,66,2,2,playing,watch3,highest_diff,,watch1,False,20,c,1791195248407,,,0,,,0,,,20261005_190327,1
1791195250860,watch3,66,64,2,2,playing,watch3,highest_diff,,watch1,False,20,c,1791195250504,,,0,,,0,,,20261005_190327,1
1791195253345,watch1,68,64,4,4,playing,watch3,highest_diff,,watch1,True,20,a,1791195252543,,,0,,,0,,,20261005_190327,1
1791195253345,watch2,68,66,2,2,playing,watch3,highest_diff,,watch1,False,20,a,1791195248407,,,0,,,0,,,20261005_190327,1
1791195253345,watch3,67,64,3,3,playing,watch3,highest_diff,,watch1,False,20,a,1791195252982,,,0,,,0,,,20261005_190327,1
1791195255729,watch1,68,64,4,4,playing,watch3,highest_diff,,watch1,True,20,a,1791195252543,,,0,,,0,,,20261005_190327,1
1791195255729,watch2,66,66,0,0,playing,watch3,highest_diff,,watch1,False,20,a,1791195255691,,,0,,,0,,,20261005_190327,1
1791195255729,watch3,68,64,4,4,playing,watch3,highest_diff,,watch1,False,20,a,1791195253880,,,0,,,0,,,20261005_190327,1
1791195257542,watch1,68,64,4,4,playing,watch3,highest_diff,,watch1,True,20,c,1791195252543,,,0,,,0,,,20261005_190327,1
1791195257542,watch2,66,66,0,0,playing,watch3,highest_diff,,watch1,False,20,c,1791195255691,,,0,,,0,,,20261005_190327,1
1791195257542,watch3,67,64,3,3,playing,watch3,highest_diff,,watch1,False,20,c,1791195257381,,,0,,,0,,,20261005_190327,1
1791195259882,watch1,66,64,2,2,playing,watch3,highest_diff,,watch1,True,20,c,1791195258112,,,0,,,0,,,20261005_190327,1
1791195259882,watch2,65,66,-1,1,playing,watch3,highest_diff,,watch1,False,20,c,1791195258715,,,0,,,0,,,20261005_190327,1
1791195259882,watch3,66,64,2,2,playing,watch3,highest_diff,,watch1,False,20,c,1791195259589,,,0,,,0,,,20261005_190327,1
1791195262198,watch1,66,64,2,2,playing,watch3,highest_diff,,watch1,True,20,c,1791195258112,,,0,,,0,,,20261005_190327,1
1791195262198,watch2,65,66,-1,1,playing,watch3,highest_diff,,watch1,False,20,c,1791195261643,,,0,,,0,,,20261005_190327,1
1791195262198,watch3,65,64,1,1,playing,watch3,highest_diff,,watch1,False,20,c,1791195261955,,,0,,,0,,,20261005_190327,1
1791195263843,watch1,64,64,0,0,playing,watch3,highest_diff,,watch1,True,30,a,1791195263662,,,0,,,0,,,20261005_190327,1
1791195263843,watch2,64,66,-2,2,playing,watch3,highest_diff,,watch1,False,30,a,1791195262785,,,0,,,0,,,20261005_190327,1
1791195263843,watch3,63,64,-1,1,playing,watch3,highest_diff,,watch1,False,30,a,1791195263407,,,0,,,0,,,20261005_190327,1
1791195265761,watch1,64,64,0,0,playing,watch3,highest_diff,,watch1,True,30,a,1791195263662,,,0,,,0,,,20261005_190327,1
1791195265761,watch2,63,66,-3,3,playing,watch3,highest_diff,,watch1,False,30,a,1791195264105,,,0,,,0,,,20261005_190327,1
1791195265761,watch3,66,64,2,2,playing,watch3,highest_diff,,watch1,False,30,a,1791195265424,,,0,,,0,,,20261005_190327,1
1791195267925,watch1,66,64,2,2,playing,watch3,highest_diff,,watch1,True,20,a,1791195267092,,,0,,,0,,,20261005_190327,1
1791195267925,watch2,63,66,-3,3,playing,watch3,highest_diff,,watch1,False,20,a,1791195264105,,,0,,,0,,,20261005_190327,1
1791195267925,watch3,68,64,4,4,playing,watch3,highest_diff,,watch1,False,20,a,1791195267624,,,0,,,0,,,20261005_190327,1
1791195269778,watch1,68,64,4,4,playing,watch3,highest_diff,,watch1,True,20,a,1791195269348,,,0,,,0,,,20261005_190327,1
1791195269778,watch2,64,66,-2,2,playing,watch3,highest_diff,,watch1,False,20,a,1791195268806,,,0,,,0,,,20261005_190327,1
1791195269778,watch3,68,64,4,4,playing,watch3,highest_diff,,watch1,False,20,a,1791195267624,,,0,,,0,,,20261005_190327,1
1791195271626,watch1,70,64,6,6,playing,watch3,highest_diff,,watch1,True,10,c,1791195270797,,,0,,,0,,,20261005_190327,1
1791195271626,watch2,64,66,-2,2,playing,watch3,highest_diff,,watch1,False,10,c,1791195268806,,,0,,,0,,,20261005_190327,1
1791195271626,watch3,73,64,9,9,playing,watch3,highest_diff,,watch1,False,10,c,1791195271377,,,0,,,0,,,20261005_190327,1
1791195273801,watch1,71,64,7,7,playing,watch3,highest_diff,,watch1,True,10,c,1791195273099,,,0,,,0,,,20261005_190327,1
1791195273801,watch2,69,66,3,3,playing,watch3,highest_diff,,watch1,False,10,c,1791195273655,,,0,,,0,,,20261005_190327,1
1791195273801,watch3,74,64,10,10,playing,watch3,highest_diff,,watch1,False,10,c,1791195272632,,,0,,,0,,,20261005_190327,1
1791195276009,watch1,72,64,8,8,playing,watch3,highest_diff,,watch1,True,10,a,1791195274653,,,0,,,0,,,20261005_190327,1
1791195276009,watch2,71,66,5,5,playing,watch3,highest_diff,,watch1,False,10,a,1791195275746,,,0,,,0,,,20261005_190327,1
1791195276009,watch3,75,64,11,11,playing,watch3,highest_diff,,watch1,False,10,a,1791195274271,,,0,,,0,,,20261005_190327,1
1791195277703,watch1,71,64,7,7,playing,watch3,highest_diff,,watch1,True,10,a,1791195276915,,,0,,,0,,,20261005_190327,1
1791195277703,watch2,70,66,4,4,playing,watch3,highest_diff,,watch1,False,10,a,1791195277357,,,0,,,0,,,20261005_190327,1
1791195277703,watch3,74,64,10,10,playing,watch3,highest_diff,,watch1,False,10,a,1791195276438,,,0,,,0,,,20261005_190327,1
1791195279755,watch1,70,64,6,6,playing,watch3,highest_diff,,watch1,True,10,a,1791195277955,,,0,,,0,,,20261005_190327,1
1791195279755,watch2,69,66,3,3,playing,watch3,highest_diff,,watch1,False,10,a,1791195279575,,,0,,,0,,,20261005_190327,1
1791195279755,watch3,72,64,8,8,playing,watch3,highest_diff,,watch1,False,10,a,1791195279021,,,0,,,0,,,20261005_190327,1
1791195285294,watch1,69,64,5,5,playing,watch3,highest_diff,,watch1,True,20,c,1791195280786,,,0,,,0,,,20261005_190327,1
1791195285294,watch2,69,66,3,3,playing,watch3,highest_diff,,watch1,False,20,c,1791195279575,,,0,,,0,,,20261005_190327,1
1791195285294,watch3,71,64,7,7,playing,watch3,highest_diff,,watch1,False,20,c,1791195280386,,,0,,,0,,,20261005_190327,1
1791195287196,watch1,67,64,3,3,playing,watch3,highest_diff,,watch2,False,20,c,1791195286638,,,0,,,0,,,20261005_190327,1
1791195287196,watch2,69,66,3,3,playing,watch3,highest_diff,,watch2,True,20,c,1791195279575,,,0,,,0,,,20261005_190327,1
1791195287196,watch3,66,64,2,2,playing,watch3,highest_diff,,watch2,False,20,c,1791195287007,,,0,,,0,,,20261005_190327,1
1791195288998,watch1,66,64,2,2,playing,watch3,highest_diff,,watch2,False,20,a,1791195287858,,,0,,,0,,,20261005_190327,1
1791195288998,watch2,68,66,2,2,playing,watch3,highest_diff,,watch2,True,20,a,1791195287451,,,0,,,0,,,20261005_190327,1
1791195288998,watch3,64,64,0,0,playing,watch3,highest_diff,,watch2,False,20,a,1791195288613,,,0,,,0,,,20261005_190327,1
1791195291104,watch1,65,64,1,1,playing,watch3,highest_diff,,watch1,True,30,c,1791195290762,,,0,,,0,,,20261005_190327,1
1791195291104,watch2,64,66,-2,2,playing,watch3,highest_diff,,watch1,False,30,c,1791195290261,,,0,,,0,,,20261005_190327,1
1791195291104,watch3,65,64,1,1,playing,watch3,highest_diff,,watch1,False,30,c,1791195290762,,,0,,,0,,,20261005_190327,1
1791195293048,watch1,64,64,0,0,playing,watch3,highest_diff,,watch2,False,30,c,1791195292813,,,0,,,0,,,20261005_190327,1
1791195293048,watch2,65,66,-1,1,playing,watch3,highest_diff,,watch2,True,30,c,1791195291854,,,0,,,0,,,20261005_190327,1
1791195293048,watch3,65,64,1,1,playing,watch3,highest_diff,,watch2,False,30,c,1791195292265,,,0,,,0,,,20261005_190327,1
1791195295144,watch1,64,64,0,0,playing,watch3,highest_diff,,watch2,False,30,c,1791195292813,,,0,,,0,,,20261005_190327,1
1791195295144,watch2,65,66,-1,1,playing,watch3,highest_diff,,watch2,True,30,c,1791195294154,,,0,,,0,,,20261005_190327,1
1791195295144,watch3,65,64,1,1,playing,watch3,highest_diff,,watch2,False,30,c,1791195294836,,,0,,,0,,,20261005_190327,1
1791195297310,watch1,65,64,1,1,playing,watch3,highest_diff,,watch1,True,30,c,1791195296200,,,0,,,0,,,20261005_190327,1
1791195297310,watch2,65,66,-1,1,playing,watch3,highest_diff,,watch1,False,30,c,1791195296959,,,0,,,0,,,20261005_190327,1
1791195297310,watch3,65,64,1,1,playing,watch3,highest_diff,,watch1,False,30,c,1791195294836,,,0,,,0,,,20261005_190327,1
1791195299536,watch1,66,64,2,2,playing,watch3,highest_diff,,watch2,False,20,c,1791195299303,,,0,,,0,,,20261005_190327,1
1791195299536,watch2,67,66,1,1,playing,watch3,highest_diff,,watch2,True,20,c,1791195298228,,,0,,,0,,,20261005_190327,1
1791195299536,watch3,68,64,4,4,playing,watch3,highest_diff,,watch2,False,20,c,1791195298688,,,0,,,0,,,20261005_190327,1
