timestamp,device_id,heartbeat,baseline,diff,abs_diff,game_phase,current_turn,control_mode,random_extreme,target_watch,is_target,rpm,direction,source_timestamp,collapse,attackers,attack_count,attack_mode,challenge_direction,score,score_change,score_reason,series_id,game_number
1791190655931,watch3,87,68,19,19,playing,watch1,self_fast,,,False,,,1791190655931,,,,,,0,,,,
1791190656855,watch2,79,88,-9,9,playing,watch1,self_fast,,,False,,,1791190656855,,,,,,0,,,,
1791190656971,watch3,86,68,18,18,playing,watch1,self_fast,,,False,,,1791190656971,,,,,,0,,,,
1791190658863,watch2,76,88,-12,12,playing,watch1,self_fast,,,False,,,1791190658863,,,,,,0,,,,
1791190659949,watch3,85,68,17,17,playing,watch1,self_fast,,,False,,,1791190659949,,,,,,0,,,,
1791190660865,watch2,75,88,-13,13,playing,watch1,self_fast,,,False,,,1791190660865,,,,,,0,,,,
1791190660974,watch3,84,68,16,16,playing,watch1,self_fast,,,False,,,1791190660974,,,,,,0,,,,
1791190664782,watch1,76,76,0,0,playing,watch1,self_fast,,watch1,True,10,c,1791190663830,,,0,,,0,,,20261005_175735,1
1791190664782,watch2,75,88,-13,13,playing,watch1,self_fast,,watch1,False,10,c,1791190663830,,,0,,,0,,,20261005_175735,1
1791190664782,watch3,84,68,16,16,playing,watch1,self_fast,,watch1,False,10,c,1791190663830,,,0,,,0,,,20261005_175735,1
1791190664782,watch4,80,66,14,14,playing,watch1,self_fast,,watch1,False,10,c,1791190663830,,,0,,,0,,,20261005_175735,1
1791190665037,watch4,79,66,13,13,playing,watch1,self_fast,,,False,,,1791190665037,,,,,,0,,,,
1791190665965,watch1,76,76,0,0,playing,watch1,self_fast,,watch1,True,10,a,1791190664935,,,0,,,0,,,20261005_175735,1
1791190665965,watch2,75,88,-13,13,playing,watch1,self_fast,,watch1,False,10,a,1791190664935,,,0,,,0,,,20261005_175735,1
1791190665965,watch3,84,68,16,16,playing,watch1,self_fast,,watch1,False,10,a,1791190664935,,,0,,,0,,,20261005_175735,1
1791190665965,watch4,79,66,13,13,playing,watch1,self_fast,,watch1,False,10,a,1791190665037,,,0,,,0,,,20261005_175735,1
1791190666886,watch2,76,88,-12,12,playing,watch1,self_fast,,,False,,,1791190666886,,,,,,0,,,,
1791190667094,watch1,76,76,0,0,playing,watch1,self_fast,,watch1,True,10,a,1791190666036,,,0,,,0,,,20261005_175735,1
1791190667094,watch2,76,88,-12,12,playing,watch1,self_fast,,watch1,False,10,a,1791190666886,,,0,,,0,,,20261005_175735,1
1791190667094,watch3,84,68,16,16,playing,watch1,self_fast,,watch1,False,10,a,1791190666036,,,0,,,0,,,20261005_175735,1
1791190667094,watch4,77,66,11,11,playing,watch1,self_fast,,watch1,False,10,a,1791190667079,,,0,,,0,,,20261005_175735,1
1791190667079,watch4,77,66,11,11,playing,watch1,self_fast,,,False,,,1791190667079,,,,,,0,,,,
1791190668242,watch1,76,76,0,0,playing,watch1,self_fast,,watch1,True,10,c,1791190667205,,,0,,,0,,,20261005_175735,1
1791190668242,watch2,76,88,-12,12,playing,watch1,self_fast,,watch1,False,10,c,1791190666886,,,0,,,0,,,20261005_175735,1
1791190668242,watch3,84,68,16,16,playing,watch1,self_fast,,watch1,False,10,c,1791190667205,,,0,,,0,,,20261005_175735,1
1791190668242,watch4,77,66,11,11,playing,watch1,self_fast,,watch1,False,10,c,1791190667079,,,0,,,0,,,20261005_175735,1
1791190668906,watch2,77,88,-11,11,playing,watch1,self_fast,,,False,,,1791190668906,,,,,,0,,,,
1791190669019,watch3,83,68,15,15,playing,watch1,self_fast,,,False,,,1791190669019,,,,,,0,,,,
1791190669348,watch1,76,76,0,0,playing,watch1,self_fast,,watch1,True,10,c,1791190668298,,,0,,,0,,,20261005_175735,1
1791190669348,watch2,77,88,-11,11,playing,watch1,self_fast,,watch1,False,10,c,1791190668906,,,0,,,0,,,20261005_175735,1
1791190669348,watch3,83,68,15,15,playing,watch1,self_fast,,watch1,False,10,c,1791190669019,,,0,,,0,,,20261005_175735,1
1791190669348,watch4,77,66,11,11,playing,watch1,self_fast,,watch1,False,10,c,1791190668298,,,0,,,0,,,20261005_175735,1
1791190669907,watch2,78,88,-10,10,playing,watch1,self_fast,,,False,,,1791190669907,,,,,,0,,,,
1791190670023,watch3,82,68,14,14,playing,watch1,self_fast,,,False,,,1791190670023,,,,,,0,,,,
1791190670456,watch1,76,76,0,0,playing,watch1,self_fast,,watch1,True,10,c,1791190669439,,,0,,,0,,,20261005_175735,1
1791190670456,watch2,78,88,-10,10,playing,watch1,self_fast,,watch1,False,10,c,1791190669907,,,0,,,0,,,20261005_175735,1
1791190670456,watch3,82,68,14,14,playing,watch1,self_fast,,watch1,False,10,c,1791190670023,,,0,,,0,,,20261005_175735,1
1791190670456,watch4,77,66,11,11,playing,watch1,self_fast,,watch1,False,10,c,1791190669439,,,0,,,0,,,20261005_175735,1
1791190671696,watch1,76,76,0,0,playing,watch1,self_fast,,watch1,True,10,c,1791190671577,,,0,,,0,,,20261005_175735,1
1791190671696,watch2,78,88,-10,10,playing,watch1,self_fast,,watch1,False,10,c,1791190669907,,,0,,,0,,,20261005_175735,1
1791190671696,watch3,82,68,14,14,playing,watch1,self_fast,,watch1,False,10,c,1791190671577,,,0,,,0,,,20261005_175735,1
1791190671696,watch4,77,66,11,11,playing,watch1,self_fast,,watch1,False,10,c,1791190671577,,,0,,,0,,,20261005_175735,1
1791190671918,watch2,79,88,-9,9,playing,watch1,self_fast,,,False,,,1791190671918,,,,,,0,,,,
1791190672881,watch1,76,76,0,0,playing,watch1,self_fast,,watch1,True,10,c,1791190672736,,,0,,,0,,,20261005_175735,1
1791190672881,watch2,79,88,-9,9,playing,watch1,self_fast,,watch1,False,10,c,1791190671918,,,0,,,0,,,20261005_175735,1
1791190672881,watch3,82,68,14,14,playing,watch1,self_fast,,watch1,False,10,c,1791190672736,,,0,,,0,,,20261005_175735,1
1791190672881,watch4,77,66,11,11,playing,watch1,self_fast,,watch1,False,10,c,1791190672736,,,0,,,0,,,20261005_175735,1
1791190673023,watch3,83,68,15,15,playing,watch1,self_fast,,,False,,,1791190673023,,,,,,0,,,,
1791190673119,watch4,79,66,13,13,playing,watch1,self_fast,,,False,,,1791190673119,,,,,,0,,,,
1791190673981,watch1,76,76,0,0,playing,watch1,self_fast,,watch1,True,10,c,1791190673816,,,0,,,0,,,20261005_175735,1
1791190673981,watch2,79,88,-9,9,playing,watch1,self_fast,,watch1,False,10,c,1791190673816,,,0,,,0,,,20261005_175735,1
1791190673981,watch3,83,68,15,15,playing,watch1,self_fast,,watch1,False,10,c,1791190673023,,,0,,,0,,,20261005_175735,1
1791190673981,watch4,79,66,13,13,playing,watch1,self_fast,,watch1,False,10,c,1791190673119,,,0,,,0,,,20261005_175735,1
1791190674026,watch3,82,68,14,14,playing,watch1,self_fast,,,False,,,1791190674026,,,,,,0,,,,
1791190675086,watch1,76,76,0,0,playing,watch1,self_fast,,watch1,True,10,c,1791190674869,,,0,,,0,,,20261005_175735,1
1791190675086,watch2,79,88,-9,9,playing,watch1,self_fast,,watch1,False,10,c,1791190674869,,,0,,,0,,,20261005_175735,1
1791190675086,watch3,82,68,14,14,playing,watch1,self_fast,,watch1,False,10,c,1791190674026,,,0,,,0,,,20261005_175735,1
1791190675086,watch4,79,66,13,13,playing,watch1,self_fast,,watch1,False,10,c,1791190674869,,,0,,,0,,,20261005_175735,1
1791190676032,watch2,78,88,-10,10,playing,watch1,self_fast,,,False,,,1791190676032,,,,,,0,,,,
1791190676107,watch4,78,66,12,12,playing,watch1,self_fast,,,False,,,1791190676107,,,,,,0,,,,
1791190676243,watch1,76,76,0,0,playing,watch1,self_fast,,watch1,True,10,c,1791190675937,,,0,,,0,,,20261005_175735,1
1791190676243,watch2,78,88,-10,10,playing,watch1,self_fast,,watch1,False,10,c,1791190676032,,,0,,,0,,,20261005_175735,1
1791190676243,watch3,82,68,14,14,playing,watch1,self_fast,,watch1,False,10,c,1791190675937,,,0,,,0,,,20261005_175735,1
1791190676243,watch4,78,66,12,12,playing,watch1,self_fast,,watch1,False,10,c,1791190676107,,,0,,,0,,,20261005_175735,1
1791190677344,watch1,76,76,0,0,playing,watch1,self_fast,,watch1,True,10,c,1791190677031,,,0,,,0,,,20261005_175735,1
1791190677344,watch2,78,88,-10,10,playing,watch1,self_fast,,watch1,False,10,c,1791190676032,,,0,,,0,,,20261005_175735,1
1791190677344,watch3,82,68,14,14,playing,watch1,self_fast,,watch1,False,10,c,1791190677031,,,0,,,0,,,20261005_175735,1
1791190677344,watch4,78,66,12,12,playing,watch1,self_fast,,watch1,False,10,c,1791190676107,,,0,,,0,,,20261005_175735,1
1791190678208,watch4,77,66,11,11,playing,watch1,self_fast,,,False,,,1791190678208,,,,,,0,,,,
1791190678495,watch1,76,76,0,0,playing,watch1,self_fast,,watch1,True,10,c,1791190678113,,,0,,,0,,,20261005_175735,1
1791190678495,watch2,78,88,-10,10,playing,watch1,self_fast,,watch1,False,10,c,1791190678113,,,0,,,0,,,20261005_175735,1
1791190678495,watch3,82,68,14,14,playing,watch1,self_fast,,watch1,False,10,c,1791190678113,,,0,,,0,,,20261005_175735,1
1791190678495,watch4,77,66,11,11,playing,watch1,self_fast,,watch1,False,10,c,1791190678208,,,0,,,0,,,20261005_175735,1
1791190679615,watch1,76,76,0,0,playing,watch1,self_fast,,watch1,True,10,c,1791190679208,,,0,,,0,,,20261005_175735,1
1791190679615,watch2,78,88,-10,10,playing,watch1,self_fast,,watch1,False,10,c,1791190679208,,,0,,,0,,,20261005_175735,1
1791190679615,watch3,82,68,14,14,playing,watch1,self_fast,,watch1,False,10,c,1791190679208,,,0,,,0,,,20261005_175735,1
1791190679615,watch4,77,66,11,11,playing,watch1,self_fast,,watch1,False,10,c,1791190679208,,,0,,,0,,,20261005_175735,1
1791190679958,watch2,79,88,-9,9,playing,watch1,self_fast,,,False,,,1791190679958,,,,,,0,,,,
1791190680185,watch4,76,66,10,10,playing,watch1,self_fast,,,False,,,1791190680185,,,,,,0,,,,
1791190680768,watch1,76,76,0,0,playing,watch1,self_fast,,watch1,True,10,a,1791190680306,,,0,,,0,,,20261005_175735,1
1791190680768,watch2,79,88,-9,9,playing,watch1,self_fast,,watch1,False,10,a,1791190679958,,,0,,,0,,,20261005_175735,1
1791190680768,watch3,82,68,14,14,playing,watch1,self_fast,,watch1,False,10,a,1791190680306,,,0,,,0,,,20261005_175735,1
1791190680768,watch4,76,66,10,10,playing,watch1,self_fast,,watch1,False,10,a,1791190680185,,,0,,,0,,,20261005_175735,1
1791190681044,watch3,79,68,11,11,playing,watch1,self_fast,,,False,,,1791190681044,,,,,,0,,,,
1791190681888,watch1,76,76,0,0,playing,watch1,self_fast,,watch1,True,10,a,1791190681430,,,0,,,0,,,20261005_175735,1
1791190681888,watch2,79,88,-9,9,playing,watch1,self_fast,,watch1,False,10,a,1791190681430,,,0,,,0,,,20261005_175735,1
1791190681888,watch3,79,68,11,11,playing,watch1,self_fast,,watch1,False,10,a,1791190681044,,,0,,,0,,,20261005_175735,1
1791190681888,watch4,76,66,10,10,playing,watch1,self_fast,,watch1,False,10,a,1791190681430,,,0,,,0,,,20261005_175735,1
1791190682052,watch3,78,68,10,10,playing,watch1,self_fast,,,False,,,1791190682052,,,,,,0,,,,
1791190682217,watch4,75,66,9,9,playing,watch1,self_fast,,,False,,,1791190682217,,,,,,0,,,,
1791190683001,watch1,76,76,0,0,playing,watch1,self_fast,,watch1,True,10,a,1791190682528,,,0,,,0,,,20261005_175735,1
1791190683001,watch2,79,88,-9,9,playing,watch1,self_fast,,watch1,False,10,a,1791190682528,,,0,,,0,,,20261005_175735,1
1791190683001,watch3,78,68,10,10,playing,watch1,self_fast,,watch1,False,10,a,1791190682052,,,0,,,0,,,20261005_175735,1
1791190683001,watch4,75,66,9,9,playing,watch1,self_fast,,watch1,False,10,a,1791190682217,,,0,,,0,,,20261005_175735,1
1791190683068,watch3,79,68,11,11,playing,watch1,self_fast,,,False,,,1791190683068,,,,,,0,,,,
1791190684161,watch1,76,76,0,0,playing,watch1,self_fast,,watch1,True,10,c,1791190683666,,,0,,,0,,,20261005_175735,1
1791190684161,watch2,79,88,-9,9,playing,watch1,self_fast,,watch1,False,10,c,1791190683666,,,0,,,0,,,20261005_175735,1
1791190684161,watch3,80,68,12,12,playing,watch1,self_fast,,watch1,False,10,c,1791190684065,,,0,,,0,,,20261005_175735,1
1791190684161,watch4,75,66,9,9,playing,watch1,self_fast,,watch1,False,10,c,1791190683666,,,0,,,0,,,20261005_175735,1
1791190684219,watch4,76,66,10,10,playing,watch1,self_fast,,,False,,,1791190684219,,,,,,0,,,,
1791190685072,watch3,81,68,13,13,playing,watch1,self_fast,,,False,,,1791190685072,,,,,,0,,,,
1791190685276,watch1,76,76,0,0,playing,watch1,self_fast,,watch1,True,10,c,1791190684738,,,0,,,0,,,20261005_175735,1
1791190685276,watch2,79,88,-9,9,playing,watch1,self_fast,,watch1,False,10,c,1791190684738,,,0,,,0,,,20261005_175735,1
1791190685276,watch3,81,68,13,13,playing,watch1,self_fast,,watch1,False,10,c,1791190685072,,,0,,,0,,,20261005_175735,1
1791190685276,watch4,76,66,10,10,playing,watch1,self_fast,,watch1,False,10,c,1791190684219,,,0,,,0,,,20261005_175735,1
1791190687646,watch1,76,76,0,0,playing,watch1,self_fast,,watch1,True,10,a,1791190685792,,,0,,,0,,,20261005_175735,1
1791190687646,watch2,79,88,-9,9,playing,watch1,self_fast,,watch1,False,10,a,1791190685792,,,0,,,0,,,20261005_175735,1
1791190687646,watch3,81,68,13,13,playing,watch1,self_fast,,watch1,False,10,a,1791190685072,,,0,,,0,,,20261005_175735,1
1791190687646,watch4,76,66,10,10,playing,watch1,self_fast,,watch1,False,10,a,1791190685792,,,0,,,0,,,20261005_175735,1
1791190688090,watch3,82,68,14,14,playing,watch1,self_fast,,,False,,,1791190688090,,,,,,0,,,,
1791190688246,watch4,79,66,13,13,playing,watch1,self_fast,,,False,,,1791190688246,,,,,,0,,,,
1791190688848,watch1,76,76,0,0,playing,watch2,self_fast,,watch2,False,10,a,1791190688596,,,0,,,0,,,20261005_175735,1
1791190688848,watch2,79,88,-9,9,playing,watch2,self_fast,,watch2,True,10,a,1791190688596,,,0,,,0,,,20261005_175735,1
1791190688848,watch3,82,68,14,14,playing,watch2,self_fast,,watch2,False,10,a,1791190688090,,,0,,,0,,,20261005_175735,1
1791190688848,watch4,79,66,13,13,playing,watch2,self_fast,,watch2,False,10,a,1791190688246,,,0,,,0,,,20261005_175735,1
1791190688949,watch1,69,76,-7,7,playing,watch2,self_fast,,watch1,True,10,a,1791190688949,,,0,,,0,,,,
1791190690032,watch1,70,76,-6,6,playing,watch2,self_fast,,watch2,False,10,a,1791190689937,,,0,,,0,,,20261005_175735,1
1791190690032,watch2,79,88,-9,9,playing,watch2,self_fast,,watch2,True,10,a,1791190689660,,,0,,,0,,,20261005_175735,1
1791190690032,watch3,82,68,14,14,playing,watch2,self_fast,,watch2,False,10,a,1791190689660,,,0,,,0,,,20261005_175735,1
1791190690032,watch4,79,66,13,13,playing,watch2,self_fast,,watch2,False,10,a,1791190689660,,,0,,,0,,,20261005_175735,1
1791190690281,watch4,82,66,16,16,playing,watch2,self_fast,,,False,,,1791190690281,,,,,,0,,,,
1791190691153,watch1,70,76,-6,6,playing,watch2,self_fast,,watch2,False,10,a,1791190689937,,,0,,,0,,,20261005_175735,1
1791190691153,watch2,79,88,-9,9,playing,watch2,self_fast,,watch2,True,10,a,1791190690735,,,0,,,0,,,20261005_175735,1
1791190691153,watch3,82,68,14,14,playing,watch2,self_fast,,watch2,False,10,a,1791190690735,,,0,,,0,,,20261005_175735,1
1791190691153,watch4,82,66,16,16,playing,watch2,self_fast,,watch2,False,10,a,1791190690281,,,0,,,0,,,20261005_175735,1
1791190692051,watch1,71,76,-5,5,playing,watch2,self_fast,,watch1,True,10,a,1791190692051,,,0,,,0,,,,
1791190692268,watch1,71,76,-5,5,playing,watch2,self_fast,,watch2,False,10,c,1791190692051,,,0,,,0,,,20261005_175735,1
1791190692268,watch2,79,88,-9,9,playing,watch2,self_fast,,watch2,True,10,c,1791190691791,,,0,,,0,,,20261005_175735,1
1791190692268,watch3,82,68,14,14,playing,watch2,self_fast,,watch2,False,10,c,1791190691791,,,0,,,0,,,20261005_175735,1
1791190692268,watch4,82,66,16,16,playing,watch2,self_fast,,watch2,False,10,c,1791190691791,,,0,,,0,,,20261005_175735,1
1791190692318,watch4,81,66,15,15,playing,watch2,self_fast,,,False,,,1791190692318,,,,,,0,,,,
1791190693298,watch4,78,66,12,12,playing,watch2,self_fast,,,False,,,1791190693298,,,,,,0,,,,
1791190693491,watch1,71,76,-5,5,playing,watch2,self_fast,,watch2,False,10,c,1791190692051,,,0,,,0,,,20261005_175735,1
1791190693491,watch2,79,88,-9,9,playing,watch2,self_fast,,watch2,True,10,c,1791190692885,,,0,,,0,,,20261005_175735,1
1791190693491,watch3,82,68,14,14,playing,watch2,self_fast,,watch2,False,10,c,1791190692885,,,0,,,0,,,20261005_175735,1
1791190693491,watch4,78,66,12,12,playing,watch2,self_fast,,watch2,False,10,c,1791190693298,,,0,,,0,,,20261005_175735,1
1791190694607,watch1,71,76,-5,5,playing,watch2,self_fast,,watch2,False,10,c,1791190693947,,,0,,,0,,,20261005_175735,1
1791190694607,watch2,79,88,-9,9,playing,watch2,self_fast,,watch2,True,10,c,1791190693947,,,0,,,0,,,20261005_175735,1
1791190694607,watch3,82,68,14,14,playing,watch2,self_fast,,watch2,False,10,c,1791190693947,,,0,,,0,,,20261005_175735,1
1791190694607,watch4,78,66,12,12,playing,watch2,self_fast,,watch2,False,10,c,1791190693298,,,0,,,0,,,20261005_175735,1
1791190695309,watch4,76,66,10,10,playing,watch2,self_fast,,,False,,,1791190695309,,,,,,0,,,,
1791190695729,watch1,71,76,-5,5,playing,watch2,self_fast,,watch2,False,10,a,1791190695107,,,0,,,0,,,20261005_175735,1
1791190695729,watch2,79,88,-9,9,playing,watch2,self_fast,,watch2,True,10,a,1791190695107,,,0,,,0,,,20261005_175735,1
1791190695729,watch3,82,68,14,14,playing,watch2,self_fast,,watch2,False,10,a,1791190695107,,,0,,,0,,,20261005_175735,1
1791190695729,watch4,76,66,10,10,playing,watch2,self_fast,,watch2,False,10,a,1791190695309,,,0,,,0,,,20261005_175735,1
1791190695979,watch1,74,76,-2,2,playing,watch2,self_fast,,watch1,True,10,a,1791190695979,,,0,,,0,,,,
1791190696110,watch3,83,68,15,15,playing,watch2,self_fast,,,False,,,1791190696110,,,,,,0,,,,
1791190696851,watch1,74,76,-2,2,playing,watch2,self_fast,,watch2,False,10,a,1791190695979,,,0,,,0,,,20261005_175735,1
1791190696851,watch2,79,88,-9,9,playing,watch2,self_fast,,watch2,True,10,a,1791190696208,,,0,,,0,,,20261005_175735,1
1791190696851,watch3,83,68,15,15,playing,watch2,self_fast,,watch2,False,10,a,1791190696110,,,0,,,0,,,20261005_175735,1
1791190696851,watch4,76,66,10,10,playing,watch2,self_fast,,watch2,False,10,a,1791190695309,,,0,,,0,,,20261005_175735,1
1791190697000,watch1,75,76,-1,1,playing,watch2,self_fast,,watch1,True,10,a,1791190697000,,,0,,,0,,,,
1791190697116,watch3,84,68,16,16,playing,watch2,self_fast,,,False,,,1791190697116,,,,,,0,,,,
1791190697336,watch4,74,66,8,8,playing,watch2,self_fast,,,False,,,1791190697336,,,,,,0,,,,
1791190697966,watch1,75,76,-1,1,playing,watch2,self_fast,,watch2,False,10,a,1791190697000,,,0,,,0,,,20261005_175735,1
1791190697966,watch2,79,88,-9,9,playing,watch2,self_fast,,watch2,True,10,a,1791190697262,,,0,,,0,,,20261005_175735,1
1791190697966,watch3,84,68,16,16,playing,watch2,self_fast,,watch2,False,10,a,1791190697116,,,0,,,0,,,20261005_175735,1
1791190697966,watch4,74,66,8,8,playing,watch2,self_fast,,watch2,False,10,a,1791190697336,,,0,,,0,,,20261005_175735,1
1791190698130,watch3,80,68,12,12,playing,watch2,self_fast,,,False,,,1791190698130,,,,,,0,,,,
1791190699094,watch1,75,76,-1,1,playing,watch2,self_fast,,watch2,False,10,a,1791190698332,,,0,,,0,,,20261005_175735,1
1791190699094,watch2,79,88,-9,9,playing,watch2,self_fast,,watch2,True,10,a,1791190698332,,,0,,,0,,,20261005_175735,1
1791190699094,watch3,80,68,12,12,playing,watch2,self_fast,,watch2,False,10,a,1791190698130,,,0,,,0,,,20261005_175735,1
1791190699094,watch4,74,66,8,8,playing,watch2,self_fast,,watch2,False,10,a,1791190697336,,,0,,,0,,,20261005_175735,1
1791190699169,watch3,79,68,11,11,playing,watch2,self_fast,,,False,,,1791190699169,,,,,,0,,,,
1791190700138,watch3,77,68,9,9,playing,watch2,self_fast,,,False,,,1791190700138,,,,,,0,,,,
1791190700293,watch1,75,76,-1,1,playing,watch2,self_fast,,watch2,False,10,a,1791190699431,,,0,,,0,,,20261005_175735,1
1791190700293,watch2,79,88,-9,9,playing,watch2,self_fast,,watch2,True,10,a,1791190699431,,,0,,,0,,,20261005_175735,1
1791190700293,watch3,77,68,9,9,playing,watch2,self_fast,,watch2,False,10,a,1791190700138,,,0,,,0,,,20261005_175735,1
1791190700293,watch4,74,66,8,8,playing,watch2,self_fast,,watch2,False,10,a,1791190699431,,,0,,,0,,,20261005_175735,1
1791190701136,watch3,75,68,7,7,playing,watch2,self_fast,,,False,,,1791190701136,,,,,,0,,,,
1791190701373,watch4,76,66,10,10,playing,watch2,self_fast,,,False,,,1791190701373,,,,,,0,,,,
1791190701533,watch1,75,76,-1,1,playing,watch2,self_fast,,watch2,False,10,a,1791190700539,,,0,,,0,,,20261005_175735,1
1791190701533,watch2,79,88,-9,9,playing,watch2,self_fast,,watch2,True,10,a,1791190700539,,,0,,,0,,,20261005_175735,1
1791190701533,watch3,75,68,7,7,playing,watch2,self_fast,,watch2,False,10,a,1791190701136,,,0,,,0,,,20261005_175735,1
1791190701533,watch4,76,66,10,10,playing,watch2,self_fast,,watch2,False,10,a,1791190701373,,,0,,,0,,,20261005_175735,1
1791190702023,watch1,76,76,0,0,playing,watch2,self_fast,,watch1,True,10,a,1791190702023,,,0,,,0,,,,
1791190702152,watch3,74,68,6,6,playing,watch2,self_fast,,,False,,,1791190702152,,,,,,0,,,,
1791190702653,watch1,76,76,0,0,playing,watch2,self_fast,,watch2,False,10,a,1791190702023,,,0,,,0,,,20261005_175735,1
1791190702653,watch2,79,88,-9,9,playing,watch2,self_fast,,watch2,True,10,a,1791190701626,,,0,,,0,,,20261005_175735,1
1791190702653,watch3,74,68,6,6,playing,watch2,self_fast,,watch2,False,10,a,1791190702152,,,0,,,0,,,20261005_175735,1
1791190702653,watch4,76,66,10,10,playing,watch2,self_fast,,watch2,False,10,a,1791190701373,,,0,,,0,,,20261005_175735,1
1791190703165,watch3,73,68,5,5,playing,watch2,self_fast,,,False,,,1791190703165,,,,,,0,,,,
1791190703370,watch4,75,66,9,9,playing,watch2,self_fast,,,False,,,1791190703370,,,,,,0,,,,
1791190703786,watch1,76,76,0,0,playing,watch2,self_fast,,watch2,False,10,a,1791190703770,,,0,,,0,,,20261005_175735,1
1791190703786,watch2,79,88,-9,9,playing,watch2,self_fast,,watch2,True,10,a,1791190702722,,,0,,,0,,,20261005_175735,1
1791190703786,watch3,73,68,5,5,playing,watch2,self_fast,,watch2,False,10,a,1791190703165,,,0,,,0,,,20261005_175735,1
1791190703786,watch4,75,66,9,9,playing,watch2,self_fast,,watch2,False,10,a,1791190703370,,,0,,,0,,,20261005_175735,1
1791190704178,watch3,74,68,6,6,playing,watch2,self_fast,,,False,,,1791190704178,,,,,,0,,,,
1791190705030,watch1,76,76,0,0,playing,watch2,self_fast,,watch2,False,10,a,1791190704852,,,0,,,0,,,20261005_175735,1
1791190705030,watch2,79,88,-9,9,playing,watch2,self_fast,,watch2,True,10,a,1791190704852,,,0,,,0,,,20261005_175735,1
1791190705030,watch3,74,68,6,6,playing,watch2,self_fast,,watch2,False,10,a,1791190704178,,,0,,,0,,,20261005_175735,1
1791190705030,watch4,75,66,9,9,playing,watch2,self_fast,,watch2,False,10,a,1791190704852,,,0,,,0,,,20261005_175735,1
1791190705057,watch1,83,76,7,7,playing,watch2,self_fast,,watch1,True,10,a,1791190705057,,,0,,,0,,,,
1791190705193,watch3,77,68,9,9,playing,watch2,self_fast,,,False,,,1791190705193,,,,,,0,,,,
1791190705399,watch4,77,66,11,11,playing,watch2,self_fast,,,False,,,1791190705399,,,,,,0,,,,
1791190706173,watch1,83,76,7,7,playing,watch2,self_fast,,watch2,False,10,a,1791190705057,,,0,,,0,,,20261005_175735,1
1791190706173,watch2,79,88,-9,9,playing,watch2,self_fast,,watch2,True,10,a,1791190705992,,,0,,,0,,,20261005_175735,1
1791190706173,watch3,77,68,9,9,playing,watch2,self_fast,,watch2,False,10,a,1791190705193,,,0,,,0,,,20261005_175735,1
1791190706173,watch4,77,66,11,11,playing,watch2,self_fast,,watch2,False,10,a,1791190705399,,,0,,,0,,,20261005_175735,1
1791190706195,watch3,80,68,12,12,playing,watch2,self_fast,,,False,,,1791190706195,,,,,,0,,,,
1791190707210,watch3,81,68,13,13,playing,watch2,self_fast,,,False,,,1791190707210,,,,,,0,,,,
1791190707369,watch1,83,76,7,7,playing,watch2,self_fast,,watch2,False,10,c,1791190707020,,,0,,,0,,,20261005_175735,1
1791190707369,watch2,79,88,-9,9,playing,watch2,self_fast,,watch2,True,10,c,1791190707020,,,0,,,0,,,20261005_175735,1
1791190707369,watch3,81,68,13,13,playing,watch2,self_fast,,watch2,False,10,c,1791190707210,,,0,,,0,,,20261005_175735,1
1791190707369,watch4,77,66,11,11,playing,watch2,self_fast,,watch2,False,10,c,1791190707020,,,0,,,0,,,20261005_175735,1
1791190707408,watch4,79,66,13,13,playing,watch2,self_fast,,,False,,,1791190707408,,,,,,0,,,,
1791190708500,watch1,83,76,7,7,playing,watch2,self_fast,,watch2,False,10,c,1791190708152,,,0,,,0,,,20261005_175735,1
1791190708500,watch2,79,88,-9,9,playing,watch2,self_fast,,watch2,True,10,c,1791190708152,,,0,,,0,,,20261005_175735,1
1791190708500,watch3,81,68,13,13,playing,watch2,self_fast,,watch2,False,10,c,1791190707210,,,0,,,0,,,20261005_175735,1
1791190708500,watch4,79,66,13,13,playing,watch2,self_fast,,watch2,False,10,c,1791190707408,,,0,,,0,,,20261005_175735,1
1791190709418,watch4,80,66,14,14,playing,watch2,self_fast,,,False,,,1791190709418,,,,,,0,,,,
1791190709653,watch1,83,76,7,7,playing,watch2,self_fast,,watch2,False,10,c,1791190709205,,,0,,,0,,,20261005_175735,1
1791190709653,watch2,79,88,-9,9,playing,watch2,self_fast,,watch2,True,10,c,1791190709205,,,0,,,0,,,20261005_175735,1
1791190709653,watch3,81,68,13,13,playing,watch2,self_fast,,watch2,False,10,c,1791190709205,,,0,,,0,,,20261005_175735,1
1791190709653,watch4,80,66,14,14,playing,watch2,self_fast,,watch2,False,10,c,1791190709418,,,0,,,0,,,20261005_175735,1
1791190710812,watch1,83,76,7,7,playing,watch2,self_fast,,watch2,False,10,c,1791190710303,,,0,,,0,,,20261005_175735,1
1791190710812,watch2,79,88,-9,9,playing,watch2,self_fast,,watch2,True,10,c,1791190710303,,,0,,,0,,,20261005_175735,1
1791190710812,watch3,81,68,13,13,playing,watch2,self_fast,,watch2,False,10,c,1791190710303,,,0,,,0,,,20261005_175735,1
1791190710812,watch4,80,66,14,14,playing,watch2,self_fast,,watch2,False,10,c,1791190709418,,,0,,,0,,,20261005_175735,1
1791190711215,watch3,73,68,5,5,playing,watch2,self_fast,,,False,,,1791190711215,,,,,,0,,,,
1791190711953,watch1,83,76,7,7,playing,watch3,self_fast,,watch3,False,10,c,1791190711472,,,0,,,0,,,20261005_175735,1
1791190711953,watch2,79,88,-9,9,playing,watch3,self_fast,,watch3,False,10,c,1791190711472,,,0,,,0,,,20261005_175735,1
1791190711953,watch3,73,68,5,5,playing,watch3,self_fast,,watch3,True,10,c,1791190711215,,,0,,,0,,,20261005_175735,1
1791190711953,watch4,80,66,14,14,playing,watch3,self_fast,,watch3,False,10,c,1791190711472,,,0,,,0,,,20261005_175735,1
1791190712224,watch3,69,68,1,1,playing,watch3,self_fast,,watch3,True,10,c,1791190712224,,,0,,,0,,,,
1791190713129,watch1,83,76,7,7,playing,watch3,self_fast,,watch3,False,20,a,1791190712563,,,0,,,0,,,20261005_175735,1
1791190713129,watch2,79,88,-9,9,playing,watch3,self_fast,,watch3,False,20,a,1791190712563,,,0,,,0,,,20261005_175735,1
1791190713129,watch3,69,68,1,1,playing,watch3,self_fast,,watch3,True,20,a,1791190712224,,,0,,,0,,,20261005_175735,1
1791190713129,watch4,80,66,14,14,playing,watch3,self_fast,,watch3,False,20,a,1791190712563,,,0,,,0,,,20261005_175735,1
1791190714262,watch1,83,76,7,7,playing,watch3,self_fast,,watch3,False,20,a,1791190713644,,,0,,,0,,,20261005_175735,1
1791190714262,watch2,79,88,-9,9,playing,watch3,self_fast,,watch3,False,20,a,1791190713644,,,0,,,0,,,20261005_175735,1
1791190714262,watch3,68,68,0,0,playing,watch3,self_fast,,watch3,True,20,a,1791190714234,,,0,,,0,,,20261005_175735,1
1791190714262,watch4,80,66,14,14,playing,watch3,self_fast,,watch3,False,20,a,1791190713644,,,0,,,0,,,20261005_175735,1
1791190714234,watch3,68,68,0,0,playing,watch3,self_fast,,watch3,True,20,a,1791190714234,,,0,,,0,,,,
1791190715086,watch1,84,76,8,8,playing,watch3,self_fast,,watch1,True,10,a,1791190715086,,,0,,,0,,,,
1791190715578,watch1,84,76,8,8,playing,watch3,self_fast,,watch3,False,20,a,1791190715086,,,0,,,0,,,20261005_175735,1
1791190715578,watch2,79,88,-9,9,playing,watch3,self_fast,,watch3,False,20,a,1791190714785,,,0,,,0,,,20261005_175735,1
1791190715578,watch3,68,68,0,0,playing,watch3,self_fast,,watch3,True,20,a,1791190714234,,,0,,,0,,,20261005_175735,1
1791190715578,watch4,80,66,14,14,playing,watch3,self_fast,,watch3,False,20,a,1791190714785,,,0,,,0,,,20261005_175735,1
1791190716725,watch1,84,76,8,8,playing,watch3,self_fast,,watch3,False,20,c,1791190715086,,,0,,,0,,,20261005_175735,1
1791190716725,watch2,79,88,-9,9,playing,watch3,self_fast,,watch3,False,20,c,1791190715865,,,0,,,0,,,20261005_175735,1
1791190716725,watch3,68,68,0,0,playing,watch3,self_fast,,watch3,True,20,c,1791190715865,,,0,,,0,,,20261005_175735,1
1791190716725,watch4,80,66,14,14,playing,watch3,self_fast,,watch3,False,20,c,1791190715865,,,0,,,0,,,20261005_175735,1
1791190717247,watch3,71,68,3,3,playing,watch3,self_fast,,watch3,True,20,c,1791190717247,,,0,,,0,,,,
1791190717887,watch1,84,76,8,8,playing,watch3,self_fast,,watch3,False,10,c,1791190716948,,,0,,,0,,,20261005_175735,1
1791190717887,watch2,79,88,-9,9,playing,watch3,self_fast,,watch3,False,10,c,1791190716948,,,0,,,0,,,20261005_175735,1
1791190717887,watch3,71,68,3,3,playing,watch3,self_fast,,watch3,True,10,c,1791190717247,,,0,,,0,,,20261005_175735,1
1791190717887,watch4,80,66,14,14,playing,watch3,self_fast,,watch3,False,10,c,1791190716948,,,0,,,0,,,20261005_175735,1
1791190718141,watch1,83,76,7,7,playing,watch3,self_fast,,watch1,True,10,a,1791190718141,,,0,,,0,,,,
1791190719688,watch1,83,76,7,7,playing,watch3,self_fast,,watch3,False,10,c,1791190718141,,,0,,,0,,,20261005_175735,1
1791190719688,watch2,79,88,-9,9,playing,watch3,self_fast,,watch3,False,10,c,1791190718061,,,0,,,0,,,20261005_175735,1
1791190719688,watch3,71,68,3,3,playing,watch3,self_fast,,watch3,True,10,c,1791190717247,,,0,,,0,,,20261005_175735,1
1791190719688,watch4,79,66,13,13,playing,watch3,self_fast,,watch3,False,10,c,1791190719559,,,0,,,0,,,20261005_175735,1
1791190720264,watch3,72,68,4,4,playing,watch3,self_fast,,watch3,True,10,c,1791190720264,,,0,,,0,,,,
1791190720852,watch1,83,76,7,7,playing,watch3,self_fast,,watch3,False,10,c,1791190719727,,,0,,,0,,,20261005_175735,1
1791190720852,watch2,79,88,-9,9,playing,watch3,self_fast,,watch3,False,10,c,1791190719727,,,0,,,0,,,20261005_175735,1
1791190720852,watch3,72,68,4,4,playing,watch3,self_fast,,watch3,True,10,c,1791190720264,,,0,,,0,,,20261005_175735,1
1791190720852,watch4,79,66,13,13,playing,watch3,self_fast,,watch3,False,10,c,1791190719559,,,0,,,0,,,20261005_175735,1
1791190722007,watch1,83,76,7,7,playing,watch3,self_fast,,watch3,False,10,c,1791190720880,,,0,,,0,,,20261005_175735,1
1791190722007,watch2,79,88,-9,9,playing,watch3,self_fast,,watch3,False,10,c,1791190720880,,,0,,,0,,,20261005_175735,1
1791190722007,watch3,72,68,4,4,playing,watch3,self_fast,,watch3,True,10,c,1791190721973,,,0,,,0,,,20261005_175735,1
1791190722007,watch4,79,66,13,13,playing,watch3,self_fast,,watch3,False,10,c,1791190720880,,,0,,,0,,,20261005_175735,1
1791190722178,watch1,84,76,8,8,playing,watch3,self_fast,,watch1,True,10,a,1791190722178,,,0,,,0,,,,
1791190722286,watch3,73,68,5,5,playing,watch3,self_fast,,watch3,True,10,c,1791190722286,,,0,,,0,,,,
1791190722530,watch4,77,66,11,11,playing,watch3,self_fast,,,False,,,1791190722530,,,,,,0,,,,
1791190723283,watch1,84,76,8,8,playing,watch3,self_fast,,watch3,False,10,c,1791190723178,,,0,,,0,,,20261005_175735,1
1791190723283,watch2,79,88,-9,9,playing,watch3,self_fast,,watch3,False,10,c,1791190723178,,,0,,,0,,,20261005_175735,1
1791190723283,watch3,73,68,5,5,playing,watch3,self_fast,,watch3,True,10,c,1791190722286,,,0,,,0,,,20261005_175735,1
1791190723283,watch4,77,66,11,11,playing,watch3,self_fast,,watch3,False,10,c,1791190722530,,,0,,,0,,,20261005_175735,1
1791190724428,watch1,84,76,8,8,playing,watch3,self_fast,,watch3,False,10,c,1791190724247,,,0,,,0,,,20261005_175735,1
1791190724428,watch2,79,88,-9,9,playing,watch3,self_fast,,watch3,False,10,c,1791190724247,,,0,,,0,,,20261005_175735,1
1791190724428,watch3,73,68,5,5,playing,watch3,self_fast,,watch3,True,10,c,1791190724247,,,0,,,0,,,20261005_175735,1
1791190724428,watch4,77,66,11,11,playing,watch3,self_fast,,watch3,False,10,c,1791190724247,,,0,,,0,,,20261005_175735,1
1791190724560,watch4,78,66,12,12,playing,watch3,self_fast,,,False,,,1791190724560,,,,,,0,,,,
1791190725124,watch1,83,76,7,7,playing,watch3,self_fast,,watch1,True,10,a,1791190725124,,,0,,,0,,,,
1791190725346,watch3,74,68,6,6,playing,watch3,self_fast,,watch3,True,10,c,1791190725346,,,0,,,0,,,,
1791190725631,watch1,83,76,7,7,playing,watch3,self_fast,,watch3,False,10,c,1791190725124,,,0,,,0,,,20261005_175735,1
1791190725631,watch2,79,88,-9,9,playing,watch3,self_fast,,watch3,False,10,c,1791190725498,,,0,,,0,,,20261005_175735,1
1791190725631,watch3,74,68,6,6,playing,watch3,self_fast,,watch3,True,10,c,1791190725346,,,0,,,0,,,20261005_175735,1
1791190725631,watch4,78,66,12,12,playing,watch3,self_fast,,watch3,False,10,c,1791190724560,,,0,,,0,,,20261005_175735,1
1791190726253,watch2,81,88,-7,7,playing,watch3,self_fast,,watch2,True,10,c,1791190726253,,,0,,,0,,,,
1791190726644,watch4,76,66,10,10,playing,watch3,self_fast,,,False,,,1791190726644,,,,,,0,,,,
1791190726866,watch1,83,76,7,7,playing,watch3,self_fast,,watch3,False,10,c,1791190726567,,,0,,,0,,,20261005_175735,1
1791190726866,watch2,81,88,-7,7,playing,watch3,self_fast,,watch3,False,10,c,1791190726253,,,0,,,0,,,20261005_175735,1
1791190726866,watch3,74,68,6,6,playing,watch3,self_fast,,watch3,True,10,c,1791190726567,,,0,,,0,,,20261005_175735,1
1791190726866,watch4,76,66,10,10,playing,watch3,self_fast,,watch3,False,10,c,1791190726644,,,0,,,0,,,20261005_175735,1
1791190727307,watch3,75,68,7,7,playing,watch3,self_fast,,watch3,True,10,c,1791190727307,,,0,,,0,,,,
1791190728036,watch1,83,76,7,7,playing,watch3,self_fast,,watch3,False,10,c,1791190727643,,,0,,,0,,,20261005_175735,1
1791190728036,watch2,81,88,-7,7,playing,watch3,self_fast,,watch3,False,10,c,1791190727643,,,0,,,0,,,20261005_175735,1
1791190728036,watch3,75,68,7,7,playing,watch3,self_fast,,watch3,True,10,c,1791190727307,,,0,,,0,,,20261005_175735,1
1791190728036,watch4,76,66,10,10,playing,watch3,self_fast,,watch3,False,10,c,1791190726644,,,0,,,0,,,20261005_175735,1
1791190728367,watch2,80,88,-8,8,playing,watch3,self_fast,,watch2,True,10,c,1791190728367,,,0,,,0,,,,
1791190728603,watch4,77,66,11,11,playing,watch3,self_fast,,,False,,,1791190728603,,,,,,0,,,,
1791190729424,watch1,84,76,8,8,playing,watch3,self_fast,,watch3,False,10,c,1791190729173,,,0,,,0,,,20261005_175735,1
1791190729424,watch2,80,88,-8,8,playing,watch3,self_fast,,watch3,False,10,c,1791190728367,,,0,,,0,,,20261005_175735,1
1791190729424,watch3,75,68,7,7,playing,watch3,self_fast,,watch3,True,10,c,1791190728720,,,0,,,0,,,20261005_175735,1
1791190729424,watch4,77,66,11,11,playing,watch3,self_fast,,watch3,False,10,c,1791190728603,,,0,,,0,,,20261005_175735,1
1791190730194,watch2,79,88,-9,9,playing,watch3,self_fast,,watch2,True,10,c,1791190730194,,,0,,,0,,,,
1791190730615,watch1,84,76,8,8,playing,watch3,self_fast,,watch3,False,10,c,1791190729173,,,0,,,0,,,20261005_175735,1
1791190730615,watch2,79,88,-9,9,playing,watch3,self_fast,,watch3,False,10,c,1791190730194,,,0,,,0,,,20261005_175735,1
1791190730615,watch3,75,68,7,7,playing,watch3,self_fast,,watch3,True,10,c,1791190729783,,,0,,,0,,,20261005_175735,1
1791190730615,watch4,77,66,11,11,playing,watch3,self_fast,,watch3,False,10,c,1791190729783,,,0,,,0,,,20261005_175735,1
1791190730639,watch4,76,66,10,10,playing,watch3,self_fast,,,False,,,1791190730639,,,,,,0,,,,
1791190731323,watch3,76,68,8,8,playing,watch3,self_fast,,watch3,True,10,c,1791190731323,,,0,,,0,,,,
1791190731827,watch1,84,76,8,8,playing,watch3,self_fast,,watch3,False,10,a,1791190730864,,,0,,,0,,,20261005_175735,1
1791190731827,watch2,79,88,-9,9,playing,watch3,self_fast,,watch3,False,10,a,1791190730194,,,0,,,0,,,20261005_175735,1
1791190731827,watch3,76,68,8,8,playing,watch3,self_fast,,watch3,True,10,a,1791190731323,,,0,,,0,,,20261005_175735,1
1791190731827,watch4,76,66,10,10,playing,watch3,self_fast,,watch3,False,10,a,1791190730639,,,0,,,0,,,20261005_175735,1
1791190732988,watch1,84,76,8,8,playing,watch4,self_fast,,watch4,False,10,a,1791190731919,,,0,,,0,,,20261005_175735,1
1791190732988,watch2,79,88,-9,9,playing,watch4,self_fast,,watch4,False,10,a,1791190731919,,,0,,,0,,,20261005_175735,1
1791190732988,watch3,76,68,8,8,playing,watch4,self_fast,,watch4,False,10,a,1791190731323,,,0,,,0,,,20261005_175735,1
1791190732988,watch4,76,66,10,10,playing,watch4,self_fast,,watch4,True,10,a,1791190731919,,,0,,,0,,,20261005_175735,1
1791190733351,watch3,77,68,9,9,playing,watch4,self_fast,,watch3,True,10,a,1791190733351,,,0,,,0,,,,
1791190733642,watch4,75,66,9,9,playing,watch4,self_fast,,watch4,True,10,a,1791190733642,,,0,,,0,,,,
1791190734166,watch1,84,76,8,8,playing,watch4,self_fast,,watch4,False,10,a,1791190733003,,,0,,,0,,,20261005_175735,1
1791190734166,watch2,79,88,-9,9,playing,watch4,self_fast,,watch4,False,10,a,1791190733003,,,0,,,0,,,20261005_175735,1
1791190734166,watch3,77,68,9,9,playing,watch4,self_fast,,watch4,False,10,a,1791190733351,,,0,,,0,,,20261005_175735,1
1791190734166,watch4,75,66,9,9,playing,watch4,self_fast,,watch4,True,10,a,1791190733642,,,0,,,0,,,20261005_175735,1
1791190734293,watch1,85,76,9,9,playing,watch4,self_fast,,watch1,True,10,a,1791190734293,,,0,,,0,,,,
1791190735197,watch1,86,76,10,10,playing,watch4,self_fast,,watch1,True,10,a,1791190735197,,,0,,,0,,,,
1791190735327,watch2,81,88,-7,7,playing,watch4,self_fast,,watch2,True,10,c,1791190735327,,,0,,,0,,,,
1791190735542,watch1,86,76,10,10,playing,watch4,self_fast,,watch4,False,10,a,1791190735197,,,0,,,0,,,20261005_175735,1
1791190735542,watch2,81,88,-7,7,playing,watch4,self_fast,,watch4,False,10,a,1791190735327,,,0,,,0,,,20261005_175735,1
1791190735542,watch3,77,68,9,9,playing,watch4,self_fast,,watch4,False,10,a,1791190735503,,,0,,,0,,,20261005_175735,1
1791190735542,watch4,75,66,9,9,playing,watch4,self_fast,,watch4,True,10,a,1791190733642,,,0,,,0,,,20261005_175735,1
1791190735576,watch3,76,68,8,8,playing,watch4,self_fast,,watch3,True,10,a,1791190735576,,,0,,,0,,,,
1791190735780,watch4,76,66,10,10,playing,watch4,self_fast,,watch4,True,10,a,1791190735780,,,0,,,0,,,,
1791190736348,watch3,73,68,5,5,playing,watch4,self_fast,,watch3,True,10,a,1791190736348,,,0,,,0,,,,
1791190736729,watch1,86,76,10,10,playing,watch4,self_fast,,watch4,False,10,c,1791190736573,,,0,,,0,,,20261005_175735,1
1791190736729,watch2,81,88,-7,7,playing,watch4,self_fast,,watch4,False,10,c,1791190736573,,,0,,,0,,,20261005_175735,1
1791190736729,watch3,73,68,5,5,playing,watch4,self_fast,,watch4,False,10,c,1791190736348,,,0,,,0,,,20261005_175735,1
1791190736729,watch4,76,66,10,10,playing,watch4,self_fast,,watch4,True,10,c,1791190735780,,,0,,,0,,,20261005_175735,1
1791190737364,watch3,72,68,4,4,playing,watch4,self_fast,,watch3,True,10,a,1791190737364,,,0,,,0,,,,
1791190737948,watch1,86,76,10,10,playing,watch1,self_fast,,watch1,True,10,c,1791190737625,,,0,,,0,,,20261005_175735,1
1791190737948,watch2,81,88,-7,7,playing,watch1,self_fast,,watch1,False,10,c,1791190737625,,,0,,,0,,,20261005_175735,1
1791190737948,watch3,72,68,4,4,playing,watch1,self_fast,,watch1,False,10,c,1791190737364,,,0,,,0,,,20261005_175735,1
1791190737948,watch4,76,66,10,10,playing,watch1,self_fast,,watch1,False,10,c,1791190737625,,,0,,,0,,,20261005_175735,1
1791190739153,watch1,86,76,10,10,playing,watch1,self_fast,,watch1,True,10,c,1791190738712,,,0,,,0,,,20261005_175735,1
1791190739153,watch2,81,88,-7,7,playing,watch1,self_fast,,watch1,False,10,c,1791190738712,,,0,,,0,,,20261005_175735,1
1791190739153,watch3,72,68,4,4,playing,watch1,self_fast,,watch1,False,10,c,1791190738712,,,0,,,0,,,20261005_175735,1
1791190739153,watch4,76,66,10,10,playing,watch1,self_fast,,watch1,False,10,c,1791190738712,,,0,,,0,,,20261005_175735,1
1791190739190,watch2,80,88,-8,8,playing,watch1,self_fast,,watch2,True,10,c,1791190739190,,,0,,,0,,,,
1791190739390,watch3,73,68,5,5,playing,watch1,self_fast,,watch3,True,10,a,1791190739390,,,0,,,0,,,,
1791190739741,watch4,75,66,9,9,playing,watch1,self_fast,,watch4,True,10,c,1791190739741,,,0,,,0,,,,
1791190740334,watch1,86,76,10,10,playing,watch1,self_fast,,watch1,True,10,c,1791190739858,,,0,,,0,,,20261005_175735,1
1791190740334,watch2,80,88,-8,8,playing,watch1,self_fast,,watch1,False,10,c,1791190739190,,,0,,,0,,,20261005_175735,1
1791190740334,watch3,73,68,5,5,playing,watch1,self_fast,,watch1,False,10,c,1791190739390,,,0,,,0,,,20261005_175735,1
1791190740334,watch4,75,66,9,9,playing,watch1,self_fast,,watch1,False,10,c,1791190739741,,,0,,,0,,,20261005_175735,1
1791190741233,watch2,78,88,-10,10,playing,watch1,self_fast,,watch2,True,10,c,1791190741233,,,0,,,0,,,,
1791190741567,watch1,86,76,10,10,playing,watch1,self_fast,,watch1,True,10,c,1791190740887,,,0,,,0,,,20261005_175735,1
1791190741567,watch2,78,88,-10,10,playing,watch1,self_fast,,watch1,False,10,c,1791190741233,,,0,,,0,,,20261005_175735,1
1791190741567,watch3,73,68,5,5,playing,watch1,self_fast,,watch1,False,10,c,1791190740887,,,0,,,0,,,20261005_175735,1
1791190741567,watch4,75,66,9,9,playing,watch1,self_fast,,watch1,False,10,c,1791190740887,,,0,,,0,,,20261005_175735,1
1791190741745,watch4,74,66,8,8,playing,watch1,self_fast,,watch4,True,10,c,1791190741745,,,0,,,0,,,,
1791190742747,watch1,86,76,10,10,playing,watch1,self_fast,,watch1,True,10,c,1791190741995,,,0,,,0,,,20261005_175735,1
1791190742747,watch2,78,88,-10,10,playing,watch1,self_fast,,watch1,False,10,c,1791190741233,,,0,,,0,,,20261005_175735,1
1791190742747,watch3,73,68,5,5,playing,watch1,self_fast,,watch1,False,10,c,1791190741995,,,0,,,0,,,20261005_175735,1
1791190742747,watch4,74,66,8,8,playing,watch1,self_fast,,watch1,False,10,c,1791190741745,,,0,,,0,,,20261005_175735,1
1791190743246,watch2,77,88,-11,11,playing,watch1,self_fast,,watch2,True,10,c,1791190743246,,,0,,,0,,,,
1791190743787,watch4,75,66,9,9,playing,watch1,self_fast,,watch4,True,10,c,1791190743787,,,0,,,0,,,,
1791190743984,watch1,86,76,10,10,playing,watch1,self_fast,,watch1,True,10,c,1791190743065,,,0,,,0,,,20261005_175735,1
1791190743984,watch2,77,88,-11,11,playing,watch1,self_fast,,watch1,False,10,c,1791190743246,,,0,,,0,,,20261005_175735,1
1791190743984,watch3,73,68,5,5,playing,watch1,self_fast,,watch1,False,10,c,1791190743065,,,0,,,0,,,20261005_175735,1
1791190743984,watch4,75,66,9,9,playing,watch1,self_fast,,watch1,False,10,c,1791190743787,,,0,,,0,,,20261005_175735,1
1791190744396,watch3,79,68,11,11,playing,watch1,self_fast,,watch3,True,10,a,1791190744396,,,0,,,0,,,,
1791190745172,watch1,86,76,10,10,playing,watch1,self_fast,,watch1,True,10,c,1791190744215,,,0,,,0,,,20261005_175735,1
1791190745172,watch2,77,88,-11,11,playing,watch1,self_fast,,watch1,False,10,c,1791190743246,,,0,,,0,,,20261005_175735,1
1791190745172,watch3,79,68,11,11,playing,watch1,self_fast,,watch1,False,10,c,1791190744396,,,0,,,0,,,20261005_175735,1
1791190745172,watch4,75,66,9,9,playing,watch1,self_fast,,watch1,False,10,c,1791190743787,,,0,,,0,,,20261005_175735,1
1791190745432,watch3,80,68,12,12,playing,watch1,self_fast,,watch3,True,10,a,1791190745432,,,0,,,0,,,,
1791190745800,watch4,74,66,8,8,playing,watch1,self_fast,,watch4,True,10,c,1791190745800,,,0,,,0,,,,
1791190746252,watch1,87,76,11,11,playing,watch1,self_fast,,watch1,True,10,c,1791190746252,,,0,,,0,,,,
1791190746515,watch1,87,76,11,11,playing,watch1,self_fast,,watch1,True,10,a,1791190746252,,,0,,,0,,,20261005_175735,1
1791190746515,watch2,77,88,-11,11,playing,watch1,self_fast,,watch1,False,10,a,1791190745271,,,0,,,0,,,20261005_175735,1
1791190746515,watch3,80,68,12,12,playing,watch1,self_fast,,watch1,False,10,a,1791190746478,,,0,,,0,,,20261005_175735,1
1791190746515,watch4,74,66,8,8,playing,watch1,self_fast,,watch1,False,10,a,1791190745800,,,0,,,0,,,20261005_175735,1
1791190747414,watch3,77,68,9,9,playing,watch1,self_fast,,watch3,True,10,a,1791190747414,,,0,,,0,,,,
1791190747852,watch4,77,66,11,11,playing,watch1,self_fast,,watch4,True,10,c,1791190747852,,,0,,,0,,,,
1791190748439,watch3,75,68,7,7,playing,watch1,self_fast,,watch3,True,10,a,1791190748439,,,0,,,0,,,,
1791190749086,watch1,87,76,11,11,playing,watch1,self_fast,,watch1,True,10,a,1791190748743,,,0,,,0,,,20261005_175735,1
1791190749086,watch2,77,88,-11,11,playing,watch1,self_fast,,watch1,False,10,a,1791190748743,,,0,,,0,,,20261005_175735,1
1791190749086,watch3,75,68,7,7,playing,watch1,self_fast,,watch1,False,10,a,1791190748439,,,0,,,0,,,20261005_175735,1
1791190749086,watch4,77,66,11,11,playing,watch1,self_fast,,watch1,False,10,a,1791190747852,,,0,,,0,,,20261005_175735,1
1791190749242,watch2,75,88,-13,13,playing,watch1,self_fast,,watch2,True,10,c,1791190749242,,,0,,,0,,,,
1791190749450,watch3,73,68,5,5,playing,watch1,self_fast,,watch3,True,10,a,1791190749450,,,0,,,0,,,,
1791190750228,watch4,83,66,17,17,playing,watch1,self_fast,,watch4,True,10,c,1791190750228,,,0,,,0,,,,
1791190750494,watch3,71,68,3,3,playing,watch1,self_fast,,watch3,True,10,a,1791190750494,,,0,,,0,,,,
1791190751288,watch2,74,88,-14,14,playing,watch1,self_fast,,watch2,True,10,c,1791190751288,,,0,,,0,,,,
1791190751455,watch3,70,68,2,2,playing,watch1,self_fast,,watch3,True,10,a,1791190751455,,,0,,,0,,,,
1791190751695,watch1,87,76,11,11,playing,watch1,self_fast,,watch1,True,10,c,1791190751225,,,0,,,0,,,20261005_175735,1
1791190751695,watch2,74,88,-14,14,playing,watch1,self_fast,,watch1,False,10,c,1791190751288,,,0,,,0,,,20261005_175735,1
1791190751695,watch3,70,68,2,2,playing,watch1,self_fast,,watch1,False,10,c,1791190751455,,,0,,,0,,,20261005_175735,1
1791190751695,watch4,83,66,17,17,playing,watch1,self_fast,,watch1,False,10,c,1791190750228,,,0,,,0,,,20261005_175735,1
1791190751865,watch4,80,66,14,14,playing,watch1,self_fast,,watch4,True,10,c,1791190751865,,,0,,,0,,,,
1791190752470,watch3,69,68,1,1,playing,watch1,self_fast,,watch3,True,10,a,1791190752470,,,0,,,0,,,,
1791190752865,watch4,79,66,13,13,playing,watch1,self_fast,,watch4,True,10,c,1791190752865,,,0,,,0,,,,
1791190754090,watch1,87,76,11,11,playing,watch1,self_fast,,watch1,True,10,c,1791190753356,,,0,,,0,,,20261005_175735,1
1791190754090,watch2,74,88,-14,14,playing,watch1,self_fast,,watch1,False,10,c,1791190753356,,,0,,,0,,,20261005_175735,1
1791190754090,watch3,69,68,1,1,playing,watch1,self_fast,,watch1,False,10,c,1791190752470,,,0,,,0,,,20261005_175735,1
1791190754090,watch4,79,66,13,13,playing,watch1,self_fast,,watch1,False,10,c,1791190752865,,,0,,,0,,,20261005_175735,1
1791190754309,watch2,75,88,-13,13,playing,watch1,self_fast,,watch2,True,10,c,1791190754309,,,0,,,0,,,,
1791190754909,watch4,76,66,10,10,playing,watch1,self_fast,,watch4,True,10,c,1791190754909,,,0,,,0,,,,
1791190755287,watch1,87,76,11,11,playing,watch1,self_fast,,watch1,True,10,c,1791190754477,,,0,,,0,,,20261005_175735,1
1791190755287,watch2,75,88,-13,13,playing,watch1,self_fast,,watch1,False,10,c,1791190754309,,,0,,,0,,,20261005_175735,1
1791190755287,watch3,69,68,1,1,playing,watch1,self_fast,,watch1,False,10,c,1791190754477,,,0,,,0,,,20261005_175735,1
1791190755287,watch4,76,66,10,10,playing,watch1,self_fast,,watch1,False,10,c,1791190754909,,,0,,,0,,,20261005_175735,1
1791190756271,watch2,77,88,-11,11,playing,watch1,self_fast,,watch2,True,10,c,1791190756271,,,0,,,0,,,,
1791190756598,watch1,88,76,12,12,playing,watch1,self_fast,,watch1,True,10,c,1791190756438,,,0,,,0,,,20261005_175735,1
1791190756598,watch2,77,88,-11,11,playing,watch1,self_fast,,watch1,False,10,c,1791190756271,,,0,,,0,,,20261005_175735,1
1791190756598,watch3,69,68,1,1,playing,watch1,self_fast,,watch1,False,10,c,1791190755575,,,0,,,0,,,20261005_175735,1
1791190756598,watch4,76,66,10,10,playing,watch1,self_fast,,watch1,False,10,c,1791190754909,,,0,,,0,,,20261005_175735,1
1791190756928,watch4,73,66,7,7,playing,watch1,self_fast,,watch4,True,10,c,1791190756928,,,0,,,0,,,,
1791190757482,watch3,70,68,2,2,playing,watch1,self_fast,,watch3,True,10,a,1791190757482,,,0,,,0,,,,
1791190757851,watch1,88,76,12,12,playing,watch1,self_fast,,watch1,True,10,c,1791190757763,,,0,,,0,,,20261005_175735,1
1791190757851,watch2,77,88,-11,11,playing,watch1,self_fast,,watch1,False,10,c,1791190757763,,,0,,,0,,,20261005_175735,1
1791190757851,watch3,70,68,2,2,playing,watch1,self_fast,,watch1,False,10,c,1791190757482,,,0,,,0,,,20261005_175735,1
1791190757851,watch4,73,66,7,7,playing,watch1,self_fast,,watch1,False,10,c,1791190756928,,,0,,,0,,,20261005_175735,1
1791190758276,watch2,80,88,-8,8,playing,watch1,self_fast,,watch2,True,10,c,1791190758276,,,0,,,0,,,,
1791190758932,watch3,69,68,1,1,playing,watch1,self_fast,,watch3,True,10,a,1791190758932,,,0,,,0,,,,
1791190759162,watch1,88,76,12,12,playing,watch1,self_fast,,watch1,True,10,a,1791190757763,,,0,,,0,,,20261005_175735,1
1791190759162,watch2,80,88,-8,8,playing,watch1,self_fast,,watch1,False,10,a,1791190758276,,,0,,,0,,,20261005_175735,1
1791190759162,watch3,69,68,1,1,playing,watch1,self_fast,,watch1,False,10,a,1791190758932,,,0,,,0,,,20261005_175735,1
1791190759162,watch4,73,66,7,7,playing,watch1,self_fast,,watch1,False,10,a,1791190759121,,,0,,,0,,,20261005_175735,1
1791190759204,watch4,76,66,10,10,playing,watch1,self_fast,,watch4,True,10,c,1791190759204,,,0,,,0,,,,
1791190760312,watch2,82,88,-6,6,playing,watch2,self_fast,,watch2,True,10,c,1791190760312,,,0,,,0,,,,
1791190760613,watch1,88,76,12,12,playing,watch2,self_fast,,watch2,False,10,a,1791190760200,,,0,,,0,,,20261005_175735,1
1791190760613,watch2,82,88,-6,6,playing,watch2,self_fast,,watch2,True,10,a,1791190760312,,,0,,,0,,,20261005_175735,1
1791190760613,watch3,69,68,1,1,playing,watch2,self_fast,,watch2,False,10,a,1791190760200,,,0,,,0,,,20261005_175735,1
1791190760613,watch4,76,66,10,10,playing,watch2,self_fast,,watch2,False,10,a,1791190759204,,,0,,,0,,,20261005_175735,1
1791190760932,watch4,73,66,7,7,playing,watch2,self_fast,,watch4,True,10,c,1791190760932,,,0,,,0,,,,
1791190761770,watch1,88,76,12,12,playing,watch2,self_fast,,watch2,False,10,a,1791190761305,,,0,,,0,,,20261005_175735,1
1791190761770,watch2,82,88,-6,6,playing,watch2,self_fast,,watch2,True,10,a,1791190760312,,,0,,,0,,,20261005_175735,1
1791190761770,watch3,69,68,1,1,playing,watch2,self_fast,,watch2,False,10,a,1791190761305,,,0,,,0,,,20261005_175735,1
1791190761770,watch4,73,66,7,7,playing,watch2,self_fast,,watch2,False,10,a,1791190760932,,,0,,,0,,,20261005_175735,1
1791190762308,watch2,81,88,-7,7,playing,watch2,self_fast,,watch2,True,10,a,1791190762308,,,0,,,0,,,,
1791190762609,watch3,70,68,2,2,playing,watch2,self_fast,,watch3,True,10,a,1791190762609,,,0,,,0,,,,
1791190762935,watch1,88,76,12,12,playing,watch2,self_fast,,watch2,False,10,a,1791190762459,,,0,,,0,,,20261005_175735,1
1791190762935,watch2,81,88,-7,7,playing,watch2,self_fast,,watch2,True,10,a,1791190762308,,,0,,,0,,,20261005_175735,1
1791190762935,watch3,70,68,2,2,playing,watch2,self_fast,,watch2,False,10,a,1791190762609,,,0,,,0,,,20261005_175735,1
1791190762935,watch4,73,66,7,7,playing,watch2,self_fast,,watch2,False,10,a,1791190762459,,,0,,,0,,,20261005_175735,1
1791190762966,watch4,76,66,10,10,playing,watch2,self_fast,,watch4,True,10,c,1791190762966,,,0,,,0,,,,
1791190763500,watch3,71,68,3,3,playing,watch2,self_fast,,watch3,True,10,a,1791190763500,,,0,,,0,,,,
1791190764191,watch1,88,76,12,12,playing,watch2,self_fast,,watch2,False,10,a,1791190763647,,,0,,,0,,,20261005_175735,1
1791190764191,watch2,81,88,-7,7,playing,watch2,self_fast,,watch2,True,10,a,1791190763647,,,0,,,0,,,20261005_175735,1
1791190764191,watch3,71,68,3,3,playing,watch2,self_fast,,watch2,False,10,a,1791190763500,,,0,,,0,,,20261005_175735,1
1791190764191,watch4,76,66,10,10,playing,watch2,self_fast,,watch2,False,10,a,1791190762966,,,0,,,0,,,20261005_175735,1
1791190764309,watch2,79,88,-9,9,playing,watch2,self_fast,,watch2,True,10,a,1791190764309,,,0,,,0,,,,
1791190764509,watch1,92,76,16,16,playing,watch2,self_fast,,watch1,True,10,a,1791190764509,,,0,,,0,,,,
1791190764670,watch3,73,68,5,5,playing,watch2,self_fast,,watch3,True,10,a,1791190764670,,,0,,,0,,,,
1791190765422,watch1,92,76,16,16,playing,watch2,self_fast,,watch2,False,10,a,1791190764509,,,0,,,0,,,20261005_175735,1
1791190765422,watch2,79,88,-9,9,playing,watch2,self_fast,,watch2,True,10,a,1791190764309,,,0,,,0,,,20261005_175735,1
1791190765422,watch3,73,68,5,5,playing,watch2,self_fast,,watch2,False,10,a,1791190764670,,,0,,,0,,,20261005_175735,1
1791190765422,watch4,76,66,10,10,playing,watch2,self_fast,,watch2,False,10,a,1791190764848,,,0,,,0,,,20261005_175735,1
1791190766326,watch2,78,88,-10,10,playing,watch2,self_fast,,watch2,True,10,a,1791190766326,,,0,,,0,,,,
1791190766501,watch1,93,76,17,17,playing,watch2,self_fast,,watch1,True,10,a,1791190766501,,,0,,,0,,,,
1791190766778,watch1,93,76,17,17,playing,watch2,self_fast,,watch2,False,20,c,1791190766501,,,0,,,0,,,20261005_175735,1
1791190766778,watch2,78,88,-10,10,playing,watch2,self_fast,,watch2,True,20,c,1791190766326,,,0,,,0,,,20261005_175735,1
1791190766778,watch3,72,68,4,4,playing,watch2,self_fast,,watch2,False,20,c,1791190766656,,,0,,,0,,,20261005_175735,1
1791190766778,watch4,76,66,10,10,playing,watch2,self_fast,,watch2,False,20,c,1791190765884,,,0,,,0,,,20261005_175735,1
1791190767016,watch4,78,66,12,12,playing,watch2,self_fast,,watch4,True,10,c,1791190767016,,,0,,,0,,,,
1791190767380,watch1,94,76,18,18,playing,watch2,self_fast,,watch1,True,10,a,1791190767380,,,0,,,0,,,,
1791190767539,watch3,71,68,3,3,playing,watch2,self_fast,,watch3,True,10,a,1791190767539,,,0,,,0,,,,
1791190768048,watch1,94,76,18,18,playing,watch2,self_fast,,watch2,False,20,c,1791190767380,,,0,,,0,,,20261005_175735,1
1791190768048,watch2,78,88,-10,10,playing,watch2,self_fast,,watch2,True,20,c,1791190766326,,,0,,,0,,,20261005_175735,1
1791190768048,watch3,71,68,3,3,playing,watch2,self_fast,,watch2,False,20,c,1791190767539,,,0,,,0,,,20261005_175735,1
1791190768048,watch4,78,66,12,12,playing,watch2,self_fast,,watch2,False,20,c,1791190767016,,,0,,,0,,,20261005_175735,1
1791190768577,watch3,70,68,2,2,playing,watch2,self_fast,,watch3,True,10,a,1791190768577,,,0,,,0,,,,
1791190769062,watch4,77,66,11,11,playing,watch2,self_fast,,watch4,True,10,c,1791190769062,,,0,,,0,,,,
1791190769427,watch1,94,76,18,18,playing,watch2,self_fast,,watch2,False,20,c,1791190769292,,,0,,,0,,,20261005_175735,1
1791190769427,watch2,78,88,-10,10,playing,watch2,self_fast,,watch2,True,20,c,1791190769292,,,0,,,0,,,20261005_175735,1
1791190769427,watch3,70,68,2,2,playing,watch2,self_fast,,watch2,False,20,c,1791190768577,,,0,,,0,,,20261005_175735,1
1791190769427,watch4,77,66,11,11,playing,watch2,self_fast,,watch2,False,20,c,1791190769062,,,0,,,0,,,20261005_175735,1
1791190770046,watch4,80,66,14,14,playing,watch2,self_fast,,watch4,True,10,c,1791190770046,,,0,,,0,,,,
1791190770359,watch2,80,88,-8,8,playing,watch2,self_fast,,watch2,True,20,c,1791190770359,,,0,,,0,,,,
1791190770732,watch1,85,76,9,9,playing,watch2,self_fast,,watch2,False,10,a,1791190770621,,,0,,,0,,,20261005_175735,1
1791190770732,watch2,80,88,-8,8,playing,watch2,self_fast,,watch2,True,10,a,1791190770359,,,0,,,0,,,20261005_175735,1
1791190770732,watch3,70,68,2,2,playing,watch2,self_fast,,watch2,False,10,a,1791190770541,,,0,,,0,,,20261005_175735,1
1791190770732,watch4,80,66,14,14,playing,watch2,self_fast,,watch2,False,10,a,1791190770046,,,0,,,0,,,20261005_175735,1
1791190771948,watch1,85,76,9,9,playing,watch2,self_fast,,watch2,False,10,a,1791190770621,,,0,,,0,,,20261005_175735,1
1791190771948,watch2,80,88,-8,8,playing,watch2,self_fast,,watch2,True,10,a,1791190771618,,,0,,,0,,,20261005_175735,1
1791190771948,watch3,70,68,2,2,playing,watch2,self_fast,,watch2,False,10,a,1791190771618,,,0,,,0,,,20261005_175735,1
1791190771948,watch4,80,66,14,14,playing,watch2,self_fast,,watch2,False,10,a,1791190771618,,,0,,,0,,,20261005_175735,1
1791190772083,watch4,81,66,15,15,playing,watch2,self_fast,,watch4,True,10,c,1791190772083,,,0,,,0,,,,
1791190773165,watch1,85,76,9,9,playing,watch3,self_fast,,watch3,False,10,c,1791190772714,,,0,,,0,,,20261005_175735,1
1791190773165,watch2,80,88,-8,8,playing,watch3,self_fast,,watch3,False,10,c,1791190772714,,,0,,,0,,,20261005_175735,1
1791190773165,watch3,70,68,2,2,playing,watch3,self_fast,,watch3,True,10,c,1791190772714,,,0,,,0,,,20261005_175735,1
1791190773165,watch4,81,66,15,15,playing,watch3,self_fast,,watch3,False,10,c,1791190772083,,,0,,,0,,,20261005_175735,1
1791190773565,watch3,71,68,3,3,playing,watch3,self_fast,,watch3,True,10,c,1791190773565,,,0,,,0,,,,
1791190774122,watch4,88,66,22,22,playing,watch3,self_fast,,watch4,True,10,c,1791190774122,,,0,,,0,,,,
1791190774566,watch1,85,76,9,9,playing,watch3,self_fast,,watch3,False,10,c,1791190773811,,,0,,,0,,,20261005_175735,1
1791190774566,watch2,79,88,-9,9,playing,watch3,self_fast,,watch3,False,10,c,1791190774391,,,0,,,0,,,20261005_175735,1
1791190774566,watch3,71,68,3,3,playing,watch3,self_fast,,watch3,True,10,c,1791190773565,,,0,,,0,,,20261005_175735,1
1791190774566,watch4,88,66,22,22,playing,watch3,self_fast,,watch3,False,10,c,1791190774122,,,0,,,0,,,20261005_175735,1
1791190775414,watch2,80,88,-8,8,playing,watch3,self_fast,,watch2,True,10,a,1791190775414,,,0,,,0,,,,
1791190775613,watch1,86,76,10,10,playing,watch3,self_fast,,watch1,True,10,a,1791190775613,,,0,,,0,,,,
1791190775934,watch1,86,76,10,10,playing,watch3,self_fast,,watch3,False,10,c,1791190775613,,,0,,,0,,,20261005_175735,1
1791190775934,watch2,80,88,-8,8,playing,watch3,self_fast,,watch3,False,10,c,1791190775414,,,0,,,0,,,20261005_175735,1
1791190775934,watch3,72,68,4,4,playing,watch3,self_fast,,watch3,True,10,c,1791190775777,,,0,,,0,,,20261005_175735,1
1791190775934,watch4,88,66,22,22,playing,watch3,self_fast,,watch3,False,10,c,1791190774122,,,0,,,0,,,20261005_175735,1
1791190776159,watch4,83,66,17,17,playing,watch3,self_fast,,watch4,True,10,c,1791190776159,,,0,,,0,,,,
1791190776589,watch3,73,68,5,5,playing,watch3,self_fast,,watch3,True,10,c,1791190776589,,,0,,,0,,,,
1791190777208,watch1,86,76,10,10,playing,watch3,self_fast,,watch3,False,10,c,1791190777075,,,0,,,0,,,20261005_175735,1
1791190777208,watch2,80,88,-8,8,playing,watch3,self_fast,,watch3,False,10,c,1791190777075,,,0,,,0,,,20261005_175735,1
1791190777208,watch3,73,68,5,5,playing,watch3,self_fast,,watch3,True,10,c,1791190776589,,,0,,,0,,,20261005_175735,1
1791190777208,watch4,83,66,17,17,playing,watch3,self_fast,,watch3,False,10,c,1791190776159,,,0,,,0,,,20261005_175735,1
1791190778288,watch4,85,66,19,19,playing,watch3,self_fast,,watch4,True,10,c,1791190778288,,,0,,,0,,,,
1791190778543,watch1,86,76,10,10,playing,watch3,self_fast,,watch3,False,10,c,1791190778154,,,0,,,0,,,20261005_175735,1
1791190778543,watch2,80,88,-8,8,playing,watch3,self_fast,,watch3,False,10,c,1791190778154,,,0,,,0,,,20261005_175735,1
1791190778543,watch3,73,68,5,5,playing,watch3,self_fast,,watch3,True,10,c,1791190778154,,,0,,,0,,,20261005_175735,1
1791190778543,watch4,85,66,19,19,playing,watch3,self_fast,,watch3,False,10,c,1791190778288,,,0,,,0,,,20261005_175735,1
1791190779465,watch2,84,88,-4,4,playing,watch3,self_fast,,watch2,True,10,a,1791190779465,,,0,,,0,,,,
1791190779750,watch1,86,76,10,10,playing,watch3,self_fast,,watch3,False,10,c,1791190779284,,,0,,,0,,,20261005_175735,1
1791190779750,watch2,84,88,-4,4,playing,watch3,self_fast,,watch3,False,10,c,1791190779465,,,0,,,0,,,20261005_175735,1
1791190779750,watch3,73,68,5,5,playing,watch3,self_fast,,watch3,True,10,c,1791190779284,,,0,,,0,,,20261005_175735,1
1791190779750,watch4,85,66,19,19,playing,watch3,self_fast,,watch3,False,10,c,1791190778288,,,0,,,0,,,20261005_175735,1
1791190780198,watch4,83,66,17,17,playing,watch3,self_fast,,watch4,True,10,c,1791190780198,,,0,,,0,,,,
1791190781414,watch2,83,88,-5,5,playing,watch3,self_fast,,watch2,True,10,a,1791190781414,,,0,,,0,,,,
1791190781802,watch3,74,68,6,6,playing,watch3,self_fast,,watch3,True,10,c,1791190781802,,,0,,,0,,,,
1791190782217,watch4,84,66,18,18,playing,watch3,self_fast,,watch4,True,10,c,1791190782217,,,0,,,0,,,,
1791190782714,watch1,86,76,10,10,playing,watch3,self_fast,,watch3,False,20,a,1791190781712,,,0,,,0,,,20261005_175735,1
1791190782714,watch2,83,88,-5,5,playing,watch3,self_fast,,watch3,False,20,a,1791190781414,,,0,,,0,,,20261005_175735,1
1791190782714,watch3,74,68,6,6,playing,watch3,self_fast,,watch3,True,20,a,1791190781802,,,0,,,0,,,20261005_175735,1
1791190782714,watch4,84,66,18,18,playing,watch3,self_fast,,watch3,False,20,a,1791190782217,,,0,,,0,,,20261005_175735,1
1791190783437,watch2,84,88,-4,4,playing,watch3,self_fast,,watch2,True,10,a,1791190783437,,,0,,,0,,,,
1791190783944,watch1,86,76,10,10,playing,watch3,self_fast,,watch3,False,20,a,1791190782801,,,0,,,0,,,20261005_175735,1
1791190783944,watch2,84,88,-4,4,playing,watch3,self_fast,,watch3,False,20,a,1791190783437,,,0,,,0,,,20261005_175735,1
1791190783944,watch3,74,68,6,6,playing,watch3,self_fast,,watch3,True,20,a,1791190783875,,,0,,,0,,,20261005_175735,1
1791190783944,watch4,84,66,18,18,playing,watch3,self_fast,,watch3,False,20,a,1791190782217,,,0,,,0,,,20261005_175735,1
1791190784252,watch4,81,66,15,15,playing,watch3,self_fast,,watch4,True,10,c,1791190784252,,,0,,,0,,,,
1791190785217,watch1,86,76,10,10,playing,watch3,self_fast,,watch3,False,20,a,1791190785028,,,0,,,0,,,20261005_175735,1
1791190785217,watch2,84,88,-4,4,playing,watch3,self_fast,,watch3,False,20,a,1791190785028,,,0,,,0,,,20261005_175735,1
1791190785217,watch3,74,68,6,6,playing,watch3,self_fast,,watch3,True,20,a,1791190785028,,,0,,,0,,,20261005_175735,1
1791190785217,watch4,81,66,15,15,playing,watch3,self_fast,,watch3,False,20,a,1791190784252,,,0,,,0,,,20261005_175735,1
1791190785638,watch3,75,68,7,7,playing,watch3,self_fast,,watch3,True,20,a,1791190785638,,,0,,,0,,,,
1791190786301,watch4,78,66,12,12,playing,watch3,self_fast,,watch4,True,10,c,1791190786301,,,0,,,0,,,,
1791190786631,watch1,86,76,10,10,playing,watch3,self_fast,,watch3,False,20,a,1791190786151,,,0,,,0,,,20261005_175735,1
1791190786631,watch2,84,88,-4,4,playing,watch3,self_fast,,watch3,False,20,a,1791190786151,,,0,,,0,,,20261005_175735,1
1791190786631,watch3,75,68,7,7,playing,watch3,self_fast,,watch3,True,20,a,1791190785638,,,0,,,0,,,20261005_175735,1
1791190786631,watch4,78,66,12,12,playing,watch3,self_fast,,watch3,False,20,a,1791190786301,,,0,,,0,,,20261005_175735,1
1791190787854,watch1,86,76,10,10,playing,watch3,self_fast,,watch3,False,20,a,1791190787239,,,0,,,0,,,20261005_175735,1
1791190787854,watch2,84,88,-4,4,playing,watch3,self_fast,,watch3,False,20,a,1791190787239,,,0,,,0,,,20261005_175735,1
1791190787854,watch3,75,68,7,7,playing,watch3,self_fast,,watch3,True,20,a,1791190787239,,,0,,,0,,,20261005_175735,1
1791190787854,watch4,78,66,12,12,playing,watch3,self_fast,,watch3,False,20,a,1791190786301,,,0,,,0,,,20261005_175735,1
1791190788302,watch4,76,66,10,10,playing,watch3,self_fast,,watch4,True,10,c,1791190788302,,,0,,,0,,,,
1791190788660,watch3,77,68,9,9,playing,watch3,self_fast,,watch3,True,20,a,1791190788660,,,0,,,0,,,,
1791190789032,watch1,86,76,10,10,playing,watch3,self_fast,,watch3,False,20,c,1791190788535,,,0,,,0,,,20261005_175735,1
1791190789032,watch2,84,88,-4,4,playing,watch3,self_fast,,watch3,False,20,c,1791190788535,,,0,,,0,,,20261005_175735,1
1791190789032,watch3,77,68,9,9,playing,watch3,self_fast,,watch3,True,20,c,1791190788660,,,0,,,0,,,20261005_175735,1
1791190789032,watch4,76,66,10,10,playing,watch3,self_fast,,watch3,False,20,c,1791190788302,,,0,,,0,,,20261005_175735,1
1791190789332,watch4,74,66,8,8,playing,watch3,self_fast,,watch4,True,10,c,1791190789332,,,0,,,0,,,,
1791190789555,watch2,82,88,-6,6,playing,watch3,self_fast,,watch2,True,10,a,1791190789555,,,0,,,0,,,,
1791190790256,watch1,86,76,10,10,playing,watch3,self_fast,,watch3,False,20,c,1791190789783,,,0,,,0,,,20261005_175735,1
1791190790256,watch2,82,88,-6,6,playing,watch3,self_fast,,watch3,False,20,c,1791190789555,,,0,,,0,,,20261005_175735,1
1791190790256,watch3,77,68,9,9,playing,watch3,self_fast,,watch3,True,20,c,1791190789783,,,0,,,0,,,20261005_175735,1
1791190790256,watch4,74,66,8,8,playing,watch3,self_fast,,watch3,False,20,c,1791190789332,,,0,,,0,,,20261005_175735,1
1791190791367,watch4,72,66,6,6,playing,watch3,self_fast,,watch4,True,10,c,1791190791367,,,0,,,0,,,,
1791190791639,watch1,86,76,10,10,playing,watch3,self_fast,,watch3,False,20,c,1791190790880,,,0,,,0,,,20261005_175735,1
1791190791639,watch2,82,88,-6,6,playing,watch3,self_fast,,watch3,False,20,c,1791190790880,,,0,,,0,,,20261005_175735,1
1791190791639,watch3,77,68,9,9,playing,watch3,self_fast,,watch3,True,20,c,1791190790880,,,0,,,0,,,20261005_175735,1
1791190791639,watch4,72,66,6,6,playing,watch3,self_fast,,watch3,False,20,c,1791190791367,,,0,,,0,,,20261005_175735,1
1791190792822,watch1,86,76,10,10,playing,watch3,self_fast,,watch3,False,20,c,1791190792020,,,0,,,0,,,20261005_175735,1
1791190792822,watch2,82,88,-6,6,playing,watch3,self_fast,,watch3,False,20,c,1791190792020,,,0,,,0,,,20261005_175735,1
1791190792822,watch3,77,68,9,9,playing,watch3,self_fast,,watch3,True,20,c,1791190792020,,,0,,,0,,,20261005_175735,1
1791190792822,watch4,72,66,6,6,playing,watch3,self_fast,,watch3,False,20,c,1791190791367,,,0,,,0,,,20261005_175735,1
1791190793379,watch4,70,66,4,4,playing,watch3,self_fast,,watch4,True,10,c,1791190793379,,,0,,,0,,,,
1791190793632,watch2,81,88,-7,7,playing,watch3,self_fast,,watch2,True,10,a,1791190793632,,,0,,,0,,,,
1791190794016,watch1,86,76,10,10,playing,watch3,self_fast,,watch3,False,20,c,1791190793153,,,0,,,0,,,20261005_175735,1
1791190794016,watch2,81,88,-7,7,playing,watch3,self_fast,,watch3,False,20,c,1791190793632,,,0,,,0,,,20261005_175735,1
1791190794016,watch3,77,68,9,9,playing,watch3,self_fast,,watch3,True,20,c,1791190793153,,,0,,,0,,,20261005_175735,1
1791190794016,watch4,70,66,4,4,playing,watch3,self_fast,,watch3,False,20,c,1791190793379,,,0,,,0,,,20261005_175735,1
1791190794705,watch3,79,68,11,11,playing,watch3,self_fast,,watch3,True,20,c,1791190794705,,,0,,,0,,,,
1791190795242,watch1,86,76,10,10,playing,watch3,self_fast,,watch3,False,30,c,1791190794292,,,0,,,0,,,20261005_175735,1
1791190795242,watch2,81,88,-7,7,playing,watch3,self_fast,,watch3,False,30,c,1791190793632,,,0,,,0,,,20261005_175735,1
1791190795242,watch3,79,68,11,11,playing,watch3,self_fast,,watch3,True,30,c,1791190794705,,,0,,,0,,,20261005_175735,1
1791190795242,watch4,70,66,4,4,playing,watch3,self_fast,,watch3,False,30,c,1791190793379,,,0,,,0,,,20261005_175735,1
1791190795563,watch2,82,88,-6,6,playing,watch3,self_fast,,watch2,True,10,a,1791190795563,,,0,,,0,,,,
1791190795744,watch3,80,68,12,12,playing,watch3,self_fast,,watch3,True,30,c,1791190795744,,,0,,,0,,,,
1791190796513,watch2,85,88,-3,3,playing,watch3,self_fast,,watch2,True,10,a,1791190796513,,,0,,,0,,,,
1791190797752,watch1,86,76,10,10,playing,watch4,self_fast,,watch4,False,10,a,1791190796721,,,0,,,0,,,20261005_175735,1
1791190797752,watch2,85,88,-3,3,playing,watch4,self_fast,,watch4,False,10,a,1791190796513,,,0,,,0,,,20261005_175735,1
1791190797752,watch3,80,68,12,12,playing,watch4,self_fast,,watch4,False,10,a,1791190795744,,,0,,,0,,,20261005_175735,1
1791190797752,watch4,70,66,4,4,playing,watch4,self_fast,,watch4,True,10,a,1791190796721,,,0,,,0,,,20261005_175735,1
1791190798515,watch2,88,88,0,0,playing,watch4,self_fast,,watch2,True,10,a,1791190798515,,,0,,,0,,,,
1791190798719,watch3,81,68,13,13,playing,watch4,self_fast,,watch3,True,30,c,1791190798719,,,0,,,0,,,,
1791190798985,watch1,86,76,10,10,playing,watch4,self_fast,,watch4,False,10,a,1791190797858,,,0,,,0,,,20261005_175735,1
1791190798985,watch2,88,88,0,0,playing,watch4,self_fast,,watch4,False,10,a,1791190798515,,,0,,,0,,,20261005_175735,1
1791190798985,watch3,81,68,13,13,playing,watch4,self_fast,,watch4,False,10,a,1791190798719,,,0,,,0,,,20261005_175735,1
1791190798985,watch4,70,66,4,4,playing,watch4,self_fast,,watch4,True,10,a,1791190797858,,,0,,,0,,,20261005_175735,1
1791190800258,watch1,86,76,10,10,playing,watch4,self_fast,,watch4,False,10,c,1791190800131,,,0,,,0,,,20261005_175735,1
1791190800258,watch2,88,88,0,0,playing,watch4,self_fast,,watch4,False,10,c,1791190798515,,,0,,,0,,,20261005_175735,1
1791190800258,watch3,81,68,13,13,playing,watch4,self_fast,,watch4,False,10,c,1791190800131,,,0,,,0,,,20261005_175735,1
1791190800258,watch4,70,66,4,4,playing,watch4,self_fast,,watch4,True,10,c,1791190800131,,,0,,,0,,,20261005_175735,1
1791190800562,watch2,90,88,2,2,playing,watch4,self_fast,,watch2,True,10,a,1791190800562,,,0,,,0,,,,
1791190800743,watch3,83,68,15,15,playing,watch4,self_fast,,watch3,True,30,c,1791190800743,,,0,,,0,,,,
1791190801431,watch4,72,66,6,6,playing,watch4,self_fast,,watch4,True,10,c,1791190801431,,,0,,,0,,,,
1791190801754,watch1,86,76,10,10,playing,watch4,self_fast,,watch4,False,10,c,1791190801339,,,0,,,0,,,20261005_175735,1
1791190801754,watch2,90,88,2,2,playing,watch4,self_fast,,watch4,False,10,c,1791190800562,,,0,,,0,,,20261005_175735,1
1791190801754,watch3,83,68,15,15,playing,watch4,self_fast,,watch4,False,10,c,1791190800743,,,0,,,0,,,20261005_175735,1
1791190801754,watch4,72,66,6,6,playing,watch4,self_fast,,watch4,True,10,c,1791190801431,,,0,,,0,,,20261005_175735,1
1791190802547,watch2,91,88,3,3,playing,watch4,self_fast,,watch2,True,10,a,1791190802547,,,0,,,0,,,,
1791190802815,watch3,84,68,16,16,playing,watch4,self_fast,,watch3,True,30,c,1791190802815,,,0,,,0,,,,
1791190803054,watch1,86,76,10,10,playing,watch4,self_fast,,watch4,False,10,c,1791190802404,,,0,,,0,,,20261005_175735,1
1791190803054,watch2,91,88,3,3,playing,watch4,self_fast,,watch4,False,10,c,1791190802547,,,0,,,0,,,20261005_175735,1
1791190803054,watch3,84,68,16,16,playing,watch4,self_fast,,watch4,False,10,c,1791190802815,,,0,,,0,,,20261005_175735,1
1791190803054,watch4,72,66,6,6,playing,watch4,self_fast,,watch4,True,10,c,1791190801431,,,0,,,0,,,20261005_175735,1
1791190803470,watch4,71,66,5,5,playing,watch4,self_fast,,watch4,True,10,c,1791190803470,,,0,,,0,,,,
1791190803738,watch3,83,68,15,15,playing,watch4,self_fast,,watch3,True,30,c,1791190803738,,,0,,,0,,,,
1791190804279,watch1,86,76,10,10,playing,watch4,self_fast,,watch4,False,10,c,1791190803645,,,0,,,0,,,20261005_175735,1
1791190804279,watch2,91,88,3,3,playing,watch4,self_fast,,watch4,False,10,c,1791190803645,,,0,,,0,,,20261005_175735,1
1791190804279,watch3,83,68,15,15,playing,watch4,self_fast,,watch4,False,10,c,1791190803738,,,0,,,0,,,20261005_175735,1
1791190804279,watch4,71,66,5,5,playing,watch4,self_fast,,watch4,True,10,c,1791190803470,,,0,,,0,,,20261005_175735,1
1791190804553,watch2,92,88,4,4,playing,watch4,self_fast,,watch2,True,10,a,1791190804553,,,0,,,0,,,,
1791190804856,watch3,82,68,14,14,playing,watch4,self_fast,,watch3,True,30,c,1791190804856,,,0,,,0,,,,
1791190805561,watch1,86,76,10,10,playing,watch4,self_fast,,watch4,False,10,c,1791190804757,,,0,,,0,,,20261005_175735,1
1791190805561,watch2,92,88,4,4,playing,watch4,self_fast,,watch4,False,10,c,1791190804553,,,0,,,0,,,20261005_175735,1
1791190805561,watch3,82,68,14,14,playing,watch4,self_fast,,watch4,False,10,c,1791190804856,,,0,,,0,,,20261005_175735,1
1791190805561,watch4,71,66,5,5,playing,watch4,self_fast,,watch4,True,10,c,1791190804757,,,0,,,0,,,20261005_175735,1
1791190805760,watch3,81,68,13,13,playing,watch4,self_fast,,watch3,True,30,c,1791190805760,,,0,,,0,,,,
1791190806792,watch1,86,76,10,10,playing,watch4,self_fast,,watch4,False,10,a,1791190805928,,,0,,,0,,,20261005_175735,1
1791190806792,watch2,92,88,4,4,playing,watch4,self_fast,,watch4,False,10,a,1791190805928,,,0,,,0,,,20261005_175735,1
1791190806792,watch3,81,68,13,13,playing,watch4,self_fast,,watch4,False,10,a,1791190805760,,,0,,,0,,,20261005_175735,1
1791190806792,watch4,71,66,5,5,playing,watch4,self_fast,,watch4,True,10,a,1791190805928,,,0,,,0,,,20261005_175735,1
1791190807492,watch4,72,66,6,6,playing,watch4,self_fast,,watch4,True,10,a,1791190807492,,,0,,,0,,,,
1791190808583,watch2,94,88,6,6,playing,watch1,self_fast,,watch2,True,10,a,1791190808583,,,0,,,0,,,,
1791190809299,watch1,86,76,10,10,playing,watch1,self_fast,,watch1,True,10,a,1791190808186,,,0,,,0,,,20261005_175735,1
1791190809299,watch2,94,88,6,6,playing,watch1,self_fast,,watch1,False,10,a,1791190808583,,,0,,,0,,,20261005_175735,1
1791190809299,watch3,81,68,13,13,playing,watch1,self_fast,,watch1,False,10,a,1791190808186,,,0,,,0,,,20261005_175735,1
1791190809299,watch4,72,66,6,6,playing,watch1,self_fast,,watch1,False,10,a,1791190807492,,,0,,,0,,,20261005_175735,1
1791190809784,watch3,79,68,11,11,playing,watch1,self_fast,,watch3,True,30,c,1791190809784,,,0,,,0,,,,
1791190810545,watch4,73,66,7,7,playing,watch1,self_fast,,watch4,True,10,a,1791190810545,,,0,,,0,,,,
1791190810790,watch1,86,76,10,10,playing,watch1,self_fast,,watch1,True,10,a,1791190809354,,,0,,,0,,,20261005_175735,1
1791190810790,watch2,94,88,6,6,playing,watch1,self_fast,,watch1,False,10,a,1791190808583,,,0,,,0,,,20261005_175735,1
1791190810790,watch3,79,68,11,11,playing,watch1,self_fast,,watch1,False,10,a,1791190809784,,,0,,,0,,,20261005_175735,1
1791190810790,watch4,73,66,7,7,playing,watch1,self_fast,,watch1,False,10,a,1791190810545,,,0,,,0,,,20261005_175735,1
1791190810937,watch2,95,88,7,7,playing,watch1,self_fast,,watch2,True,10,a,1791190810937,,,0,,,0,,,,
1791190811168,watch3,77,68,9,9,playing,watch1,self_fast,,watch3,True,30,c,1791190811168,,,0,,,0,,,,
1791190811790,watch3,76,68,8,8,playing,watch1,self_fast,,watch3,True,30,c,1791190811790,,,0,,,0,,,,
1791190812133,watch1,86,76,10,10,playing,watch1,self_fast,,watch1,True,10,a,1791190811955,,,0,,,0,,,20261005_175735,1
1791190812133,watch2,95,88,7,7,playing,watch1,self_fast,,watch1,False,10,a,1791190811955,,,0,,,0,,,20261005_175735,1
1791190812133,watch3,76,68,8,8,playing,watch1,self_fast,,watch1,False,10,a,1791190811790,,,0,,,0,,,20261005_175735,1
1791190812133,watch4,73,66,7,7,playing,watch1,self_fast,,watch1,False,10,a,1791190811955,,,0,,,0,,,20261005_175735,1
1791190812557,watch4,75,66,9,9,playing,watch1,self_fast,,watch4,True,10,a,1791190812557,,,0,,,0,,,,
1791190814869,watch1,86,76,10,10,playing,watch1,self_fast,,watch1,True,10,a,1791190813983,,,0,,,0,,,20261005_175735,1
1791190814869,watch2,95,88,7,7,playing,watch1,self_fast,,watch1,False,10,a,1791190813983,,,0,,,0,,,20261005_175735,1
1791190814869,watch3,76,68,8,8,playing,watch1,self_fast,,watch1,False,10,a,1791190813983,,,0,,,0,,,20261005_175735,1
1791190814869,watch4,75,66,9,9,playing,watch1,self_fast,,watch1,False,10,a,1791190813983,,,0,,,0,,,20261005_175735,1
1791190815814,watch3,75,68,7,7,playing,watch1,self_fast,,watch3,True,30,c,1791190815814,,,0,,,0,,,,
1791190816076,watch1,86,76,10,10,playing,watch1,self_fast,,watch1,True,10,a,1791190815146,,,0,,,0,,,20261005_175735,1
1791190816076,watch2,95,88,7,7,playing,watch1,self_fast,,watch1,False,10,a,1791190815146,,,0,,,0,,,20261005_175735,1
1791190816076,watch3,75,68,7,7,playing,watch1,self_fast,,watch1,False,10,a,1791190815814,,,0,,,0,,,20261005_175735,1
1791190816076,watch4,75,66,9,9,playing,watch1,self_fast,,watch1,False,10,a,1791190815146,,,0,,,0,,,20261005_175735,1
1791190816593,watch4,74,66,8,8,playing,watch1,self_fast,,watch4,True,10,a,1791190816593,,,0,,,0,,,,
1791190817248,watch1,86,76,10,10,playing,watch1,self_fast,,watch1,True,10,a,1791190816279,,,0,,,0,,,20261005_175735,1
1791190817248,watch2,95,88,7,7,playing,watch1,self_fast,,watch1,False,10,a,1791190816279,,,0,,,0,,,20261005_175735,1
1791190817248,watch3,75,68,7,7,playing,watch1,self_fast,,watch1,False,10,a,1791190815814,,,0,,,0,,,20261005_175735,1
1791190817248,watch4,74,66,8,8,playing,watch1,self_fast,,watch1,False,10,a,1791190816593,,,0,,,0,,,20261005_175735,1
1791190818499,watch1,86,76,10,10,playing,watch1,self_fast,,watch1,True,10,c,1791190817395,,,0,,,0,,,20261005_175735,1
1791190818499,watch2,95,88,7,7,playing,watch1,self_fast,,watch1,False,10,c,1791190817395,,,0,,,0,,,20261005_175735,1
1791190818499,watch3,75,68,7,7,playing,watch1,self_fast,,watch1,False,10,c,1791190817395,,,0,,,0,,,20261005_175735,1
1791190818499,watch4,74,66,8,8,playing,watch1,self_fast,,watch1,False,10,c,1791190816593,,,0,,,0,,,20261005_175735,1
1791190818703,watch4,75,66,9,9,playing,watch1,self_fast,,watch4,True,10,a,1791190818703,,,0,,,0,,,,
1791190818854,watch3,72,68,4,4,playing,watch1,self_fast,,watch3,True,30,c,1791190818854,,,0,,,0,,,,
1791190819839,watch3,70,68,2,2,playing,watch1,self_fast,,watch3,True,30,c,1791190819839,,,0,,,0,,,,
1791190820840,watch1,86,76,10,10,playing,watch1,self_fast,,watch1,True,10,c,1791190819703,,,0,,,0,,,20261005_175735,1
1791190820840,watch2,95,88,7,7,playing,watch1,self_fast,,watch1,False,10,c,1791190819703,,,0,,,0,,,20261005_175735,1
1791190820840,watch3,70,68,2,2,playing,watch1,self_fast,,watch1,False,10,c,1791190819839,,,0,,,0,,,20261005_175735,1
1791190820840,watch4,75,66,9,9,playing,watch1,self_fast,,watch1,False,10,c,1791190820811,,,0,,,0,,,20261005_175735,1
1791190821850,watch3,73,68,5,5,playing,watch1,self_fast,,watch3,True,30,c,1791190821850,,,0,,,0,,,,
1791190822142,watch1,86,76,10,10,playing,watch1,self_fast,,watch1,True,10,a,1791190822011,,,0,,,0,,,20261005_175735,1
1791190822142,watch2,95,88,7,7,playing,watch1,self_fast,,watch1,False,10,a,1791190822011,,,0,,,0,,,20261005_175735,1
1791190822142,watch3,73,68,5,5,playing,watch1,self_fast,,watch1,False,10,a,1791190821850,,,0,,,0,,,20261005_175735,1
1791190822142,watch4,75,66,9,9,playing,watch1,self_fast,,watch1,False,10,a,1791190822011,,,0,,,0,,,20261005_175735,1
1791190822847,watch3,75,68,7,7,playing,watch1,self_fast,,watch3,True,30,c,1791190822847,,,0,,,0,,,,
1791190823319,watch1,86,76,10,10,playing,watch1,self_fast,,watch1,True,10,a,1791190823107,,,0,,,0,,,20261005_175735,1
1791190823319,watch2,95,88,7,7,playing,watch1,self_fast,,watch1,False,10,a,1791190823107,,,0,,,0,,,20261005_175735,1
1791190823319,watch3,75,68,7,7,playing,watch1,self_fast,,watch1,False,10,a,1791190822847,,,0,,,0,,,20261005_175735,1
1791190823319,watch4,75,66,9,9,playing,watch1,self_fast,,watch1,False,10,a,1791190823107,,,0,,,0,,,20261005_175735,1
1791190823855,watch3,77,68,9,9,playing,watch1,self_fast,,watch3,True,30,c,1791190823855,,,0,,,0,,,,
1791190824554,watch1,86,76,10,10,playing,watch1,self_fast,,watch1,True,10,a,1791190824200,,,0,,,0,,,20261005_175735,1
1791190824554,watch2,95,88,7,7,playing,watch1,self_fast,,watch1,False,10,a,1791190824200,,,0,,,0,,,20261005_175735,1
1791190824554,watch3,77,68,9,9,playing,watch1,self_fast,,watch1,False,10,a,1791190823855,,,0,,,0,,,20261005_175735,1
1791190824554,watch4,75,66,9,9,playing,watch1,self_fast,,watch1,False,10,a,1791190824200,,,0,,,0,,,20261005_175735,1
1791190824667,watch4,74,66,8,8,playing,watch1,self_fast,,watch4,True,10,a,1791190824667,,,0,,,0,,,,
1791190825829,watch1,86,76,10,10,playing,watch1,self_fast,,watch1,True,10,a,1791190825343,,,0,,,0,,,20261005_175735,1
1791190825829,watch2,95,88,7,7,playing,watch1,self_fast,,watch1,False,10,a,1791190825343,,,0,,,0,,,20261005_175735,1
1791190825829,watch3,77,68,9,9,playing,watch1,self_fast,,watch1,False,10,a,1791190825343,,,0,,,0,,,20261005_175735,1
1791190825829,watch4,74,66,8,8,playing,watch1,self_fast,,watch1,False,10,a,1791190824667,,,0,,,0,,,20261005_175735,1
1791190825897,watch3,76,68,8,8,playing,watch1,self_fast,,watch3,True,30,c,1791190825897,,,0,,,0,,,,
1791190826872,watch3,75,68,7,7,playing,watch1,self_fast,,watch3,True,30,c,1791190826872,,,0,,,0,,,,
1791190827177,watch1,86,76,10,10,playing,watch1,self_fast,,watch1,True,10,c,1791190826490,,,0,,,0,,,20261005_175735,1
1791190827177,watch2,95,88,7,7,playing,watch1,self_fast,,watch1,False,10,c,1791190826490,,,0,,,0,,,20261005_175735,1
1791190827177,watch3,75,68,7,7,playing,watch1,self_fast,,watch1,False,10,c,1791190826872,,,0,,,0,,,20261005_175735,1
1791190827177,watch4,74,66,8,8,playing,watch1,self_fast,,watch1,False,10,c,1791190826490,,,0,,,0,,,20261005_175735,1
1791190827901,watch3,74,68,6,6,playing,watch1,self_fast,,watch3,True,30,c,1791190827901,,,0,,,0,,,,
1791190828404,watch1,86,76,10,10,playing,watch1,self_fast,,watch1,True,10,c,1791190827592,,,0,,,0,,,20261005_175735,1
1791190828404,watch2,95,88,7,7,playing,watch1,self_fast,,watch1,False,10,c,1791190827592,,,0,,,0,,,20261005_175735,1
1791190828404,watch3,74,68,6,6,playing,watch1,self_fast,,watch1,False,10,c,1791190827901,,,0,,,0,,,20261005_175735,1
1791190828404,watch4,74,66,8,8,playing,watch1,self_fast,,watch1,False,10,c,1791190827592,,,0,,,0,,,20261005_175735,1
1791190828682,watch4,73,66,7,7,playing,watch1,self_fast,,watch4,True,10,a,1791190828682,,,0,,,0,,,,
1791190828975,watch3,73,68,5,5,playing,watch1,self_fast,,watch3,True,30,c,1791190828975,,,0,,,0,,,,
1791190829636,watch1,86,76,10,10,playing,watch1,self_fast,,watch1,True,10,c,1791190828900,,,0,,,0,,,20261005_175735,1
1791190829636,watch2,95,88,7,7,playing,watch1,self_fast,,watch1,False,10,c,1791190828900,,,0,,,0,,,20261005_175735,1
1791190829636,watch3,73,68,5,5,playing,watch1,self_fast,,watch1,False,10,c,1791190828975,,,0,,,0,,,20261005_175735,1
1791190829636,watch4,73,66,7,7,playing,watch1,self_fast,,watch1,False,10,c,1791190828682,,,0,,,0,,,20261005_175735,1
1791190830876,watch1,86,76,10,10,playing,watch1,self_fast,,watch1,True,10,a,1791190829975,,,0,,,0,,,20261005_175735,1
1791190830876,watch2,95,88,7,7,playing,watch1,self_fast,,watch1,False,10,a,1791190829975,,,0,,,0,,,20261005_175735,1
1791190830876,watch3,73,68,5,5,playing,watch1,self_fast,,watch1,False,10,a,1791190829975,,,0,,,0,,,20261005_175735,1
1791190830876,watch4,73,66,7,7,playing,watch1,self_fast,,watch1,False,10,a,1791190829975,,,0,,,0,,,20261005_175735,1
1791190831915,watch3,72,68,4,4,playing,watch1,self_fast,,watch3,True,30,c,1791190831915,,,0,,,0,,,,
1791190832181,watch1,86,76,10,10,playing,watch1,self_fast,,watch1,True,10,a,1791190831117,,,0,,,0,,,20261005_175735,1
1791190832181,watch2,95,88,7,7,playing,watch1,self_fast,,watch1,False,10,a,1791190831117,,,0,,,0,,,20261005_175735,1
1791190832181,watch3,72,68,4,4,playing,watch1,self_fast,,watch1,False,10,a,1791190831915,,,0,,,0,,,20261005_175735,1
1791190832181,watch4,73,66,7,7,playing,watch1,self_fast,,watch1,False,10,a,1791190831117,,,0,,,0,,,20261005_175735,1
1791190832948,watch3,71,68,3,3,playing,watch1,self_fast,,watch3,True,30,c,1791190832948,,,0,,,0,,,,
1791190833478,watch1,86,76,10,10,playing,watch1,self_fast,,watch1,True,10,a,1791190832345,,,0,,,0,,,20261005_175735,1
1791190833478,watch2,95,88,7,7,playing,watch1,self_fast,,watch1,False,10,a,1791190832345,,,0,,,0,,,20261005_175735,1
1791190833478,watch3,71,68,3,3,playing,watch1,self_fast,,watch1,False,10,a,1791190832948,,,0,,,0,,,20261005_175735,1
1791190833478,watch4,73,66,7,7,playing,watch1,self_fast,,watch1,False,10,a,1791190833441,,,0,,,0,,,20261005_175735,1
1791190833735,watch2,94,88,6,6,playing,watch1,self_fast,,watch2,True,10,a,1791190833735,,,0,,,0,,,,
1791190834808,watch1,86,76,10,10,playing,watch1,self_fast,,watch1,True,10,a,1791190834643,,,0,,,0,,,20261005_175735,1
1791190834808,watch2,94,88,6,6,playing,watch1,self_fast,,watch1,False,10,a,1791190833735,,,0,,,0,,,20261005_175735,1
1791190834808,watch3,71,68,3,3,playing,watch1,self_fast,,watch1,False,10,a,1791190834643,,,0,,,0,,,20261005_175735,1
1791190834808,watch4,73,66,7,7,playing,watch1,self_fast,,watch1,False,10,a,1791190834643,,,0,,,0,,,20261005_175735,1
1791190835742,watch4,74,66,8,8,playing,watch1,self_fast,,watch4,True,10,a,1791190835742,,,0,,,0,,,,
1791190836130,watch1,86,76,10,10,playing,watch2,self_fast,,watch1,True,10,a,1791190835961,,,0,,,0,,,20261005_175735,1
1791190836130,watch2,94,88,6,6,playing,watch2,self_fast,,watch1,False,10,a,1791190835961,,,0,,,0,,,20261005_175735,1
1791190836130,watch3,71,68,3,3,playing,watch2,self_fast,,watch1,False,10,a,1791190835961,,,0,,,0,,,20261005_175735,1
1791190836130,watch4,74,66,8,8,playing,watch2,self_fast,,watch1,False,10,a,1791190835742,,,0,,,0,,,20261005_175735,1
1791190837384,watch1,86,76,10,10,playing,watch2,self_fast,,watch2,False,10,a,1791190837102,,,0,,,0,,,20261005_175735,1
1791190837384,watch2,94,88,6,6,playing,watch2,self_fast,,watch2,True,10,a,1791190837102,,,0,,,0,,,20261005_175735,1
1791190837384,watch3,71,68,3,3,playing,watch2,self_fast,,watch2,False,10,a,1791190837102,,,0,,,0,,,20261005_175735,1
1791190837384,watch4,74,66,8,8,playing,watch2,self_fast,,watch2,False,10,a,1791190837102,,,0,,,0,,,20261005_175735,1
1791190837716,watch2,91,88,3,3,playing,watch2,self_fast,,watch2,True,10,a,1791190837716,,,0,,,0,,,,
1791190837933,watch4,75,66,9,9,playing,watch2,self_fast,,watch4,True,10,a,1791190837933,,,0,,,0,,,,
1791190838132,watch3,72,68,4,4,playing,watch2,self_fast,,watch3,True,30,c,1791190838132,,,0,,,0,,,,
1791190838635,watch1,86,76,10,10,playing,watch2,self_fast,,watch2,False,10,c,1791190838388,,,0,,,0,,,20261005_175735,1
1791190838635,watch2,91,88,3,3,playing,watch2,self_fast,,watch2,True,10,c,1791190837716,,,0,,,0,,,20261005_175735,1
1791190838635,watch3,72,68,4,4,playing,watch2,self_fast,,watch2,False,10,c,1791190838132,,,0,,,0,,,20261005_175735,1
1791190838635,watch4,75,66,9,9,playing,watch2,self_fast,,watch2,False,10,c,1791190837933,,,0,,,0,,,20261005_175735,1
1791190838720,watch2,87,88,-1,1,playing,watch2,self_fast,,watch2,True,10,c,1791190838720,,,0,,,0,,,,
1791190839875,watch1,86,76,10,10,playing,watch2,self_fast,,watch2,False,20,a,1791190839432,,,0,,,0,,,20261005_175735,1
1791190839875,watch2,87,88,-1,1,playing,watch2,self_fast,,watch2,True,20,a,1791190838720,,,0,,,0,,,20261005_175735,1
1791190839875,watch3,72,68,4,4,playing,watch2,self_fast,,watch2,False,20,a,1791190839432,,,0,,,0,,,20261005_175735,1
1791190839875,watch4,74,66,8,8,playing,watch2,self_fast,,watch2,False,20,a,1791190839790,,,0,,,0,,,20261005_175735,1
1791190840721,watch2,84,88,-4,4,playing,watch2,self_fast,,watch2,True,20,a,1791190840721,,,0,,,0,,,,
1791190841191,watch1,86,76,10,10,playing,watch2,self_fast,,watch2,False,30,c,1791190840529,,,0,,,0,,,20261005_175735,1
1791190841191,watch2,84,88,-4,4,playing,watch2,self_fast,,watch2,True,30,c,1791190840721,,,0,,,0,,,20261005_175735,1
1791190841191,watch3,72,68,4,4,playing,watch2,self_fast,,watch2,False,30,c,1791190840529,,,0,,,0,,,20261005_175735,1
1791190841191,watch4,74,66,8,8,playing,watch2,self_fast,,watch2,False,30,c,1791190839790,,,0,,,0,,,20261005_175735,1
1791190842590,watch1,86,76,10,10,playing,watch2,self_fast,,watch2,False,30,a,1791190841630,,,0,,,0,,,20261005_175735,1
1791190842590,watch2,84,88,-4,4,playing,watch2,self_fast,,watch2,True,30,a,1791190840721,,,0,,,0,,,20261005_175735,1
1791190842590,watch3,72,68,4,4,playing,watch2,self_fast,,watch2,False,30,a,1791190841630,,,0,,,0,,,20261005_175735,1
1791190842590,watch4,74,66,8,8,playing,watch2,self_fast,,watch2,False,30,a,1791190841630,,,0,,,0,,,20261005_175735,1
1791190842900,watch2,85,88,-3,3,playing,watch2,self_fast,,watch2,True,30,a,1791190842900,,,0,,,0,,,,
1791190843105,watch3,75,68,7,7,playing,watch2,self_fast,,watch3,True,30,c,1791190843105,,,0,,,0,,,,
1791190843834,watch1,86,76,10,10,playing,watch2,self_fast,,watch2,False,30,a,1791190842723,,,0,,,0,,,20261005_175735,1
1791190843834,watch2,85,88,-3,3,playing,watch2,self_fast,,watch2,True,30,a,1791190842900,,,0,,,0,,,20261005_175735,1
1791190843834,watch3,75,68,7,7,playing,watch2,self_fast,,watch2,False,30,a,1791190843105,,,0,,,0,,,20261005_175735,1
1791190843834,watch4,74,66,8,8,playing,watch2,self_fast,,watch2,False,30,a,1791190842723,,,0,,,0,,,20261005_175735,1
1791190844063,watch3,73,68,5,5,playing,watch2,self_fast,,watch3,True,30,c,1791190844063,,,0,,,0,,,,
1791190844765,watch2,89,88,1,1,playing,watch2,self_fast,,watch2,True,30,a,1791190844765,,,0,,,0,,,,
1791190845679,watch3,72,68,4,4,playing,watch2,self_fast,,watch3,True,30,c,1791190845679,,,0,,,0,,,,
1791190846766,watch2,90,88,2,2,playing,watch2,self_fast,,watch2,True,20,c,1791190846766,,,0,,,0,,,,
1791190847136,watch3,73,68,5,5,playing,watch2,self_fast,,watch3,True,30,c,1791190847136,,,0,,,0,,,,
1791190848020,watch3,72,68,4,4,playing,watch2,self_fast,,watch3,True,30,c,1791190848020,,,0,,,0,,,,
1791190848545,watch1,86,76,10,10,playing,watch2,self_fast,,watch2,False,20,a,1791190848232,,,0,,,0,,,20261005_175735,1
1791190848545,watch2,90,88,2,2,playing,watch2,self_fast,,watch2,True,20,a,1791190848232,,,0,,,0,,,20261005_175735,1
1791190848545,watch3,72,68,4,4,playing,watch2,self_fast,,watch2,False,20,a,1791190848020,,,0,,,0,,,20261005_175735,1
1791190848545,watch4,74,66,8,8,playing,watch2,self_fast,,watch2,False,20,a,1791190848232,,,0,,,0,,,20261005_175735,1
1791190848762,watch2,91,88,3,3,playing,watch2,self_fast,,watch2,True,20,a,1791190848762,,,0,,,0,,,,
1791190848994,watch4,72,66,6,6,playing,watch2,self_fast,,watch4,True,10,a,1791190848994,,,0,,,0,,,,
1791190849775,watch1,86,76,10,10,playing,watch2,self_fast,,watch2,False,10,c,1791190849343,,,0,,,0,,,20261005_175735,1
1791190849775,watch2,91,88,3,3,playing,watch2,self_fast,,watch2,True,10,c,1791190848762,,,0,,,0,,,20261005_175735,1
1791190849775,watch3,72,68,4,4,playing,watch2,self_fast,,watch2,False,10,c,1791190849343,,,0,,,0,,,20261005_175735,1
1791190849775,watch4,72,66,6,6,playing,watch2,self_fast,,watch2,False,10,c,1791190848994,,,0,,,0,,,20261005_175735,1
1791190850825,watch2,90,88,2,2,playing,watch2,self_fast,,watch2,True,10,c,1791190850825,,,0,,,0,,,,
1791190851143,watch1,86,76,10,10,playing,watch2,self_fast,,watch2,False,20,c,1791190850422,,,0,,,0,,,20261005_175735,1
1791190851143,watch2,90,88,2,2,playing,watch2,self_fast,,watch2,True,20,c,1791190850825,,,0,,,0,,,20261005_175735,1
1791190851143,watch3,72,68,4,4,playing,watch2,self_fast,,watch2,False,20,c,1791190850422,,,0,,,0,,,20261005_175735,1
1791190851143,watch4,72,66,6,6,playing,watch2,self_fast,,watch2,False,20,c,1791190850422,,,0,,,0,,,20261005_175735,1
1791190852375,watch1,86,76,10,10,playing,watch2,self_fast,,watch2,False,20,c,1791190851576,,,0,,,0,,,20261005_175735,1
1791190852375,watch2,90,88,2,2,playing,watch2,self_fast,,watch2,True,20,c,1791190850825,,,0,,,0,,,20261005_175735,1
1791190852375,watch3,72,68,4,4,playing,watch2,self_fast,,watch2,False,20,c,1791190851576,,,0,,,0,,,20261005_175735,1
1791190852375,watch4,72,66,6,6,playing,watch2,self_fast,,watch2,False,20,c,1791190851576,,,0,,,0,,,20261005_175735,1
1791190852808,watch2,88,88,0,0,playing,watch2,self_fast,,watch2,True,20,c,1791190852808,,,0,,,0,,,,
1791190853041,watch4,71,66,5,5,playing,watch2,self_fast,,watch4,True,10,a,1791190853041,,,0,,,0,,,,
1791190853690,watch1,76,76,0,0,playing,watch2,self_fast,,watch1,True,10,a,1791190853690,,,0,,,0,,,,
1791190854815,watch2,86,88,-2,2,playing,watch2,self_fast,,watch2,True,20,c,1791190854815,,,0,,,0,,,,
1791190855189,watch1,76,76,0,0,playing,watch2,self_fast,,watch2,False,30,c,1791190853690,,,0,,,0,,,20261005_175735,1
1791190855189,watch2,86,88,-2,2,playing,watch2,self_fast,,watch2,True,30,c,1791190854815,,,0,,,0,,,20261005_175735,1
1791190855189,watch3,72,68,4,4,playing,watch2,self_fast,,watch2,False,30,c,1791190853915,,,0,,,0,,,20261005_175735,1
1791190855189,watch4,70,66,4,4,playing,watch2,self_fast,,watch2,False,30,c,1791190855056,,,0,,,0,,,20261005_175735,1
1791190856616,watch1,76,76,0,0,playing,watch2,self_fast,,watch2,False,30,c,1791190855364,,,0,,,0,,,20261005_175735,1
1791190856616,watch2,86,88,-2,2,playing,watch2,self_fast,,watch2,True,30,c,1791190854815,,,0,,,0,,,20261005_175735,1
1791190856616,watch3,72,68,4,4,playing,watch2,self_fast,,watch2,False,30,c,1791190856550,,,0,,,0,,,20261005_175735,1
1791190856616,watch4,70,66,4,4,playing,watch2,self_fast,,watch2,False,30,c,1791190855056,,,0,,,0,,,20261005_175735,1
1791190856853,watch1,75,76,-1,1,playing,watch2,self_fast,,watch1,True,10,a,1791190856853,,,0,,,0,,,,
1791190857051,watch2,83,88,-5,5,playing,watch2,self_fast,,watch2,True,30,c,1791190857051,,,0,,,0,,,,
1791190858061,watch3,71,68,3,3,playing,watch2,self_fast,,watch3,True,30,c,1791190858061,,,0,,,0,,,,
1791190858713,watch1,73,76,-3,3,playing,watch2,self_fast,,watch1,True,10,a,1791190858713,,,0,,,0,,,,
1791190858937,watch2,78,88,-10,10,playing,watch2,self_fast,,watch2,True,30,a,1791190858937,,,0,,,0,,,,
1791190859181,watch4,71,66,5,5,playing,watch2,self_fast,,watch4,True,10,a,1791190859181,,,0,,,0,,,,
1791190859518,watch1,73,76,-3,3,playing,watch2,self_fast,,watch2,False,40,a,1791190858713,,,0,,,0,,,20261005_175735,1
1791190859518,watch2,78,88,-10,10,playing,watch2,self_fast,,watch2,True,40,a,1791190858937,,,0,,,0,,,20261005_175735,1
1791190859518,watch3,71,68,3,3,playing,watch2,self_fast,,watch2,False,40,a,1791190859413,,,0,,,0,,,20261005_175735,1
1791190859518,watch4,71,66,5,5,playing,watch2,self_fast,,watch2,False,40,a,1791190859181,,,0,,,0,,,20261005_175735,1
1791190859843,watch2,77,88,-11,11,playing,watch2,self_fast,,watch2,True,40,a,1791190859843,,,0,,,0,,,,
1791190860066,watch3,72,68,4,4,playing,watch2,self_fast,,watch3,True,30,c,1791190860066,,,0,,,0,,,,
1791190860758,watch1,73,76,-3,3,playing,watch2,self_fast,,watch2,False,40,c,1791190860470,,,0,,,0,,,20261005_175735,1
1791190860758,watch2,77,88,-11,11,playing,watch2,self_fast,,watch2,True,40,c,1791190859843,,,0,,,0,,,20261005_175735,1
1791190860758,watch3,72,68,4,4,playing,watch2,self_fast,,watch2,False,40,c,1791190860066,,,0,,,0,,,20261005_175735,1
1791190860758,watch4,71,66,5,5,playing,watch2,self_fast,,watch2,False,40,c,1791190860470,,,0,,,0,,,20261005_175735,1
1791190860994,watch4,70,66,4,4,playing,watch2,self_fast,,watch4,True,10,a,1791190860994,,,0,,,0,,,,
1791190861206,watch3,74,68,6,6,playing,watch2,self_fast,,watch3,True,30,c,1791190861206,,,0,,,0,,,,
1791190861713,watch1,74,76,-2,2,playing,watch2,self_fast,,watch1,True,10,a,1791190861713,,,0,,,0,,,,
1791190861913,watch2,78,88,-10,10,playing,watch2,self_fast,,watch2,True,40,c,1791190861913,,,0,,,0,,,,
1791190862211,watch1,74,76,-2,2,playing,watch2,self_fast,,watch2,False,40,c,1791190861713,,,0,,,0,,,20261005_175735,1
1791190862211,watch2,78,88,-10,10,playing,watch2,self_fast,,watch2,True,40,c,1791190861913,,,0,,,0,,,20261005_175735,1
1791190862211,watch3,74,68,6,6,playing,watch2,self_fast,,watch2,False,40,c,1791190861206,,,0,,,0,,,20261005_175735,1
1791190862211,watch4,70,66,4,4,playing,watch2,self_fast,,watch2,False,40,c,1791190860994,,,0,,,0,,,20261005_175735,1
1791190863066,watch3,77,68,9,9,playing,watch2,self_fast,,watch3,True,30,c,1791190863066,,,0,,,0,,,,
1791190863520,watch1,74,76,-2,2,playing,watch2,self_fast,,watch2,False,40,c,1791190861713,,,0,,,0,,,20261005_175735,1
1791190863520,watch2,78,88,-10,10,playing,watch2,self_fast,,watch2,True,40,c,1791190861913,,,0,,,0,,,20261005_175735,1
1791190863520,watch3,77,68,9,9,playing,watch2,self_fast,,watch2,False,40,c,1791190863066,,,0,,,0,,,20261005_175735,1
1791190863520,watch4,70,66,4,4,playing,watch2,self_fast,,watch2,False,40,c,1791190862599,,,0,,,0,,,20261005_175735,1
1791190864058,watch3,78,68,10,10,playing,watch2,self_fast,,watch3,True,30,c,1791190864058,,,0,,,0,,,,
1791190865033,watch4,71,66,5,5,playing,watch3,self_fast,,watch4,True,10,a,1791190865033,,,0,,,0,,,,
1791190865863,watch2,81,88,-7,7,playing,watch3,self_fast,,watch2,True,40,c,1791190865863,,,0,,,0,,,,
1791190866126,watch1,74,76,-2,2,playing,watch3,self_fast,,watch3,False,10,a,1791190864815,,,0,,,0,,,20261005_175735,1
1791190866126,watch2,81,88,-7,7,playing,watch3,self_fast,,watch3,False,10,a,1791190865863,,,0,,,0,,,20261005_175735,1
1791190866126,watch3,78,68,10,10,playing,watch3,self_fast,,watch3,True,10,a,1791190864058,,,0,,,0,,,20261005_175735,1
1791190866126,watch4,71,66,5,5,playing,watch3,self_fast,,watch3,False,10,a,1791190865033,,,0,,,0,,,20261005_175735,1
1791190866757,watch1,76,76,0,0,playing,watch3,self_fast,,watch1,True,10,a,1791190866757,,,0,,,0,,,,
1791190867043,watch4,73,66,7,7,playing,watch3,self_fast,,watch4,True,10,a,1791190867043,,,0,,,0,,,,
1791190867245,watch3,79,68,11,11,playing,watch3,self_fast,,watch3,True,10,a,1791190867245,,,0,,,0,,,,
1791190867667,watch1,76,76,0,0,playing,watch3,self_fast,,watch3,False,10,a,1791190866757,,,0,,,0,,,20261005_175735,1
1791190867667,watch2,81,88,-7,7,playing,watch3,self_fast,,watch3,False,10,a,1791190867561,,,0,,,0,,,20261005_175735,1
1791190867667,watch3,79,68,11,11,playing,watch3,self_fast,,watch3,True,10,a,1791190867245,,,0,,,0,,,20261005_175735,1
1791190867667,watch4,73,66,7,7,playing,watch3,self_fast,,watch3,False,10,a,1791190867043,,,0,,,0,,,20261005_175735,1
1791190867884,watch2,82,88,-6,6,playing,watch3,self_fast,,watch2,True,40,c,1791190867884,,,0,,,0,,,,
1791190868767,watch1,78,76,2,2,playing,watch3,self_fast,,watch1,True,10,a,1791190868767,,,0,,,0,,,,
1791190869121,watch3,80,68,12,12,playing,watch3,self_fast,,watch3,True,10,a,1791190869121,,,0,,,0,,,,
1791190869908,watch2,85,88,-3,3,playing,watch3,self_fast,,watch2,True,40,c,1791190869908,,,0,,,0,,,,
1791190870144,watch4,72,66,6,6,playing,watch3,self_fast,,watch4,True,10,a,1791190870144,,,0,,,0,,,,
1791190870601,watch1,78,76,2,2,playing,watch3,self_fast,,watch3,False,10,a,1791190868767,,,0,,,0,,,20261005_175735,1
1791190870601,watch2,85,88,-3,3,playing,watch3,self_fast,,watch3,False,10,a,1791190869908,,,0,,,0,,,20261005_175735,1
1791190870601,watch3,81,68,13,13,playing,watch3,self_fast,,watch3,True,10,a,1791190870447,,,0,,,0,,,20261005_175735,1
1791190870601,watch4,72,66,6,6,playing,watch3,self_fast,,watch3,False,10,a,1791190870144,,,0,,,0,,,20261005_175735,1
1791190871098,watch3,82,68,14,14,playing,watch3,self_fast,,watch3,True,10,a,1791190871098,,,0,,,0,,,,
1791190871903,watch1,78,76,2,2,playing,watch3,self_fast,,watch3,False,20,a,1791190870828,,,0,,,0,,,20261005_175735,1
1791190871903,watch2,85,88,-3,3,playing,watch3,self_fast,,watch3,False,20,a,1791190869908,,,0,,,0,,,20261005_175735,1
1791190871903,watch3,82,68,14,14,playing,watch3,self_fast,,watch3,True,20,a,1791190871098,,,0,,,0,,,20261005_175735,1
1791190871903,watch4,72,66,6,6,playing,watch3,self_fast,,watch3,False,20,a,1791190871869,,,0,,,0,,,20261005_175735,1
1791190872034,watch2,90,88,2,2,playing,watch3,self_fast,,watch2,True,40,c,1791190872034,,,0,,,0,,,,
1791190872366,watch4,71,66,5,5,playing,watch3,self_fast,,watch4,True,10,a,1791190872366,,,0,,,0,,,,
1791190873125,watch3,83,68,15,15,playing,watch3,self_fast,,watch3,True,20,a,1791190873125,,,0,,,0,,,,
1791190873445,watch1,78,76,2,2,playing,watch3,self_fast,,watch3,False,20,c,1791190873031,,,0,,,0,,,20261005_175735,1
1791190873445,watch2,90,88,2,2,playing,watch3,self_fast,,watch3,False,20,c,1791190872034,,,0,,,0,,,20261005_175735,1
1791190873445,watch3,83,68,15,15,playing,watch3,self_fast,,watch3,True,20,c,1791190873125,,,0,,,0,,,20261005_175735,1
1791190873445,watch4,71,66,5,5,playing,watch3,self_fast,,watch3,False,20,c,1791190872366,,,0,,,0,,,20261005_175735,1
1791190873905,watch2,87,88,-1,1,playing,watch3,self_fast,,watch2,True,40,c,1791190873905,,,0,,,0,,,,
1791190874178,watch4,70,66,4,4,playing,watch3,self_fast,,watch4,True,10,a,1791190874178,,,0,,,0,,,,
1791190874731,watch1,78,76,2,2,playing,watch3,self_fast,,watch3,False,20,c,1791190874461,,,0,,,0,,,20261005_175735,1
1791190874731,watch2,87,88,-1,1,playing,watch3,self_fast,,watch3,False,20,c,1791190873905,,,0,,,0,,,20261005_175735,1
1791190874731,watch3,83,68,15,15,playing,watch3,self_fast,,watch3,True,20,c,1791190874461,,,0,,,0,,,20261005_175735,1
1791190874731,watch4,70,66,4,4,playing,watch3,self_fast,,watch3,False,20,c,1791190874178,,,0,,,0,,,20261005_175735,1
1791190875113,watch3,84,68,16,16,playing,watch3,self_fast,,watch3,True,20,c,1791190875113,,,0,,,0,,,,
1791190876018,watch1,78,76,2,2,playing,watch3,self_fast,,watch3,False,20,c,1791190875552,,,0,,,0,,,20261005_175735,1
1791190876018,watch2,88,88,0,0,playing,watch3,self_fast,,watch3,False,20,c,1791190875918,,,0,,,0,,,20261005_175735,1
1791190876018,watch3,84,68,16,16,playing,watch3,self_fast,,watch3,True,20,c,1791190875113,,,0,,,0,,,20261005_175735,1
1791190876018,watch4,70,66,4,4,playing,watch3,self_fast,,watch3,False,20,c,1791190875552,,,0,,,0,,,20261005_175735,1
1791190877577,watch4,71,66,5,5,playing,watch3,self_fast,,watch4,True,10,a,1791190877577,,,0,,,0,,,,
1791190877984,watch2,84,88,-4,4,playing,watch3,self_fast,,watch2,True,40,c,1791190877984,,,0,,,0,,,,
1791190878308,watch3,81,68,13,13,playing,watch3,self_fast,,watch3,True,20,c,1791190878308,,,0,,,0,,,,
1791190878695,watch1,78,76,2,2,playing,watch3,self_fast,,watch3,False,10,c,1791190877833,,,0,,,0,,,20261005_175735,1
1791190878695,watch2,84,88,-4,4,playing,watch3,self_fast,,watch3,False,10,c,1791190877984,,,0,,,0,,,20261005_175735,1
1791190878695,watch3,81,68,13,13,playing,watch3,self_fast,,watch3,True,10,c,1791190878308,,,0,,,0,,,20261005_175735,1
1791190878695,watch4,71,66,5,5,playing,watch3,self_fast,,watch3,False,10,c,1791190877577,,,0,,,0,,,20261005_175735,1
1791190880120,watch1,78,76,2,2,playing,watch3,self_fast,,watch3,False,10,c,1791190878976,,,0,,,0,,,20261005_175735,1
1791190880120,watch2,82,88,-6,6,playing,watch3,self_fast,,watch3,False,10,c,1791190879952,,,0,,,0,,,20261005_175735,1
1791190880120,watch3,81,68,13,13,playing,watch3,self_fast,,watch3,True,10,c,1791190878308,,,0,,,0,,,20261005_175735,1
1791190880120,watch4,71,66,5,5,playing,watch3,self_fast,,watch3,False,10,c,1791190878976,,,0,,,0,,,20261005_175735,1
1791190880495,watch3,80,68,12,12,playing,watch3,self_fast,,watch3,True,10,c,1791190880495,,,0,,,0,,,,
1791190880829,watch1,79,76,3,3,playing,watch3,self_fast,,watch1,True,10,a,1791190880829,,,0,,,0,,,,
1791190881234,watch3,79,68,11,11,playing,watch3,self_fast,,watch3,True,10,c,1791190881234,,,0,,,0,,,,
1791190881586,watch1,79,76,3,3,playing,watch3,self_fast,,watch3,False,10,c,1791190880829,,,0,,,0,,,20261005_175735,1
1791190881586,watch2,82,88,-6,6,playing,watch3,self_fast,,watch3,False,10,c,1791190881496,,,0,,,0,,,20261005_175735,1
1791190881586,watch3,79,68,11,11,playing,watch3,self_fast,,watch3,True,10,c,1791190881234,,,0,,,0,,,20261005_175735,1
1791190881586,watch4,71,66,5,5,playing,watch3,self_fast,,watch3,False,10,c,1791190881496,,,0,,,0,,,20261005_175735,1
1791190881847,watch1,80,76,4,4,playing,watch3,self_fast,,watch1,True,10,a,1791190881847,,,0,,,0,,,,
1791190882158,watch3,78,68,10,10,playing,watch3,self_fast,,watch3,True,10,c,1791190882158,,,0,,,0,,,,
1791190882414,watch4,72,66,6,6,playing,watch3,self_fast,,watch4,True,10,a,1791190882414,,,0,,,0,,,,
1791190882858,watch1,80,76,4,4,playing,watch3,self_fast,,watch3,False,10,c,1791190881847,,,0,,,0,,,20261005_175735,1
1791190882858,watch2,82,88,-6,6,playing,watch3,self_fast,,watch3,False,10,c,1791190882702,,,0,,,0,,,20261005_175735,1
1791190882858,watch3,78,68,10,10,playing,watch3,self_fast,,watch3,True,10,c,1791190882158,,,0,,,0,,,20261005_175735,1
1791190882858,watch4,72,66,6,6,playing,watch3,self_fast,,watch3,False,10,c,1791190882414,,,0,,,0,,,20261005_175735,1
1791190882972,watch2,80,88,-8,8,playing,watch3,self_fast,,watch2,True,40,c,1791190882972,,,0,,,0,,,,
1791190883895,watch1,82,76,6,6,playing,watch3,self_fast,,watch1,True,10,a,1791190883895,,,0,,,0,,,,
1791190884191,watch4,73,66,7,7,playing,watch3,self_fast,,watch4,True,10,a,1791190884191,,,0,,,0,,,,
1791190884527,watch3,77,68,9,9,playing,watch3,self_fast,,watch3,True,10,c,1791190884527,,,0,,,0,,,,
1791190885539,watch2,78,88,-10,10,playing,watch3,self_fast,,watch2,True,40,c,1791190885539,,,0,,,0,,,,
1791190886230,watch4,72,66,6,6,playing,watch3,self_fast,,watch4,True,10,a,1791190886230,,,0,,,0,,,,
1791190887746,watch3,78,68,10,10,playing,watch3,self_fast,,watch3,True,10,a,1791190887746,,,0,,,0,,,,
1791190888640,watch1,82,76,6,6,playing,watch3,self_fast,,watch3,False,10,a,1791190887430,,,0,,,0,,,20261005_175735,1
1791190888640,watch2,78,88,-10,10,playing,watch3,self_fast,,watch3,False,10,a,1791190887430,,,0,,,0,,,20261005_175735,1
1791190888640,watch3,78,68,10,10,playing,watch3,self_fast,,watch3,True,10,a,1791190887746,,,0,,,0,,,20261005_175735,1
1791190888640,watch4,72,66,6,6,playing,watch3,self_fast,,watch3,False,10,a,1791190887430,,,0,,,0,,,20261005_175735,1
1791190888974,watch2,79,88,-9,9,playing,watch3,self_fast,,watch2,True,40,c,1791190888974,,,0,,,0,,,,
1791190889247,watch3,77,68,9,9,playing,watch3,self_fast,,watch3,True,10,a,1791190889247,,,0,,,0,,,,
1791190889470,watch4,73,66,7,7,playing,watch3,self_fast,,watch4,True,10,a,1791190889470,,,0,,,0,,,,
1791190889876,watch1,85,76,9,9,playing,watch3,self_fast,,watch1,True,10,a,1791190889876,,,0,,,0,,,,
1791190890300,watch3,76,68,8,8,playing,watch3,self_fast,,watch3,True,10,a,1791190890300,,,0,,,0,,,,
1791190891000,watch2,78,88,-10,10,playing,watch3,self_fast,,watch2,True,40,c,1791190891000,,,0,,,0,,,,
1791190891521,watch1,85,76,9,9,playing,watch3,self_fast,,watch3,False,10,a,1791190889876,,,0,,,0,,,20261005_175735,1
1791190891521,watch2,78,88,-10,10,playing,watch3,self_fast,,watch3,False,10,a,1791190891000,,,0,,,0,,,20261005_175735,1
1791190891521,watch3,75,68,7,7,playing,watch3,self_fast,,watch3,True,10,a,1791190891273,,,0,,,0,,,20261005_175735,1
1791190891521,watch4,73,66,7,7,playing,watch3,self_fast,,watch3,False,10,a,1791190889470,,,0,,,0,,,20261005_175735,1
1791190891626,watch4,74,66,8,8,playing,watch3,self_fast,,watch4,True,10,a,1791190891626,,,0,,,0,,,,
1791190892201,watch3,74,68,6,6,playing,watch3,self_fast,,watch3,True,10,a,1791190892201,,,0,,,0,,,,
1791190892817,watch1,85,76,9,9,playing,watch3,self_fast,,watch3,False,20,a,1791190891941,,,0,,,0,,,20261005_175735,1
1791190892817,watch2,78,88,-10,10,playing,watch3,self_fast,,watch3,False,20,a,1791190891000,,,0,,,0,,,20261005_175735,1
1791190892817,watch3,74,68,6,6,playing,watch3,self_fast,,watch3,True,20,a,1791190892201,,,0,,,0,,,20261005_175735,1
1791190892817,watch4,74,66,8,8,playing,watch3,self_fast,,watch3,False,20,a,1791190891626,,,0,,,0,,,20261005_175735,1
1791190892898,watch1,90,76,14,14,playing,watch3,self_fast,,watch1,True,10,a,1791190892898,,,0,,,0,,,,
1791190893406,watch2,77,88,-11,11,playing,watch3,self_fast,,watch2,True,40,c,1791190893406,,,0,,,0,,,,
1791190894144,watch1,90,76,14,14,playing,watch3,self_fast,,watch3,False,20,c,1791190892898,,,0,,,0,,,20261005_175735,1
1791190894144,watch2,77,88,-11,11,playing,watch3,self_fast,,watch3,False,20,c,1791190893406,,,0,,,0,,,20261005_175735,1
1791190894144,watch3,74,68,6,6,playing,watch3,self_fast,,watch3,True,20,c,1791190893265,,,0,,,0,,,20261005_175735,1
1791190894144,watch4,74,66,8,8,playing,watch3,self_fast,,watch3,False,20,c,1791190893265,,,0,,,0,,,20261005_175735,1
1791190894237,watch3,73,68,5,5,playing,watch3,self_fast,,watch3,True,20,c,1791190894237,,,0,,,0,,,,
1791190894934,watch1,91,76,15,15,playing,watch3,self_fast,,watch1,True,10,a,1791190894934,,,0,,,0,,,,
1791190895240,watch3,74,68,6,6,playing,watch3,self_fast,,watch3,True,20,c,1791190895240,,,0,,,0,,,,
1791190895717,watch1,91,76,15,15,playing,watch3,self_fast,,watch3,False,20,c,1791190894934,,,0,,,0,,,20261005_175735,1
1791190895717,watch2,77,88,-11,11,playing,watch3,self_fast,,watch3,False,20,c,1791190894604,,,0,,,0,,,20261005_175735,1
1791190895717,watch3,74,68,6,6,playing,watch3,self_fast,,watch3,True,20,c,1791190895240,,,0,,,0,,,20261005_175735,1
1791190895717,watch4,73,66,7,7,playing,watch3,self_fast,,watch3,False,20,c,1791190895513,,,0,,,0,,,20261005_175735,1
1791190895991,watch1,92,76,16,16,playing,watch3,self_fast,,watch1,True,10,a,1791190895991,,,0,,,0,,,,
1791190896263,watch3,73,68,5,5,playing,watch3,self_fast,,watch3,True,20,c,1791190896263,,,0,,,0,,,,
1791190897213,watch1,92,76,16,16,playing,watch3,self_fast,,watch3,False,20,a,1791190896991,,,0,,,0,,,20261005_175735,1
1791190897213,watch2,77,88,-11,11,playing,watch3,self_fast,,watch3,False,20,a,1791190896991,,,0,,,0,,,20261005_175735,1
1791190897213,watch3,73,68,5,5,playing,watch3,self_fast,,watch3,True,20,a,1791190896263,,,0,,,0,,,20261005_175735,1
1791190897213,watch4,73,66,7,7,playing,watch3,self_fast,,watch3,False,20,a,1791190896991,,,0,,,0,,,20261005_175735,1
1791190897344,watch4,71,66,5,5,playing,watch3,self_fast,,watch4,True,10,a,1791190897344,,,0,,,0,,,,
1791190898483,watch1,92,76,16,16,playing,watch3,self_fast,,watch3,False,20,a,1791190898150,,,0,,,0,,,20261005_175735,1
1791190898483,watch2,77,88,-11,11,playing,watch3,self_fast,,watch3,False,20,a,1791190898150,,,0,,,0,,,20261005_175735,1
1791190898483,watch3,73,68,5,5,playing,watch3,self_fast,,watch3,True,20,a,1791190898150,,,0,,,0,,,20261005_175735,1
1791190898483,watch4,71,66,5,5,playing,watch3,self_fast,,watch3,False,20,a,1791190897344,,,0,,,0,,,20261005_175735,1
1791190899426,watch4,70,66,4,4,playing,watch3,self_fast,,watch4,True,10,a,1791190899426,,,0,,,0,,,,
1791190899778,watch1,92,76,16,16,playing,watch3,self_fast,,watch3,False,20,c,1791190899256,,,0,,,0,,,20261005_175735,1
1791190899778,watch2,77,88,-11,11,playing,watch3,self_fast,,watch3,False,20,c,1791190899256,,,0,,,0,,,20261005_175735,1
1791190899778,watch3,73,68,5,5,playing,watch3,self_fast,,watch3,True,20,c,1791190899256,,,0,,,0,,,20261005_175735,1
1791190899778,watch4,70,66,4,4,playing,watch3,self_fast,,watch3,False,20,c,1791190899426,,,0,,,0,,,20261005_175735,1
1791190901073,watch1,92,76,16,16,playing,watch3,self_fast,,watch3,False,20,c,1791190900425,,,0,,,0,,,20261005_175735,1
1791190901073,watch2,77,88,-11,11,playing,watch3,self_fast,,watch3,False,20,c,1791190900425,,,0,,,0,,,20261005_175735,1
1791190901073,watch3,73,68,5,5,playing,watch3,self_fast,,watch3,True,20,c,1791190900425,,,0,,,0,,,20261005_175735,1
1791190901073,watch4,70,66,4,4,playing,watch3,self_fast,,watch3,False,20,c,1791190899426,,,0,,,0,,,20261005_175735,1
1791190901258,watch3,72,68,4,4,playing,watch3,self_fast,,watch3,True,20,c,1791190901258,,,0,,,0,,,,
1791190901677,watch4,71,66,5,5,playing,watch3,self_fast,,watch4,True,10,a,1791190901677,,,0,,,0,,,,
1791190902323,watch1,92,76,16,16,playing,watch3,self_fast,,watch3,False,20,a,1791190901899,,,0,,,0,,,20261005_175735,1
1791190902323,watch2,77,88,-11,11,playing,watch3,self_fast,,watch3,False,20,a,1791190901899,,,0,,,0,,,20261005_175735,1
1791190902323,watch3,72,68,4,4,playing,watch3,self_fast,,watch3,True,20,a,1791190901258,,,0,,,0,,,20261005_175735,1
1791190902323,watch4,71,66,5,5,playing,watch3,self_fast,,watch3,False,20,a,1791190901677,,,0,,,0,,,20261005_175735,1
1791190903259,watch3,71,68,3,3,playing,watch3,self_fast,,watch3,True,20,a,1791190903259,,,0,,,0,,,,
1791190903669,watch1,92,76,16,16,playing,watch3,self_fast,,watch3,False,20,a,1791190903013,,,0,,,0,,,20261005_175735,1
1791190903669,watch2,77,88,-11,11,playing,watch3,self_fast,,watch3,False,20,a,1791190903013,,,0,,,0,,,20261005_175735,1
1791190903669,watch3,71,68,3,3,playing,watch3,self_fast,,watch3,True,20,a,1791190903259,,,0,,,0,,,20261005_175735,1
1791190903669,watch4,73,66,7,7,playing,watch3,self_fast,,watch3,False,20,a,1791190903532,,,0,,,0,,,20261005_175735,1
1791190905044,watch1,92,76,16,16,playing,watch3,self_fast,,watch3,False,20,a,1791190904212,,,0,,,0,,,20261005_175735,1
1791190905044,watch2,77,88,-11,11,playing,watch3,self_fast,,watch3,False,20,a,1791190904212,,,0,,,0,,,20261005_175735,1
1791190905044,watch3,71,68,3,3,playing,watch3,self_fast,,watch3,True,20,a,1791190903259,,,0,,,0,,,20261005_175735,1
1791190905044,watch4,73,66,7,7,playing,watch3,self_fast,,watch3,False,20,a,1791190903532,,,0,,,0,,,20261005_175735,1
1791190905487,watch4,75,66,9,9,playing,watch3,self_fast,,watch4,True,10,a,1791190905487,,,0,,,0,,,,
1791190906414,watch1,92,76,16,16,playing,watch3,self_fast,,watch3,False,20,c,1791190905303,,,0,,,0,,,20261005_175735,1
1791190906414,watch2,77,88,-11,11,playing,watch3,self_fast,,watch3,False,20,c,1791190905303,,,0,,,0,,,20261005_175735,1
1791190906414,watch3,71,68,3,3,playing,watch3,self_fast,,watch3,True,20,c,1791190905303,,,0,,,0,,,20261005_175735,1
1791190906414,watch4,75,66,9,9,playing,watch3,self_fast,,watch3,False,20,c,1791190905487,,,0,,,0,,,20261005_175735,1
1791190907770,watch1,92,76,16,16,playing,watch3,self_fast,,watch3,False,20,c,1791190906491,,,0,,,0,,,20261005_175735,1
1791190907770,watch2,77,88,-11,11,playing,watch3,self_fast,,watch3,False,20,c,1791190906491,,,0,,,0,,,20261005_175735,1
1791190907770,watch3,71,68,3,3,playing,watch3,self_fast,,watch3,True,20,c,1791190906491,,,0,,,0,,,20261005_175735,1
1791190907770,watch4,75,66,9,9,playing,watch3,self_fast,,watch3,False,20,c,1791190906491,,,0,,,0,,,20261005_175735,1
1791190908444,watch4,74,66,8,8,playing,watch3,self_fast,,watch4,True,10,a,1791190908444,,,0,,,0,,,,
1791190908972,watch1,91,76,15,15,playing,watch3,self_fast,,watch1,True,10,a,1791190908972,,,0,,,0,,,,
1791190909384,watch3,72,68,4,4,playing,watch3,self_fast,,watch3,True,20,c,1791190909384,,,0,,,0,,,,
1791190910725,watch1,91,76,15,15,playing,watch3,self_fast,,watch3,False,20,c,1791190910372,,,0,,,0,,,20261005_175735,1
1791190910725,watch2,77,88,-11,11,playing,watch3,self_fast,,watch3,False,20,c,1791190910372,,,0,,,0,,,20261005_175735,1
1791190910725,watch3,72,68,4,4,playing,watch3,self_fast,,watch3,True,20,c,1791190909384,,,0,,,0,,,20261005_175735,1
1791190910725,watch4,74,66,8,8,playing,watch3,self_fast,,watch3,False,20,c,1791190910372,,,0,,,0,,,20261005_175735,1
1791190911998,watch1,92,76,16,16,playing,watch3,self_fast,,watch1,True,10,a,1791190911998,,,0,,,0,,,,
1791190913006,watch1,93,76,17,17,playing,watch3,self_fast,,watch1,True,10,a,1791190913006,,,0,,,0,,,,
1791190913393,watch1,93,76,17,17,playing,watch3,self_fast,,watch3,False,20,a,1791190913006,,,0,,,0,,,20261005_175735,1
1791190913393,watch2,77,88,-11,11,playing,watch3,self_fast,,watch3,False,20,a,1791190912706,,,0,,,0,,,20261005_175735,1
1791190913393,watch3,72,68,4,4,playing,watch3,self_fast,,watch3,True,20,a,1791190912706,,,0,,,0,,,20261005_175735,1
1791190913393,watch4,74,66,8,8,playing,watch3,self_fast,,watch3,False,20,a,1791190912706,,,0,,,0,,,20261005_175735,1
1791190913999,watch1,94,76,18,18,playing,watch3,self_fast,,watch1,True,10,a,1791190913999,,,0,,,0,,,,
1791190914510,watch4,73,66,7,7,playing,watch3,self_fast,,watch4,True,10,a,1791190914510,,,0,,,0,,,,
1791190914852,watch1,94,76,18,18,playing,watch3,self_fast,,watch3,False,20,c,1791190913999,,,0,,,0,,,20261005_175735,1
1791190914852,watch2,77,88,-11,11,playing,watch3,self_fast,,watch3,False,20,c,1791190913817,,,0,,,0,,,20261005_175735,1
1791190914852,watch3,72,68,4,4,playing,watch3,self_fast,,watch3,True,20,c,1791190913817,,,0,,,0,,,20261005_175735,1
1791190914852,watch4,73,66,7,7,playing,watch3,self_fast,,watch3,False,20,c,1791190914510,,,0,,,0,,,20261005_175735,1
1791190915123,watch1,95,76,19,19,playing,watch3,self_fast,,watch1,True,10,a,1791190915123,,,0,,,0,,,,
1791190915372,watch3,67,68,-1,1,playing,watch3,self_fast,,watch3,True,20,c,1791190915372,,,0,,,0,,,,
1791190916061,watch1,97,76,21,21,playing,watch3,self_fast,,watch1,True,10,a,1791190916061,,,0,,,0,,,,
1791190916703,watch2,79,88,-9,9,playing,watch4,self_fast,,watch2,True,40,c,1791190916703,,,0,,,0,,,,
1791190917096,watch4,72,66,6,6,playing,watch4,self_fast,,watch4,True,10,a,1791190917096,,,0,,,0,,,,
1791190918080,watch1,102,76,26,26,playing,watch4,self_fast,,watch1,True,10,a,1791190918080,,,0,,,0,,,,
1791190918351,watch2,78,88,-10,10,playing,watch4,self_fast,,watch2,True,40,c,1791190918351,,,0,,,0,,,,
1791190920368,watch1,99,76,23,23,playing,watch4,self_fast,,watch1,True,10,a,1791190920368,,,0,,,0,,,,
1791190920793,watch1,98,76,22,22,playing,watch4,self_fast,,watch1,True,10,a,1791190920793,,,0,,,0,,,,
1791190922277,watch3,66,68,-2,2,playing,watch4,self_fast,,watch3,True,30,c,1791190922277,,,0,,,0,,,,
1791190922747,watch4,71,66,5,5,playing,watch4,self_fast,,watch4,True,10,c,1791190922747,,,0,,,0,,,,
1791190922978,watch1,96,76,20,20,playing,watch4,self_fast,,watch1,True,10,a,1791190922978,,,0,,,0,,,,
1791190923285,watch1,91,76,15,15,playing,watch4,self_fast,,watch1,True,10,a,1791190923285,,,0,,,0,,,,
1791190923593,watch2,79,88,-9,9,playing,watch4,self_fast,,watch2,True,40,c,1791190923593,,,0,,,0,,,,
1791190923828,watch3,71,68,3,3,playing,watch4,self_fast,,watch3,True,30,c,1791190923828,,,0,,,0,,,,
1791190924100,watch3,73,68,5,5,playing,watch4,self_fast,,watch3,True,30,c,1791190924100,,,0,,,0,,,,
1791190924683,watch4,,,,,set_end,watch4,,,,,,,,倒壊,,,,,0,0,SET 1 終了,20261005_175735,1
1791191027988,watch1,85,76,9,9,playing,watch1,self_fast,,,False,,,1791191027988,,,,,,1,,,,
1791191028523,watch1,85,76,9,9,playing,watch1,self_fast,,watch1,True,30,c,1791191027988,,,0,,,1,,,20261005_175735,2
1791191028523,watch2,82,88,-6,6,playing,watch1,self_fast,,watch1,False,30,c,1791191025696,,,0,,,1,,,20261005_175735,2
1791191028523,watch3,69,68,1,1,playing,watch1,self_fast,,watch1,False,30,c,1791191023251,,,0,,,1,,,20261005_175735,2
1791191028523,watch4,70,66,4,4,playing,watch1,self_fast,,watch1,False,30,c,1791191023604,,,0,,,0,,,20261005_175735,2
1791191029693,watch2,81,88,-7,7,playing,watch1,self_fast,,,False,,,1791191029693,,,,,,1,,,,
1791191030415,watch1,81,76,5,5,playing,watch1,self_fast,,watch1,True,20,a,1791191030106,,,0,,,1,,,20261005_175735,2
1791191030415,watch2,81,88,-7,7,playing,watch1,self_fast,,watch1,False,20,a,1791191029693,,,0,,,1,,,20261005_175735,2
1791191030415,watch3,69,68,1,1,playing,watch1,self_fast,,watch1,False,20,a,1791191028816,,,0,,,1,,,20261005_175735,2
1791191030415,watch4,70,66,4,4,playing,watch1,self_fast,,watch1,False,20,a,1791191028816,,,0,,,0,,,20261005_175735,2
1791191030883,watch1,82,76,6,6,playing,watch1,self_fast,,watch1,True,20,a,1791191030883,,,0,,,1,,,,
1791191031878,watch2,82,88,-6,6,playing,watch1,self_fast,,,False,,,1791191031878,,,,,,1,,,,
1791191033090,watch3,70,68,2,2,playing,watch1,self_fast,,,False,,,1791191033090,,,,,,1,,,,
1791191033563,watch4,71,66,5,5,playing,watch1,self_fast,,,False,,,1791191033563,,,,,,0,,,,
1791191034029,watch3,75,68,7,7,playing,watch1,self_fast,,,False,,,1791191034029,,,,,,1,,,,
1791191034892,watch3,78,68,10,10,playing,watch1,self_fast,,,False,,,1791191034892,,,,,,1,,,,
1791191035339,watch1,82,76,6,6,playing,watch1,self_fast,,watch1,True,20,c,1791191034370,,,0,,,1,,,20261005_175735,2
1791191035339,watch2,82,88,-6,6,playing,watch1,self_fast,,watch1,False,20,c,1791191034370,,,0,,,1,,,20261005_175735,2
1791191035339,watch3,78,68,10,10,playing,watch1,self_fast,,watch1,False,20,c,1791191034892,,,0,,,1,,,20261005_175735,2
1791191035339,watch4,71,66,5,5,playing,watch1,self_fast,,watch1,False,20,c,1791191033563,,,0,,,0,,,20261005_175735,2
1791191035689,watch4,72,66,6,6,playing,watch1,self_fast,,,False,,,1791191035689,,,,,,0,,,,
1791191036049,watch1,83,76,7,7,playing,watch1,self_fast,,watch1,True,20,c,1791191036049,,,0,,,1,,,,
1791191036372,watch3,80,68,12,12,playing,watch1,self_fast,,,False,,,1791191036372,,,,,,1,,,,
1791191036868,watch2,81,88,-7,7,playing,watch1,self_fast,,,False,,,1791191036868,,,,,,1,,,,
1791191037465,watch3,82,68,14,14,playing,watch1,self_fast,,,False,,,1791191037465,,,,,,1,,,,
1791191037781,watch4,75,66,9,9,playing,watch1,self_fast,,,False,,,1791191037781,,,,,,0,,,,
1791191038188,watch3,84,68,16,16,playing,watch1,self_fast,,,False,,,1791191038188,,,,,,1,,,,
1791191038607,watch1,83,76,7,7,playing,watch1,self_fast,,watch1,True,20,a,1791191038103,,,0,,,1,,,20261005_175735,2
1791191038607,watch2,81,88,-7,7,playing,watch1,self_fast,,watch1,False,20,a,1791191038103,,,0,,,1,,,20261005_175735,2
1791191038607,watch3,84,68,16,16,playing,watch1,self_fast,,watch1,False,20,a,1791191038188,,,0,,,1,,,20261005_175735,2
1791191038607,watch4,75,66,9,9,playing,watch1,self_fast,,watch1,False,20,a,1791191037781,,,0,,,0,,,20261005_175735,2
1791191038765,watch2,83,88,-5,5,playing,watch1,self_fast,,,False,,,1791191038765,,,,,,1,,,,
1791191039058,watch1,84,76,8,8,playing,watch1,self_fast,,watch1,True,20,a,1791191039058,,,0,,,1,,,,
1791191039346,watch3,85,68,17,17,playing,watch1,self_fast,,,False,,,1791191039346,,,,,,1,,,,
1791191039710,watch4,76,66,10,10,playing,watch1,self_fast,,,False,,,1791191039710,,,,,,0,,,,
1791191040142,watch1,84,76,8,8,playing,watch1,self_fast,,watch1,True,30,c,1791191039058,,,0,,,1,,,20261005_175735,2
1791191040142,watch2,83,88,-5,5,playing,watch1,self_fast,,watch1,False,30,c,1791191038765,,,0,,,1,,,20261005_175735,2
1791191040142,watch3,86,68,18,18,playing,watch1,self_fast,,watch1,False,30,c,1791191040006,,,0,,,1,,,20261005_175735,2
1791191040142,watch4,76,66,10,10,playing,watch1,self_fast,,watch1,False,30,c,1791191039710,,,0,,,0,,,20261005_175735,2
1791191041623,watch1,84,76,8,8,playing,watch1,self_fast,,watch1,True,30,c,1791191040709,,,0,,,1,,,20261005_175735,2
1791191041623,watch2,83,88,-5,5,playing,watch1,self_fast,,watch1,False,30,c,1791191040709,,,0,,,1,,,20261005_175735,2
1791191041623,watch3,86,68,18,18,playing,watch1,self_fast,,watch1,False,30,c,1791191040006,,,0,,,1,,,20261005_175735,2
1791191041623,watch4,76,66,10,10,playing,watch1,self_fast,,watch1,False,30,c,1791191039710,,,0,,,0,,,20261005_175735,2
1791191042934,watch1,84,76,8,8,playing,watch1,self_fast,,watch1,True,30,c,1791191041812,,,0,,,1,,,20261005_175735,2
1791191042934,watch2,83,88,-5,5,playing,watch1,self_fast,,watch1,False,30,c,1791191041812,,,0,,,1,,,20261005_175735,2
1791191042934,watch3,86,68,18,18,playing,watch1,self_fast,,watch1,False,30,c,1791191041812,,,0,,,1,,,20261005_175735,2
1791191042934,watch4,76,66,10,10,playing,watch1,self_fast,,watch1,False,30,c,1791191041812,,,0,,,0,,,20261005_175735,2
1791191043629,watch4,74,66,8,8,playing,watch1,self_fast,,,False,,,1791191043629,,,,,,0,,,,
1791191044463,watch1,84,76,8,8,playing,watch1,self_fast,,watch1,True,30,c,1791191044289,,,0,,,1,,,20261005_175735,2
1791191044463,watch2,83,88,-5,5,playing,watch1,self_fast,,watch1,False,30,c,1791191044289,,,0,,,1,,,20261005_175735,2
1791191044463,watch3,86,68,18,18,playing,watch1,self_fast,,watch1,False,30,c,1791191044289,,,0,,,1,,,20261005_175735,2
1791191044463,watch4,74,66,8,8,playing,watch1,self_fast,,watch1,False,30,c,1791191043629,,,0,,,0,,,20261005_175735,2
1791191044657,watch4,73,66,7,7,playing,watch1,self_fast,,,False,,,1791191044657,,,,,,0,,,,
1791191044915,watch2,81,88,-7,7,playing,watch1,self_fast,,,False,,,1791191044915,,,,,,1,,,,
1791191045198,watch3,88,68,20,20,playing,watch1,self_fast,,,False,,,1791191045198,,,,,,1,,,,
1791191045796,watch1,84,76,8,8,playing,watch1,self_fast,,watch1,True,30,c,1791191045487,,,0,,,1,,,20261005_175735,2
1791191045796,watch2,81,88,-7,7,playing,watch1,self_fast,,watch1,False,30,c,1791191044915,,,0,,,1,,,20261005_175735,2
1791191045796,watch3,88,68,20,20,playing,watch1,self_fast,,watch1,False,30,c,1791191045198,,,0,,,1,,,20261005_175735,2
1791191045796,watch4,73,66,7,7,playing,watch1,self_fast,,watch1,False,30,c,1791191044657,,,0,,,0,,,20261005_175735,2
1791191045983,watch3,91,68,23,23,playing,watch1,self_fast,,,False,,,1791191045983,,,,,,1,,,,
1791191046813,watch2,80,88,-8,8,playing,watch1,self_fast,,,False,,,1791191046813,,,,,,1,,,,
1791191047137,watch1,84,76,8,8,playing,watch1,self_fast,,watch1,True,30,a,1791191046537,,,0,,,1,,,20261005_175735,2
1791191047137,watch2,80,88,-8,8,playing,watch1,self_fast,,watch1,False,30,a,1791191046813,,,0,,,1,,,20261005_175735,2
1791191047137,watch3,91,68,23,23,playing,watch1,self_fast,,watch1,False,30,a,1791191045983,,,0,,,1,,,20261005_175735,2
1791191047137,watch4,73,66,7,7,playing,watch1,self_fast,,watch1,False,30,a,1791191046537,,,0,,,0,,,20261005_175735,2
1791191047986,watch3,94,68,26,26,playing,watch1,self_fast,,,False,,,1791191047986,,,,,,1,,,,
1791191048440,watch1,84,76,8,8,playing,watch1,self_fast,,watch1,True,30,a,1791191047718,,,0,,,1,,,20261005_175735,2
1791191048440,watch2,80,88,-8,8,playing,watch1,self_fast,,watch1,False,30,a,1791191046813,,,0,,,1,,,20261005_175735,2
1791191048440,watch3,94,68,26,26,playing,watch1,self_fast,,watch1,False,30,a,1791191047986,,,0,,,1,,,20261005_175735,2
1791191048440,watch4,73,66,7,7,playing,watch1,self_fast,,watch1,False,30,a,1791191047718,,,0,,,0,,,20261005_175735,2
1791191048829,watch2,79,88,-9,9,playing,watch1,self_fast,,,False,,,1791191048829,,,,,,1,,,,
1791191049694,watch1,84,76,8,8,playing,watch1,self_fast,,watch1,True,30,a,1791191049124,,,0,,,1,,,20261005_175735,2
1791191049694,watch2,79,88,-9,9,playing,watch1,self_fast,,watch1,False,30,a,1791191048829,,,0,,,1,,,20261005_175735,2
1791191049694,watch3,94,68,26,26,playing,watch1,self_fast,,watch1,False,30,a,1791191049124,,,0,,,1,,,20261005_175735,2
1791191049694,watch4,73,66,7,7,playing,watch1,self_fast,,watch1,False,30,a,1791191049124,,,0,,,0,,,20261005_175735,2
1791191049932,watch1,85,76,9,9,playing,watch1,self_fast,,watch1,True,30,a,1791191049932,,,0,,,1,,,,
1791191050853,watch2,78,88,-10,10,playing,watch1,self_fast,,,False,,,1791191050853,,,,,,1,,,,
1791191051151,watch1,85,76,9,9,playing,watch1,self_fast,,watch1,True,30,a,1791191049932,,,0,,,1,,,20261005_175735,2
1791191051151,watch2,78,88,-10,10,playing,watch1,self_fast,,watch1,False,30,a,1791191050853,,,0,,,1,,,20261005_175735,2
1791191051151,watch3,94,68,26,26,playing,watch1,self_fast,,watch1,False,30,a,1791191050276,,,0,,,1,,,20261005_175735,2
1791191051151,watch4,73,66,7,7,playing,watch1,self_fast,,watch1,False,30,a,1791191050276,,,0,,,0,,,20261005_175735,2
1791191052003,watch3,95,68,27,27,playing,watch1,self_fast,,,False,,,1791191052003,,,,,,1,,,,
1791191052432,watch1,85,76,9,9,playing,watch1,self_fast,,watch1,True,30,c,1791191051431,,,0,,,1,,,20261005_175735,2
1791191052432,watch2,78,88,-10,10,playing,watch1,self_fast,,watch1,False,30,c,1791191050853,,,0,,,1,,,20261005_175735,2
1791191052432,watch3,95,68,27,27,playing,watch1,self_fast,,watch1,False,30,c,1791191052003,,,0,,,1,,,20261005_175735,2
1791191052432,watch4,73,66,7,7,playing,watch1,self_fast,,watch1,False,30,c,1791191051431,,,0,,,0,,,20261005_175735,2
1791191052781,watch4,72,66,6,6,playing,watch1,self_fast,,,False,,,1791191052781,,,,,,0,,,,
1791191053026,watch2,77,88,-11,11,playing,watch1,self_fast,,,False,,,1791191053026,,,,,,1,,,,
1791191053293,watch1,87,76,11,11,playing,watch1,self_fast,,watch1,True,30,c,1791191053293,,,0,,,1,,,,
1791191053926,watch2,78,88,-10,10,playing,watch1,self_fast,,,False,,,1791191053926,,,,,,1,,,,
1791191055145,watch1,87,76,11,11,playing,watch1,self_fast,,watch1,True,30,c,1791191054921,,,0,,,1,,,20261005_175735,2
1791191055145,watch2,78,88,-10,10,playing,watch1,self_fast,,watch1,False,30,c,1791191053926,,,0,,,1,,,20261005_175735,2
1791191055145,watch3,95,68,27,27,playing,watch1,self_fast,,watch1,False,30,c,1791191054921,,,0,,,1,,,20261005_175735,2
1791191055145,watch4,72,66,6,6,playing,watch1,self_fast,,watch1,False,30,c,1791191054921,,,0,,,0,,,20261005_175735,2
1791191055927,watch2,80,88,-8,8,playing,watch1,self_fast,,,False,,,1791191055927,,,,,,1,,,,
1791191056432,watch1,87,76,11,11,playing,watch1,self_fast,,watch1,True,30,c,1791191056162,,,0,,,1,,,20261005_175735,2
1791191056432,watch2,80,88,-8,8,playing,watch1,self_fast,,watch1,False,30,c,1791191055927,,,0,,,1,,,20261005_175735,2
1791191056432,watch3,95,68,27,27,playing,watch1,self_fast,,watch1,False,30,c,1791191056162,,,0,,,1,,,20261005_175735,2
1791191056432,watch4,72,66,6,6,playing,watch1,self_fast,,watch1,False,30,c,1791191056162,,,0,,,0,,,20261005_175735,2
1791191056733,watch4,71,66,5,5,playing,watch1,self_fast,,,False,,,1791191056733,,,,,,0,,,,
1791191057719,watch1,87,76,11,11,playing,watch2,self_fast,,watch2,False,10,a,1791191057289,,,0,,,1,,,20261005_175735,2
1791191057719,watch2,80,88,-8,8,playing,watch2,self_fast,,watch2,True,10,a,1791191057289,,,0,,,1,,,20261005_175735,2
1791191057719,watch3,95,68,27,27,playing,watch2,self_fast,,watch2,False,10,a,1791191057289,,,0,,,1,,,20261005_175735,2
1791191057719,watch4,71,66,5,5,playing,watch2,self_fast,,watch2,False,10,a,1791191056733,,,0,,,0,,,20261005_175735,2
1791191058020,watch3,93,68,25,25,playing,watch2,self_fast,,,False,,,1791191058020,,,,,,1,,,,
1791191058992,watch1,88,76,12,12,playing,watch2,self_fast,,watch1,True,30,c,1791191058992,,,0,,,1,,,,
1791191059922,watch2,81,88,-7,7,playing,watch2,self_fast,,watch2,True,10,c,1791191059922,,,0,,,1,,,,
1791191060571,watch1,88,76,12,12,playing,watch2,self_fast,,watch2,False,10,c,1791191058992,,,0,,,1,,,20261005_175735,2
1791191060571,watch2,81,88,-7,7,playing,watch2,self_fast,,watch2,True,10,c,1791191059922,,,0,,,1,,,20261005_175735,2
1791191060571,watch3,93,68,25,25,playing,watch2,self_fast,,watch2,False,10,c,1791191059643,,,0,,,1,,,20261005_175735,2
1791191060571,watch4,71,66,5,5,playing,watch2,self_fast,,watch2,False,10,c,1791191059643,,,0,,,0,,,20261005_175735,2
1791191060772,watch4,72,66,6,6,playing,watch2,self_fast,,,False,,,1791191060772,,,,,,0,,,,
1791191061844,watch1,88,76,12,12,playing,watch2,self_fast,,watch2,False,10,a,1791191061081,,,0,,,1,,,20261005_175735,2
1791191061844,watch2,81,88,-7,7,playing,watch2,self_fast,,watch2,True,10,a,1791191061081,,,0,,,1,,,20261005_175735,2
1791191061844,watch3,93,68,25,25,playing,watch2,self_fast,,watch2,False,10,a,1791191061081,,,0,,,1,,,20261005_175735,2
1791191061844,watch4,72,66,6,6,playing,watch2,self_fast,,watch2,False,10,a,1791191060772,,,0,,,0,,,20261005_175735,2
1791191061941,watch2,79,88,-9,9,playing,watch2,self_fast,,watch2,True,10,a,1791191061941,,,0,,,1,,,,
1791191062332,watch3,91,68,23,23,playing,watch2,self_fast,,,False,,,1791191062332,,,,,,1,,,,
1791191063258,watch1,88,76,12,12,playing,watch2,self_fast,,watch2,False,10,a,1791191062728,,,0,,,1,,,20261005_175735,2
1791191063258,watch2,79,88,-9,9,playing,watch2,self_fast,,watch2,True,10,a,1791191061941,,,0,,,1,,,20261005_175735,2
1791191063258,watch3,91,68,23,23,playing,watch2,self_fast,,watch2,False,10,a,1791191062332,,,0,,,1,,,20261005_175735,2
1791191063258,watch4,72,66,6,6,playing,watch2,self_fast,,watch2,False,10,a,1791191062728,,,0,,,0,,,20261005_175735,2
1791191064552,watch1,88,76,12,12,playing,watch2,self_fast,,watch2,False,10,c,1791191063830,,,0,,,1,,,20261005_175735,2
1791191064552,watch2,79,88,-9,9,playing,watch2,self_fast,,watch2,True,10,c,1791191063830,,,0,,,1,,,20261005_175735,2
1791191064552,watch3,91,68,23,23,playing,watch2,self_fast,,watch2,False,10,c,1791191063830,,,0,,,1,,,20261005_175735,2
1791191064552,watch4,72,66,6,6,playing,watch2,self_fast,,watch2,False,10,c,1791191063830,,,0,,,0,,,20261005_175735,2
1791191065024,watch1,87,76,11,11,playing,watch2,self_fast,,watch1,True,30,c,1791191065024,,,0,,,1,,,,
1791191065959,watch2,81,88,-7,7,playing,watch2,self_fast,,watch2,True,10,c,1791191065959,,,0,,,1,,,,
1791191066814,watch4,73,66,7,7,playing,watch2,self_fast,,,False,,,1791191066814,,,,,,0,,,,
1791191067152,watch1,82,76,6,6,playing,watch2,self_fast,,watch1,True,30,c,1791191067152,,,0,,,1,,,,
1791191067579,watch3,92,68,24,24,playing,watch2,self_fast,,,False,,,1791191067579,,,,,,1,,,,
1791191068079,watch2,83,88,-5,5,playing,watch3,self_fast,,watch2,True,10,c,1791191068079,,,0,,,1,,,,
1791191068865,watch1,82,76,6,6,playing,watch3,self_fast,,watch3,False,10,c,1791191067152,,,0,,,1,,,20261005_175735,2
1791191068865,watch2,83,88,-5,5,playing,watch3,self_fast,,watch3,False,10,c,1791191068079,,,0,,,1,,,20261005_175735,2
1791191068865,watch3,92,68,24,24,playing,watch3,self_fast,,watch3,True,10,c,1791191067579,,,0,,,1,,,20261005_175735,2
1791191068865,watch4,73,66,7,7,playing,watch3,self_fast,,watch3,False,10,c,1791191067985,,,0,,,0,,,20261005_175735,2
1791191069857,watch4,75,66,9,9,playing,watch3,self_fast,,,False,,,1791191069857,,,,,,0,,,,
1791191070311,watch1,82,76,6,6,playing,watch3,self_fast,,watch3,False,10,a,1791191069079,,,0,,,1,,,20261005_175735,2
1791191070311,watch2,84,88,-4,4,playing,watch3,self_fast,,watch3,False,10,a,1791191070187,,,0,,,1,,,20261005_175735,2
1791191070311,watch3,92,68,24,24,playing,watch3,self_fast,,watch3,True,10,a,1791191069079,,,0,,,1,,,20261005_175735,2
1791191070311,watch4,75,66,9,9,playing,watch3,self_fast,,watch3,False,10,a,1791191069857,,,0,,,0,,,20261005_175735,2
1791191072061,watch4,76,66,10,10,playing,watch3,self_fast,,,False,,,1791191072061,,,,,,0,,,,
1791191072348,watch1,81,76,5,5,playing,watch3,self_fast,,watch1,True,30,c,1791191072348,,,0,,,1,,,,
1791191073010,watch1,81,76,5,5,playing,watch3,self_fast,,watch3,False,10,a,1791191072348,,,0,,,1,,,20261005_175735,2
1791191073010,watch2,84,88,-4,4,playing,watch3,self_fast,,watch3,False,10,a,1791191071818,,,0,,,1,,,20261005_175735,2
1791191073010,watch3,92,68,24,24,playing,watch3,self_fast,,watch3,True,10,a,1791191071818,,,0,,,1,,,20261005_175735,2
1791191073010,watch4,76,66,10,10,playing,watch3,self_fast,,watch3,False,10,a,1791191072061,,,0,,,0,,,20261005_175735,2
1791191074058,watch3,91,68,23,23,playing,watch3,self_fast,,watch3,True,10,a,1791191074058,,,0,,,1,,,,
1791191074602,watch1,81,76,5,5,playing,watch3,self_fast,,watch3,False,10,a,1791191074434,,,0,,,1,,,20261005_175735,2
1791191074602,watch2,84,88,-4,4,playing,watch3,self_fast,,watch3,False,10,a,1791191074434,,,0,,,1,,,20261005_175735,2
1791191074602,watch3,91,68,23,23,playing,watch3,self_fast,,watch3,True,10,a,1791191074058,,,0,,,1,,,20261005_175735,2
1791191074602,watch4,76,66,10,10,playing,watch3,self_fast,,watch3,False,10,a,1791191074434,,,0,,,0,,,20261005_175735,2
1791191075898,watch4,75,66,9,9,playing,watch3,self_fast,,,False,,,1791191075898,,,,,,0,,,,
1791191076263,watch1,80,76,4,4,playing,watch3,self_fast,,watch1,True,30,c,1791191076263,,,0,,,1,,,,
1791191077026,watch1,80,76,4,4,playing,watch3,self_fast,,watch3,False,10,c,1791191076263,,,0,,,1,,,20261005_175735,2
1791191077026,watch2,84,88,-4,4,playing,watch3,self_fast,,watch3,False,10,c,1791191076852,,,0,,,1,,,20261005_175735,2
1791191077026,watch3,91,68,23,23,playing,watch3,self_fast,,watch3,True,10,c,1791191076852,,,0,,,1,,,20261005_175735,2
1791191077026,watch4,75,66,9,9,playing,watch3,self_fast,,watch3,False,10,c,1791191075898,,,0,,,0,,,20261005_175735,2
1791191077940,watch4,74,66,8,8,playing,watch3,self_fast,,,False,,,1791191077940,,,,,,0,,,,
1791191078524,watch1,80,76,4,4,playing,watch3,self_fast,,watch3,False,10,c,1791191078267,,,0,,,1,,,20261005_175735,2
1791191078524,watch2,84,88,-4,4,playing,watch3,self_fast,,watch3,False,10,c,1791191078267,,,0,,,1,,,20261005_175735,2
1791191078524,watch3,91,68,23,23,playing,watch3,self_fast,,watch3,True,10,c,1791191078267,,,0,,,1,,,20261005_175735,2
1791191078524,watch4,74,66,8,8,playing,watch3,self_fast,,watch3,False,10,c,1791191077940,,,0,,,0,,,20261005_175735,2
1791191079967,watch4,73,66,7,7,playing,watch3,self_fast,,,False,,,1791191079967,,,,,,0,,,,
1791191081789,watch1,83,76,7,7,playing,watch3,self_fast,,watch1,True,30,c,1791191081789,,,0,,,1,,,,
1791191082222,watch3,90,68,22,22,playing,watch3,self_fast,,watch3,True,10,a,1791191082222,,,0,,,1,,,,
1791191082565,watch1,84,76,8,8,playing,watch3,self_fast,,watch1,True,30,c,1791191082565,,,0,,,1,,,,
1791191083158,watch1,83,76,7,7,playing,watch3,self_fast,,watch1,True,30,c,1791191083158,,,0,,,1,,,,
1791191083628,watch1,83,76,7,7,playing,watch3,self_fast,,watch3,False,10,a,1791191083158,,,0,,,1,,,20261005_175735,2
1791191083628,watch2,84,88,-4,4,playing,watch3,self_fast,,watch3,False,10,a,1791191082955,,,0,,,1,,,20261005_175735,2
1791191083628,watch3,90,68,22,22,playing,watch3,self_fast,,watch3,True,10,a,1791191082222,,,0,,,1,,,20261005_175735,2
1791191083628,watch4,73,66,7,7,playing,watch3,self_fast,,watch3,False,10,a,1791191082955,,,0,,,0,,,20261005_175735,2
1791191083994,watch4,74,66,8,8,playing,watch3,self_fast,,,False,,,1791191083994,,,,,,0,,,,
1791191084925,watch1,83,76,7,7,playing,watch3,self_fast,,watch3,False,10,a,1791191084299,,,0,,,1,,,20261005_175735,2
1791191084925,watch2,84,88,-4,4,playing,watch3,self_fast,,watch3,False,10,a,1791191084299,,,0,,,1,,,20261005_175735,2
1791191084925,watch3,90,68,22,22,playing,watch3,self_fast,,watch3,True,10,a,1791191084299,,,0,,,1,,,20261005_175735,2
1791191084925,watch4,74,66,8,8,playing,watch3,self_fast,,watch3,False,10,a,1791191083994,,,0,,,0,,,20261005_175735,2
1791191086013,watch4,75,66,9,9,playing,watch3,self_fast,,,False,,,1791191086013,,,,,,0,,,,
1791191086449,watch1,83,76,7,7,playing,watch3,self_fast,,watch3,False,10,a,1791191085464,,,0,,,1,,,20261005_175735,2
1791191086449,watch2,84,88,-4,4,playing,watch3,self_fast,,watch3,False,10,a,1791191085464,,,0,,,1,,,20261005_175735,2
1791191086449,watch3,90,68,22,22,playing,watch3,self_fast,,watch3,True,10,a,1791191085464,,,0,,,1,,,20261005_175735,2
1791191086449,watch4,75,66,9,9,playing,watch3,self_fast,,watch3,False,10,a,1791191086013,,,0,,,0,,,20261005_175735,2
1791191087051,watch4,74,66,8,8,playing,watch3,self_fast,,,False,,,1791191087051,,,,,,0,,,,
1791191087345,watch3,89,68,21,21,playing,watch3,self_fast,,watch3,True,10,a,1791191087345,,,0,,,1,,,,
1791191088129,watch3,83,68,15,15,playing,watch3,self_fast,,watch3,True,10,a,1791191088129,,,0,,,1,,,,
1791191089084,watch4,73,66,7,7,playing,watch3,self_fast,,,False,,,1791191089084,,,,,,0,,,,
1791191089414,watch3,75,68,7,7,playing,watch3,self_fast,,watch3,True,30,a,1791191089414,,,0,,,1,,,,
1791191089745,watch2,82,88,-6,6,playing,watch3,self_fast,,watch2,True,10,c,1791191089745,,,0,,,1,,,,
1791191091136,watch3,74,68,6,6,playing,watch3,self_fast,,watch3,True,40,c,1791191091136,,,0,,,1,,,,
1791191092142,watch3,73,68,5,5,playing,watch3,self_fast,,watch3,True,40,a,1791191092142,,,0,,,1,,,,
1791191092676,watch1,83,76,7,7,playing,watch3,self_fast,,watch3,False,40,a,1791191091530,,,0,,,1,,,20261005_175735,2
1791191092676,watch2,82,88,-6,6,playing,watch3,self_fast,,watch3,False,40,a,1791191091530,,,0,,,1,,,20261005_175735,2
1791191092676,watch3,73,68,5,5,playing,watch3,self_fast,,watch3,True,40,a,1791191092142,,,0,,,1,,,20261005_175735,2
1791191092676,watch4,73,66,7,7,playing,watch3,self_fast,,watch3,False,40,a,1791191091530,,,0,,,0,,,20261005_175735,2
1791191093099,watch4,75,66,9,9,playing,watch3,self_fast,,,False,,,1791191093099,,,,,,0,,,,
1791191093394,watch2,79,88,-9,9,playing,watch3,self_fast,,watch2,True,10,c,1791191093394,,,0,,,1,,,,
1791191093764,watch3,72,68,4,4,playing,watch3,self_fast,,watch3,True,40,a,1791191093764,,,0,,,1,,,,
1791191094188,watch1,77,76,1,1,playing,watch3,self_fast,,watch1,True,30,c,1791191094188,,,0,,,1,,,,
1791191095129,watch2,80,88,-8,8,playing,watch3,self_fast,,watch2,True,10,c,1791191095129,,,0,,,1,,,,
1791191095669,watch3,71,68,3,3,playing,watch3,self_fast,,watch3,True,40,a,1791191095669,,,0,,,1,,,,
1791191096127,watch2,81,88,-7,7,playing,watch3,self_fast,,watch2,True,10,c,1791191096127,,,0,,,1,,,,
1791191097125,watch1,77,76,1,1,playing,watch3,self_fast,,watch3,False,40,a,1791191096666,,,0,,,1,,,20261005_175735,2
1791191097125,watch2,81,88,-7,7,playing,watch3,self_fast,,watch3,False,40,a,1791191096127,,,0,,,1,,,20261005_175735,2
1791191097125,watch3,71,68,3,3,playing,watch3,self_fast,,watch3,True,40,a,1791191095669,,,0,,,1,,,20261005_175735,2
1791191097125,watch4,75,66,9,9,playing,watch3,self_fast,,watch3,False,40,a,1791191096666,,,0,,,0,,,20261005_175735,2
1791191097230,watch1,76,76,0,0,playing,watch3,self_fast,,watch1,True,30,c,1791191097230,,,0,,,1,,,,
1791191098136,watch2,79,88,-9,9,playing,watch3,self_fast,,watch2,True,10,c,1791191098136,,,0,,,1,,,,
1791191098800,watch1,76,76,0,0,playing,watch3,self_fast,,watch3,False,40,c,1791191097230,,,0,,,1,,,20261005_175735,2
1791191098800,watch2,79,88,-9,9,playing,watch3,self_fast,,watch3,False,40,c,1791191098136,,,0,,,1,,,20261005_175735,2
1791191098800,watch3,70,68,2,2,playing,watch3,self_fast,,watch3,True,40,c,1791191098483,,,0,,,1,,,20261005_175735,2
1791191098800,watch4,75,66,9,9,playing,watch3,self_fast,,watch3,False,40,c,1791191097757,,,0,,,0,,,20261005_175735,2
1791191099167,watch4,76,66,10,10,playing,watch4,self_fast,,,False,,,1791191099167,,,,,,0,,,,
1791191099574,watch1,75,76,-1,1,playing,watch4,self_fast,,watch1,True,30,c,1791191099574,,,0,,,1,,,,
1791191100541,watch1,75,76,-1,1,playing,watch4,self_fast,,watch4,False,10,c,1791191099574,,,0,,,1,,,20261005_175735,2
1791191100541,watch2,77,88,-11,11,playing,watch4,self_fast,,watch4,False,10,c,1791191100154,,,0,,,1,,,20261005_175735,2
1791191100541,watch3,70,68,2,2,playing,watch4,self_fast,,watch4,False,10,c,1791191098483,,,0,,,1,,,20261005_175735,2
1791191100541,watch4,76,66,10,10,playing,watch4,self_fast,,watch4,True,10,c,1791191099167,,,0,,,0,,,20261005_175735,2
1791191102162,watch2,76,88,-12,12,playing,watch4,self_fast,,watch2,True,10,c,1791191102162,,,0,,,1,,,,
1791191103439,watch1,75,76,-1,1,playing,watch4,self_fast,,watch4,False,10,a,1791191103124,,,0,,,1,,,20261005_175735,2
1791191103439,watch2,76,88,-12,12,playing,watch4,self_fast,,watch4,False,10,a,1791191102162,,,0,,,1,,,20261005_175735,2
1791191103439,watch3,70,68,2,2,playing,watch4,self_fast,,watch4,False,10,a,1791191103124,,,0,,,1,,,20261005_175735,2
1791191103439,watch4,77,66,11,11,playing,watch4,self_fast,,watch4,True,10,a,1791191103309,,,0,,,0,,,20261005_175735,2
1791191104180,watch2,75,88,-13,13,playing,watch4,self_fast,,watch2,True,10,c,1791191104180,,,0,,,1,,,,
1791191104553,watch1,73,76,-3,3,playing,watch4,self_fast,,watch1,True,30,c,1791191104553,,,0,,,1,,,,
1791191105078,watch1,73,76,-3,3,playing,watch4,self_fast,,watch4,False,10,a,1791191104553,,,0,,,1,,,20261005_175735,2
1791191105078,watch2,75,88,-13,13,playing,watch4,self_fast,,watch4,False,10,a,1791191104180,,,0,,,1,,,20261005_175735,2
1791191105078,watch3,70,68,2,2,playing,watch4,self_fast,,watch4,False,10,a,1791191104922,,,0,,,1,,,20261005_175735,2
1791191105078,watch4,77,66,11,11,playing,watch4,self_fast,,watch4,True,10,a,1791191104922,,,0,,,0,,,20261005_175735,2
1791191105190,watch3,71,68,3,3,playing,watch4,self_fast,,watch3,True,40,c,1791191105190,,,0,,,1,,,,
1791191105646,watch4,76,66,10,10,playing,watch4,self_fast,,watch4,True,10,a,1791191105646,,,0,,,0,,,,
1791191106275,watch4,75,66,9,9,playing,watch4,self_fast,,watch4,True,10,a,1791191106275,,,0,,,0,,,,
1791191106749,watch1,73,76,-3,3,playing,watch4,self_fast,,watch4,False,10,c,1791191106029,,,0,,,1,,,20261005_175735,2
1791191106749,watch2,75,88,-13,13,playing,watch4,self_fast,,watch4,False,10,c,1791191106029,,,0,,,1,,,20261005_175735,2
1791191106749,watch3,71,68,3,3,playing,watch4,self_fast,,watch4,False,10,c,1791191105190,,,0,,,1,,,20261005_175735,2
1791191106749,watch4,75,66,9,9,playing,watch4,self_fast,,watch4,True,10,c,1791191106275,,,0,,,0,,,20261005_175735,2
1791191107329,watch1,71,76,-5,5,playing,watch4,self_fast,,watch1,True,30,c,1791191107329,,,0,,,1,,,,
1791191108059,watch1,71,76,-5,5,playing,watch4,self_fast,,watch4,False,10,c,1791191107329,,,0,,,1,,,20261005_175735,2
1791191108059,watch2,75,88,-13,13,playing,watch4,self_fast,,watch4,False,10,c,1791191107140,,,0,,,1,,,20261005_175735,2
1791191108059,watch3,71,68,3,3,playing,watch4,self_fast,,watch4,False,10,c,1791191107140,,,0,,,1,,,20261005_175735,2
1791191108059,watch4,75,66,9,9,playing,watch4,self_fast,,watch4,True,10,c,1791191106275,,,0,,,0,,,20261005_175735,2
1791191108261,watch4,73,66,7,7,playing,watch4,self_fast,,watch4,True,10,c,1791191108261,,,0,,,0,,,,
1791191109610,watch1,70,76,-6,6,playing,watch4,self_fast,,watch4,False,10,a,1791191109265,,,0,,,1,,,20261005_175735,2
1791191109610,watch2,75,88,-13,13,playing,watch4,self_fast,,watch4,False,10,a,1791191108655,,,0,,,1,,,20261005_175735,2
1791191109610,watch3,71,68,3,3,playing,watch4,self_fast,,watch4,False,10,a,1791191108655,,,0,,,1,,,20261005_175735,2
1791191109610,watch4,73,66,7,7,playing,watch4,self_fast,,watch4,True,10,a,1791191108261,,,0,,,0,,,20261005_175735,2
1791191110222,watch3,76,68,8,8,playing,watch4,self_fast,,watch3,True,40,c,1791191110222,,,0,,,1,,,,
1791191110972,watch1,70,76,-6,6,playing,watch4,self_fast,,watch4,False,10,a,1791191109265,,,0,,,1,,,20261005_175735,2
1791191110972,watch2,75,88,-13,13,playing,watch4,self_fast,,watch4,False,10,a,1791191109831,,,0,,,1,,,20261005_175735,2
1791191110972,watch3,76,68,8,8,playing,watch4,self_fast,,watch4,False,10,a,1791191110222,,,0,,,1,,,20261005_175735,2
1791191110972,watch4,73,66,7,7,playing,watch4,self_fast,,watch4,True,10,a,1791191109831,,,0,,,0,,,20261005_175735,2
1791191112909,watch1,70,76,-6,6,playing,watch4,self_fast,,watch4,False,10,c,1791191111022,,,0,,,1,,,20261005_175735,2
1791191112909,watch2,75,88,-13,13,playing,watch4,self_fast,,watch4,False,10,c,1791191111022,,,0,,,1,,,20261005_175735,2
1791191112909,watch3,76,68,8,8,playing,watch4,self_fast,,watch4,False,10,c,1791191110222,,,0,,,1,,,20261005_175735,2
1791191112909,watch4,74,66,8,8,playing,watch4,self_fast,,watch4,True,10,c,1791191112303,,,0,,,0,,,20261005_175735,2
1791191114242,watch2,76,88,-12,12,playing,watch4,self_fast,,watch2,True,10,c,1791191114242,,,0,,,1,,,,
1791191114838,watch1,70,76,-6,6,playing,watch4,self_fast,,watch4,False,10,c,1791191114669,,,0,,,1,,,20261005_175735,2
1791191114838,watch2,76,88,-12,12,playing,watch4,self_fast,,watch4,False,10,c,1791191114242,,,0,,,1,,,20261005_175735,2
1791191114838,watch3,76,68,8,8,playing,watch4,self_fast,,watch4,False,10,c,1791191114669,,,0,,,1,,,20261005_175735,2
1791191114838,watch4,74,66,8,8,playing,watch4,self_fast,,watch4,True,10,c,1791191114669,,,0,,,0,,,20261005_175735,2
1791191116185,watch1,70,76,-6,6,playing,watch4,self_fast,,watch4,False,10,c,1791191115863,,,0,,,1,,,20261005_175735,2
1791191116185,watch2,76,88,-12,12,playing,watch4,self_fast,,watch4,False,10,c,1791191115863,,,0,,,1,,,20261005_175735,2
1791191116185,watch3,76,68,8,8,playing,watch4,self_fast,,watch4,False,10,c,1791191115863,,,0,,,1,,,20261005_175735,2
1791191116185,watch4,74,66,8,8,playing,watch4,self_fast,,watch4,True,10,c,1791191115863,,,0,,,0,,,20261005_175735,2
1791191117274,watch2,77,88,-11,11,playing,watch4,self_fast,,watch2,True,10,c,1791191117274,,,0,,,1,,,,
1791191117758,watch1,70,76,-6,6,playing,watch4,self_fast,,watch4,False,10,c,1791191117076,,,0,,,1,,,20261005_175735,2
1791191117758,watch2,77,88,-11,11,playing,watch4,self_fast,,watch4,False,10,c,1791191117274,,,0,,,1,,,20261005_175735,2
1791191117758,watch3,76,68,8,8,playing,watch4,self_fast,,watch4,False,10,c,1791191117076,,,0,,,1,,,20261005_175735,2
1791191117758,watch4,74,66,8,8,playing,watch4,self_fast,,watch4,True,10,c,1791191117076,,,0,,,0,,,20261005_175735,2
1791191118577,watch4,73,66,7,7,playing,watch4,self_fast,,watch4,True,10,c,1791191118577,,,0,,,0,,,,
1791191120255,watch3,73,68,5,5,playing,watch4,self_fast,,watch3,True,40,c,1791191120255,,,0,,,1,,,,
1791191120862,watch1,70,76,-6,6,playing,watch4,self_fast,,watch4,False,20,c,1791191119577,,,0,,,1,,,20261005_175735,2
1791191120862,watch2,77,88,-11,11,playing,watch4,self_fast,,watch4,False,20,c,1791191119577,,,0,,,1,,,20261005_175735,2
1791191120862,watch3,73,68,5,5,playing,watch4,self_fast,,watch4,False,20,c,1791191120255,,,0,,,1,,,20261005_175735,2
1791191120862,watch4,72,66,6,6,playing,watch4,self_fast,,watch4,True,20,c,1791191120693,,,0,,,0,,,20261005_175735,2
1791191122381,watch4,71,66,5,5,playing,watch4,self_fast,,watch4,True,20,a,1791191122381,,,0,,,0,,,,
1791191123306,watch2,76,88,-12,12,playing,watch4,self_fast,,watch2,True,10,c,1791191123306,,,0,,,1,,,,
1791191123860,watch1,71,76,-5,5,playing,watch4,self_fast,,watch4,False,20,a,1791191123715,,,0,,,1,,,20261005_175735,2
1791191123860,watch2,76,88,-12,12,playing,watch4,self_fast,,watch4,False,20,a,1791191123306,,,0,,,1,,,20261005_175735,2
1791191123860,watch3,73,68,5,5,playing,watch4,self_fast,,watch4,False,20,a,1791191122726,,,0,,,1,,,20261005_175735,2
1791191123860,watch4,71,66,5,5,playing,watch4,self_fast,,watch4,True,20,a,1791191122381,,,0,,,0,,,20261005_175735,2
1791191125603,watch1,71,76,-5,5,playing,watch4,self_fast,,watch4,False,20,a,1791191123715,,,0,,,1,,,20261005_175735,2
1791191125603,watch2,76,88,-12,12,playing,watch4,self_fast,,watch4,False,20,a,1791191123306,,,0,,,1,,,20261005_175735,2
1791191125603,watch3,73,68,5,5,playing,watch4,self_fast,,watch4,False,20,a,1791191124289,,,0,,,1,,,20261005_175735,2
1791191125603,watch4,70,66,4,4,playing,watch4,self_fast,,watch4,True,20,a,1791191125395,,,0,,,0,,,20261005_175735,2
1791191126486,watch1,72,76,-4,4,playing,watch4,self_fast,,watch1,True,30,c,1791191126486,,,0,,,1,,,,
1791191127395,watch2,77,88,-11,11,playing,watch4,self_fast,,watch2,True,10,c,1791191127395,,,0,,,1,,,,
1791191127884,watch4,71,66,5,5,playing,watch4,self_fast,,watch4,True,20,c,1791191127884,,,0,,,0,,,,
1791191128737,watch1,72,76,-4,4,playing,watch4,self_fast,,watch4,False,20,c,1791191128379,,,0,,,1,,,20261005_175735,2
1791191128737,watch2,77,88,-11,11,playing,watch4,self_fast,,watch4,False,20,c,1791191127395,,,0,,,1,,,20261005_175735,2
1791191128737,watch3,73,68,5,5,playing,watch4,self_fast,,watch4,False,20,c,1791191128379,,,0,,,1,,,20261005_175735,2
1791191128737,watch4,71,66,5,5,playing,watch4,self_fast,,watch4,True,20,c,1791191127884,,,0,,,0,,,20261005_175735,2
1791191129302,watch3,72,68,4,4,playing,watch4,self_fast,,watch3,True,40,c,1791191129302,,,0,,,1,,,,
1791191129676,watch2,78,88,-10,10,playing,watch4,self_fast,,watch2,True,10,c,1791191129676,,,0,,,1,,,,
1791191130288,watch1,72,76,-4,4,playing,watch4,self_fast,,watch4,False,20,c,1791191128379,,,0,,,1,,,20261005_175735,2
1791191130288,watch2,78,88,-10,10,playing,watch4,self_fast,,watch4,False,20,c,1791191129676,,,0,,,1,,,20261005_175735,2
1791191130288,watch3,72,68,4,4,playing,watch4,self_fast,,watch4,False,20,c,1791191129302,,,0,,,1,,,20261005_175735,2
1791191130288,watch4,72,66,6,6,playing,watch4,self_fast,,watch4,True,20,c,1791191129986,,,0,,,0,,,20261005_175735,2
1791191130655,watch1,73,76,-3,3,playing,watch4,self_fast,,watch1,True,30,c,1791191130655,,,0,,,1,,,,
1791191131317,watch2,79,88,-9,9,playing,watch4,self_fast,,watch2,True,10,c,1791191131317,,,0,,,1,,,,
1791191132137,watch1,73,76,-3,3,playing,watch1,self_fast,,watch4,False,20,c,1791191131682,,,0,,,1,,,20261005_175735,2
1791191132137,watch2,79,88,-9,9,playing,watch1,self_fast,,watch4,False,20,c,1791191131317,,,0,,,1,,,20261005_175735,2
1791191132137,watch3,72,68,4,4,playing,watch1,self_fast,,watch4,False,20,c,1791191131682,,,0,,,1,,,20261005_175735,2
1791191132137,watch4,72,66,6,6,playing,watch1,self_fast,,watch4,True,20,c,1791191131682,,,0,,,0,,,20261005_175735,2
1791191132420,watch1,74,76,-2,2,playing,watch1,self_fast,,watch1,True,30,c,1791191132420,,,0,,,1,,,,
1791191133435,watch4,71,66,5,5,playing,watch1,self_fast,,watch4,True,20,c,1791191133435,,,0,,,0,,,,
1791191135091,watch1,74,76,-2,2,playing,watch1,self_fast,,watch1,True,10,c,1791191134090,,,0,,,1,,,20261005_175735,2
1791191135091,watch2,79,88,-9,9,playing,watch1,self_fast,,watch1,False,10,c,1791191134090,,,0,,,1,,,20261005_175735,2
1791191135091,watch3,72,68,4,4,playing,watch1,self_fast,,watch1,False,10,c,1791191134090,,,0,,,1,,,20261005_175735,2
1791191135091,watch4,71,66,5,5,playing,watch1,self_fast,,watch1,False,10,c,1791191133435,,,0,,,0,,,20261005_175735,2
1791191135547,watch3,73,68,5,5,playing,watch1,self_fast,,watch3,True,40,c,1791191135547,,,0,,,1,,,,
1791191135950,watch2,78,88,-10,10,playing,watch1,self_fast,,watch2,True,10,c,1791191135950,,,0,,,1,,,,
1791191136305,watch4,69,66,3,3,playing,watch1,self_fast,,watch4,True,20,c,1791191136305,,,0,,,0,,,,
1791191136754,watch1,75,76,-1,1,playing,watch1,self_fast,,watch1,True,10,a,1791191136754,,,0,,,1,,,,
1791191137127,watch2,77,88,-11,11,playing,watch1,self_fast,,watch2,True,10,c,1791191137127,,,0,,,1,,,,
1791191137496,watch1,76,76,0,0,playing,watch1,self_fast,,watch1,True,10,a,1791191137496,,,0,,,1,,,,
1791191137953,watch4,68,66,2,2,playing,watch1,self_fast,,watch4,True,20,c,1791191137953,,,0,,,0,,,,
1791191138452,watch1,77,76,1,1,playing,watch1,self_fast,,watch1,True,10,a,1791191138452,,,0,,,1,,,,
1791191139593,watch1,77,76,1,1,playing,watch1,self_fast,,watch1,True,10,a,1791191138452,,,0,,,1,,,20261005_175735,2
1791191139593,watch2,77,88,-11,11,playing,watch1,self_fast,,watch1,False,10,a,1791191138953,,,0,,,1,,,20261005_175735,2
1791191139593,watch3,73,68,5,5,playing,watch1,self_fast,,watch1,False,10,a,1791191138953,,,0,,,1,,,20261005_175735,2
1791191139593,watch4,70,66,4,4,playing,watch1,self_fast,,watch1,False,10,a,1791191139481,,,0,,,0,,,20261005_175735,2
1791191140376,watch2,76,88,-12,12,playing,watch1,self_fast,,watch2,True,10,c,1791191140376,,,0,,,1,,,,
1791191140752,watch1,79,76,3,3,playing,watch1,self_fast,,watch1,True,10,a,1791191140752,,,0,,,1,,,,
1791191141204,watch1,79,76,3,3,playing,watch1,self_fast,,watch1,True,20,c,1791191140752,,,0,,,1,,,20261005_175735,2
1791191141204,watch2,76,88,-12,12,playing,watch1,self_fast,,watch1,False,20,c,1791191140376,,,0,,,1,,,20261005_175735,2
1791191141204,watch3,73,68,5,5,playing,watch1,self_fast,,watch1,False,20,c,1791191140154,,,0,,,1,,,20261005_175735,2
1791191141204,watch4,70,66,4,4,playing,watch1,self_fast,,watch1,False,20,c,1791191139481,,,0,,,0,,,20261005_175735,2
1791191141618,watch4,72,66,6,6,playing,watch1,self_fast,,watch4,True,20,c,1791191141618,,,0,,,0,,,,
1791191142713,watch1,79,76,3,3,playing,watch1,self_fast,,watch1,True,20,c,1791191142617,,,0,,,1,,,20261005_175735,2
1791191142713,watch2,76,88,-12,12,playing,watch1,self_fast,,watch1,False,20,c,1791191140376,,,0,,,1,,,20261005_175735,2
1791191142713,watch3,73,68,5,5,playing,watch1,self_fast,,watch1,False,20,c,1791191142617,,,0,,,1,,,20261005_175735,2
1791191142713,watch4,72,66,6,6,playing,watch1,self_fast,,watch1,False,20,c,1791191141618,,,0,,,0,,,20261005_175735,2
1791191143344,watch3,74,68,6,6,playing,watch1,self_fast,,watch3,True,40,c,1791191143344,,,0,,,1,,,,
1791191143709,watch4,75,66,9,9,playing,watch1,self_fast,,watch4,True,20,c,1791191143709,,,0,,,0,,,,
1791191144529,watch2,77,88,-11,11,playing,watch1,self_fast,,watch2,True,10,c,1791191144529,,,0,,,1,,,,
1791191146388,watch2,78,88,-10,10,playing,watch1,self_fast,,watch2,True,10,c,1791191146388,,,0,,,1,,,,
1791191146887,watch1,80,76,4,4,playing,watch1,self_fast,,watch1,True,20,c,1791191146887,,,0,,,1,,,,
1791191147402,watch3,80,68,12,12,playing,watch1,self_fast,,watch3,True,40,c,1791191147402,,,0,,,1,,,,
1791191147955,watch1,79,76,3,3,playing,watch1,self_fast,,watch1,True,20,c,1791191147770,,,0,,,1,,,20261005_175735,2
1791191147955,watch2,78,88,-10,10,playing,watch1,self_fast,,watch1,False,20,c,1791191146388,,,0,,,1,,,20261005_175735,2
1791191147955,watch3,80,68,12,12,playing,watch1,self_fast,,watch1,False,20,c,1791191147402,,,0,,,1,,,20261005_175735,2
1791191147955,watch4,75,66,9,9,playing,watch1,self_fast,,watch1,False,20,c,1791191147264,,,0,,,0,,,20261005_175735,2
1791191148380,watch2,80,88,-8,8,playing,watch1,self_fast,,watch2,True,10,c,1791191148380,,,0,,,1,,,,
1791191149471,watch1,79,76,3,3,playing,watch1,self_fast,,watch1,True,20,a,1791191147770,,,0,,,1,,,20261005_175735,2
1791191149471,watch2,80,88,-8,8,playing,watch1,self_fast,,watch1,False,20,a,1791191148380,,,0,,,1,,,20261005_175735,2
1791191149471,watch3,80,68,12,12,playing,watch1,self_fast,,watch1,False,20,a,1791191148735,,,0,,,1,,,20261005_175735,2
1791191149471,watch4,75,66,9,9,playing,watch1,self_fast,,watch1,False,20,a,1791191148735,,,0,,,0,,,20261005_175735,2
1791191150390,watch2,81,88,-7,7,playing,watch1,self_fast,,watch2,True,10,c,1791191150390,,,0,,,1,,,,
1791191151001,watch1,79,76,3,3,playing,watch1,self_fast,,watch1,True,20,a,1791191149875,,,0,,,1,,,20261005_175735,2
1791191151001,watch2,81,88,-7,7,playing,watch1,self_fast,,watch1,False,20,a,1791191150390,,,0,,,1,,,20261005_175735,2
1791191151001,watch3,80,68,12,12,playing,watch1,self_fast,,watch1,False,20,a,1791191149875,,,0,,,1,,,20261005_175735,2
1791191151001,watch4,76,66,10,10,playing,watch1,self_fast,,watch1,False,20,a,1791191150729,,,0,,,0,,,20261005_175735,2
1791191151572,watch1,82,76,6,6,playing,watch1,self_fast,,watch1,True,20,a,1791191151572,,,0,,,1,,,,
1791191152517,watch3,82,68,14,14,playing,watch2,self_fast,,watch3,True,40,c,1791191152517,,,0,,,1,,,,
1791191152923,watch4,78,66,12,12,playing,watch2,self_fast,,watch4,True,20,c,1791191152923,,,0,,,0,,,,
1791191153615,watch1,84,76,8,8,playing,watch2,self_fast,,watch1,True,20,a,1791191153615,,,0,,,1,,,,
1791191154237,watch1,84,76,8,8,playing,watch2,self_fast,,watch2,False,10,c,1791191153615,,,0,,,1,,,20261005_175735,2
1791191154237,watch2,81,88,-7,7,playing,watch2,self_fast,,watch2,True,10,c,1791191153512,,,0,,,1,,,20261005_175735,2
1791191154237,watch3,82,68,14,14,playing,watch2,self_fast,,watch2,False,10,c,1791191152517,,,0,,,1,,,20261005_175735,2
1791191154237,watch4,78,66,12,12,playing,watch2,self_fast,,watch2,False,10,c,1791191152923,,,0,,,0,,,20261005_175735,2
1791191154407,watch2,82,88,-6,6,playing,watch2,self_fast,,watch2,True,10,c,1791191154407,,,0,,,1,,,,
1791191155103,watch4,79,66,13,13,playing,watch2,self_fast,,watch4,True,20,c,1791191155103,,,0,,,0,,,,
1791191155705,watch1,84,76,8,8,playing,watch2,self_fast,,watch2,False,10,c,1791191154896,,,0,,,1,,,20261005_175735,2
1791191155705,watch2,82,88,-6,6,playing,watch2,self_fast,,watch2,True,10,c,1791191154407,,,0,,,1,,,20261005_175735,2
1791191155705,watch3,82,68,14,14,playing,watch2,self_fast,,watch2,False,10,c,1791191154896,,,0,,,1,,,20261005_175735,2
1791191155705,watch4,79,66,13,13,playing,watch2,self_fast,,watch2,False,10,c,1791191155103,,,0,,,0,,,20261005_175735,2
1791191156392,watch3,83,68,15,15,playing,watch2,self_fast,,watch3,True,40,c,1791191156392,,,0,,,1,,,,
1791191156766,watch2,83,88,-5,5,playing,watch2,self_fast,,watch2,True,10,c,1791191156766,,,0,,,1,,,,
1791191157319,watch1,84,76,8,8,playing,watch2,self_fast,,watch2,False,10,a,1791191156102,,,0,,,1,,,20261005_175735,2
1791191157319,watch2,83,88,-5,5,playing,watch2,self_fast,,watch2,True,10,a,1791191156766,,,0,,,1,,,20261005_175735,2
1791191157319,watch3,83,68,15,15,playing,watch2,self_fast,,watch2,False,10,a,1791191156392,,,0,,,1,,,20261005_175735,2
1791191157319,watch4,80,66,14,14,playing,watch2,self_fast,,watch2,False,10,a,1791191157174,,,0,,,0,,,20261005_175735,2
1791191157987,watch3,84,68,16,16,playing,watch2,self_fast,,watch3,True,40,c,1791191157987,,,0,,,1,,,,
1791191158423,watch2,82,88,-6,6,playing,watch2,self_fast,,watch2,True,10,a,1791191158423,,,0,,,1,,,,
1791191158800,watch1,85,76,9,9,playing,watch2,self_fast,,watch1,True,20,a,1791191158800,,,0,,,1,,,,
1791191159222,watch4,81,66,15,15,playing,watch2,self_fast,,watch4,True,20,c,1791191159222,,,0,,,0,,,,
1791191159815,watch2,81,88,-7,7,playing,watch2,self_fast,,watch2,True,10,a,1791191159815,,,0,,,1,,,,
1791191160692,watch4,85,66,19,19,playing,watch2,self_fast,,watch4,True,20,c,1791191160692,,,0,,,0,,,,
1791191161422,watch2,82,88,-6,6,playing,watch2,self_fast,,watch2,True,10,a,1791191161422,,,0,,,1,,,,
1791191162068,watch1,85,76,9,9,playing,watch2,self_fast,,watch2,False,10,a,1791191161178,,,0,,,1,,,20261005_175735,2
1791191162068,watch2,82,88,-6,6,playing,watch2,self_fast,,watch2,True,10,a,1791191161422,,,0,,,1,,,20261005_175735,2
1791191162068,watch3,84,68,16,16,playing,watch2,self_fast,,watch2,False,10,a,1791191161178,,,0,,,1,,,20261005_175735,2
1791191162068,watch4,85,66,19,19,playing,watch2,self_fast,,watch2,False,10,a,1791191160692,,,0,,,0,,,20261005_175735,2
1791191162707,watch4,90,66,24,24,playing,watch2,self_fast,,watch4,True,20,c,1791191162707,,,0,,,0,,,,
1791191163433,watch3,85,68,17,17,playing,watch2,self_fast,,watch3,True,40,c,1791191163433,,,0,,,1,,,,
1791191164311,watch2,84,88,-4,4,playing,watch2,self_fast,,watch2,True,10,a,1791191164311,,,0,,,1,,,,
1791191164872,watch1,86,76,10,10,playing,watch2,self_fast,,watch1,True,20,a,1791191164872,,,0,,,1,,,,
1791191165505,watch2,87,88,-1,1,playing,watch2,self_fast,,watch2,True,10,a,1791191165505,,,0,,,1,,,,
1791191166449,watch3,86,68,18,18,playing,watch2,self_fast,,watch3,True,40,c,1791191166449,,,0,,,1,,,,
1791191195372,watch1,87,76,11,11,playing,watch2,self_fast,,watch1,True,20,a,1791191195372,,,0,,,1,,,,
1791191196308,watch2,88,88,0,0,playing,watch2,self_fast,,watch2,True,20,c,1791191196308,,,0,,,1,,,,
1791191196779,watch1,89,76,13,13,playing,watch2,self_fast,,watch1,True,20,a,1791191196779,,,0,,,1,,,,
1791191197291,watch3,88,68,20,20,playing,watch2,self_fast,,watch3,True,40,c,1791191197291,,,0,,,1,,,,
1791191197799,watch2,90,88,2,2,playing,watch2,self_fast,,watch2,True,20,c,1791191197799,,,0,,,1,,,,
1791191198289,watch4,93,66,27,27,playing,watch2,self_fast,,watch4,True,20,c,1791191198289,,,0,,,0,,,,
1791191198813,watch1,80,76,4,4,playing,watch2,self_fast,,watch1,True,20,a,1791191198813,,,0,,,1,,,,
1791191199315,watch4,94,66,28,28,playing,watch2,self_fast,,watch4,True,20,c,1791191199315,,,0,,,0,,,,
1791191199831,watch3,94,68,26,26,playing,watch2,self_fast,,watch3,True,40,c,1791191199831,,,0,,,1,,,,
1791191200358,watch4,101,66,35,35,playing,watch2,self_fast,,watch4,True,20,c,1791191200358,,,0,,,0,,,,
1791191202308,watch1,79,76,3,3,playing,watch2,self_fast,,watch2,False,30,c,1791191202133,,,0,,,1,,,20261005_175735,2
1791191202308,watch2,90,88,2,2,playing,watch2,self_fast,,watch2,True,30,c,1791191197799,,,0,,,1,,,20261005_175735,2
1791191202308,watch3,94,68,26,26,playing,watch2,self_fast,,watch2,False,30,c,1791191199831,,,0,,,1,,,20261005_175735,2
1791191202308,watch4,101,66,35,35,playing,watch2,self_fast,,watch2,False,30,c,1791191200358,,,0,,,0,,,20261005_175735,2
1791191202780,watch4,105,66,39,39,playing,watch2,self_fast,,watch4,True,20,c,1791191202780,,,0,,,0,,,,
1791191203169,watch3,93,68,25,25,playing,watch2,self_fast,,watch3,True,40,c,1791191203169,,,0,,,1,,,,
1791191203558,watch1,78,76,2,2,playing,watch2,self_fast,,watch1,True,20,a,1791191203558,,,0,,,1,,,,
1791191204181,watch1,78,76,2,2,playing,watch2,self_fast,,watch2,False,30,c,1791191203558,,,0,,,1,,,20261005_175735,2
1791191204181,watch2,91,88,3,3,playing,watch2,self_fast,,watch2,True,30,c,1791191203976,,,0,,,1,,,20261005_175735,2
1791191204181,watch3,93,68,25,25,playing,watch2,self_fast,,watch2,False,30,c,1791191203169,,,0,,,1,,,20261005_175735,2
1791191204181,watch4,105,66,39,39,playing,watch2,self_fast,,watch2,False,30,c,1791191202780,,,0,,,0,,,20261005_175735,2
1791191204491,watch3,92,68,24,24,playing,watch2,self_fast,,watch3,True,40,c,1791191204491,,,0,,,1,,,,
1791191205016,watch2,89,88,1,1,playing,watch2,self_fast,,watch2,True,30,c,1791191205016,,,0,,,1,,,,
1791191208557,watch1,78,76,2,2,playing,watch2,self_fast,,watch2,False,30,a,1791191203558,,,0,,,1,,,20261005_175735,2
1791191208557,watch2,89,88,1,1,playing,watch2,self_fast,,watch2,True,30,a,1791191205016,,,0,,,1,,,20261005_175735,2
1791191208557,watch3,92,68,24,24,playing,watch2,self_fast,,watch2,False,30,a,1791191204491,,,0,,,1,,,20261005_175735,2
1791191208557,watch4,104,66,38,38,playing,watch2,self_fast,,watch2,False,30,a,1791191208301,,,0,,,0,,,20261005_175735,2
1791191208897,watch3,93,68,25,25,playing,watch2,self_fast,,watch3,True,40,c,1791191208897,,,0,,,1,,,,
1791191209326,watch2,87,88,-1,1,playing,watch2,self_fast,,watch2,True,30,a,1791191209326,,,0,,,1,,,,
1791191209744,watch4,103,66,37,37,playing,watch2,self_fast,,watch4,True,20,c,1791191209744,,,0,,,0,,,,
1791191210346,watch1,78,76,2,2,playing,watch2,self_fast,,watch2,False,20,a,1791191203558,,,0,,,1,,,20261005_175735,2
1791191210346,watch2,86,88,-2,2,playing,watch2,self_fast,,watch2,True,20,a,1791191210135,,,0,,,1,,,20261005_175735,2
1791191210346,watch3,93,68,25,25,playing,watch2,self_fast,,watch2,False,20,a,1791191208897,,,0,,,1,,,20261005_175735,2
1791191210346,watch4,103,66,37,37,playing,watch2,self_fast,,watch2,False,20,a,1791191209744,,,0,,,0,,,20261005_175735,2
1791191210724,watch1,76,76,0,0,playing,watch2,self_fast,,watch1,True,20,a,1791191210724,,,0,,,1,,,,
1791191211145,watch3,91,68,23,23,playing,watch3,self_fast,,watch3,True,40,c,1791191211145,,,0,,,1,,,,
1791191240257,watch3,90,68,22,22,playing,watch3,self_fast,,watch3,True,10,c,1791191240257,,,0,,,1,,,,
1791191240882,watch2,85,88,-3,3,playing,watch3,self_fast,,watch2,True,20,a,1791191240882,,,0,,,1,,,,
1791191241321,watch2,84,88,-4,4,playing,watch3,self_fast,,watch2,True,20,a,1791191241321,,,0,,,1,,,,
1791191241890,watch1,75,76,-1,1,playing,watch3,self_fast,,watch1,True,20,a,1791191241890,,,0,,,1,,,,
1791191242947,watch4,104,66,38,38,playing,watch3,self_fast,,watch4,True,20,c,1791191242947,,,0,,,0,,,,
1791191243563,watch2,82,88,-6,6,playing,watch3,self_fast,,watch2,True,20,a,1791191243563,,,0,,,1,,,,
1791191244114,watch4,103,66,37,37,playing,watch3,self_fast,,watch4,True,20,c,1791191244114,,,0,,,0,,,,
1791191244673,watch2,80,88,-8,8,playing,watch3,self_fast,,watch2,True,20,a,1791191244673,,,0,,,1,,,,
1791191245464,watch4,101,66,35,35,playing,watch3,self_fast,,watch4,True,20,c,1791191245464,,,0,,,0,,,,
1791191246627,watch1,76,76,0,0,playing,watch3,self_fast,,watch3,False,10,a,1791191246416,,,0,,,1,,,20261005_175735,2
1791191246627,watch2,80,88,-8,8,playing,watch3,self_fast,,watch3,False,10,a,1791191244673,,,0,,,1,,,20261005_175735,2
1791191246627,watch3,90,68,22,22,playing,watch3,self_fast,,watch3,True,10,a,1791191240257,,,0,,,1,,,20261005_175735,2
1791191246627,watch4,101,66,35,35,playing,watch3,self_fast,,watch3,False,10,a,1791191245464,,,0,,,0,,,20261005_175735,2
1791191247108,watch2,81,88,-7,7,playing,watch3,self_fast,,watch2,True,20,a,1791191247108,,,0,,,1,,,,
1791191247578,watch4,93,66,27,27,playing,watch3,self_fast,,watch4,True,20,c,1791191247578,,,0,,,0,,,,
1791191248027,watch2,79,88,-9,9,playing,watch3,self_fast,,watch2,True,20,a,1791191248027,,,0,,,1,,,,
1791191248684,watch1,76,76,0,0,playing,watch3,self_fast,,watch3,False,10,a,1791191246416,,,0,,,1,,,20261005_175735,2
1791191248684,watch2,79,88,-9,9,playing,watch3,self_fast,,watch3,False,10,a,1791191248027,,,0,,,1,,,20261005_175735,2
1791191248684,watch3,90,68,22,22,playing,watch3,self_fast,,watch3,True,10,a,1791191240257,,,0,,,1,,,20261005_175735,2
1791191248684,watch4,87,66,21,21,playing,watch3,self_fast,,watch3,False,10,a,1791191248543,,,0,,,0,,,20261005_175735,2
1791191249436,watch2,77,88,-11,11,playing,watch3,self_fast,,watch2,True,20,a,1791191249436,,,0,,,1,,,,
1791191249829,watch4,89,66,23,23,playing,watch3,self_fast,,watch4,True,20,c,1791191249829,,,0,,,0,,,,
1791191250227,watch4,83,66,17,17,playing,watch3,self_fast,,watch4,True,20,c,1791191250227,,,0,,,0,,,,
1791191250790,watch3,89,68,21,21,playing,watch3,self_fast,,watch3,True,10,a,1791191250790,,,0,,,1,,,,
1791191251241,watch4,79,66,13,13,playing,watch3,self_fast,,watch4,True,20,c,1791191251241,,,0,,,0,,,,
1791191251725,watch3,88,68,20,20,playing,watch3,self_fast,,watch3,True,10,a,1791191251725,,,0,,,1,,,,
1791191252100,watch3,87,68,19,19,playing,watch3,self_fast,,watch3,True,10,a,1791191252100,,,0,,,1,,,,
1791191252585,watch4,75,66,9,9,playing,watch3,self_fast,,watch4,True,20,c,1791191252585,,,0,,,0,,,,
1791191253086,watch2,78,88,-10,10,playing,watch3,self_fast,,watch2,True,20,a,1791191253086,,,0,,,1,,,,
1791191253450,watch4,73,66,7,7,playing,watch3,self_fast,,watch4,True,20,c,1791191253450,,,0,,,0,,,,
1791191253865,watch2,79,88,-9,9,playing,watch3,self_fast,,watch2,True,20,a,1791191253865,,,0,,,1,,,,
1791191254231,watch3,84,68,16,16,playing,watch3,self_fast,,watch3,True,20,a,1791191254231,,,0,,,1,,,,
1791191254876,watch4,72,66,6,6,playing,watch3,self_fast,,watch4,True,20,c,1791191254876,,,0,,,0,,,,
1791191255212,watch2,80,88,-8,8,playing,watch3,self_fast,,watch2,True,20,a,1791191255212,,,0,,,1,,,,
1791191255639,watch3,82,68,14,14,playing,watch3,self_fast,,watch3,True,20,a,1791191255639,,,0,,,1,,,,
1791191256212,watch1,76,76,0,0,playing,watch3,self_fast,,watch3,False,30,c,1791191249207,,,0,,,1,,,20261005_175735,2
1791191256212,watch2,82,88,-6,6,playing,watch3,self_fast,,watch3,False,30,c,1791191256036,,,0,,,1,,,20261005_175735,2
1791191256212,watch3,82,68,14,14,playing,watch3,self_fast,,watch3,True,30,c,1791191255639,,,0,,,1,,,20261005_175735,2
1791191256212,watch4,72,66,6,6,playing,watch3,self_fast,,watch3,False,30,c,1791191254876,,,0,,,0,,,20261005_175735,2
1791191256540,watch3,79,68,11,11,playing,watch3,self_fast,,watch3,True,30,c,1791191256540,,,0,,,1,,,,
1791191256996,watch4,74,66,8,8,playing,watch3,self_fast,,watch4,True,20,c,1791191256996,,,0,,,0,,,,
1791191257300,watch3,80,68,12,12,playing,watch3,self_fast,,watch3,True,30,c,1791191257300,,,0,,,1,,,,
1791191257696,watch2,80,88,-8,8,playing,watch3,self_fast,,watch2,True,20,a,1791191257696,,,0,,,1,,,,
1791191258153,watch4,72,66,6,6,playing,watch3,self_fast,,watch4,True,20,c,1791191258153,,,0,,,0,,,,
1791191258624,watch2,78,88,-10,10,playing,watch3,self_fast,,watch2,True,20,a,1791191258624,,,0,,,1,,,,
1791191258952,watch4,70,66,4,4,playing,watch3,self_fast,,watch4,True,20,c,1791191258952,,,0,,,0,,,,
1791191259278,watch2,76,88,-12,12,playing,watch3,self_fast,,watch2,True,20,a,1791191259278,,,0,,,1,,,,
1791191259664,watch4,72,66,6,6,playing,watch3,self_fast,,watch4,True,20,c,1791191259664,,,0,,,0,,,,
1791191260129,watch2,77,88,-11,11,playing,watch3,self_fast,,watch2,True,20,a,1791191260129,,,0,,,1,,,,
1791191260550,watch4,74,66,8,8,playing,watch3,self_fast,,watch4,True,20,c,1791191260550,,,0,,,0,,,,
1791191260895,watch3,82,68,14,14,playing,watch3,self_fast,,watch3,True,30,a,1791191260895,,,0,,,1,,,,
1791191261208,watch2,78,88,-10,10,playing,watch3,self_fast,,watch2,True,20,a,1791191261208,,,0,,,1,,,,
1791191261842,watch1,76,76,0,0,playing,watch3,self_fast,,watch3,False,30,a,1791191249207,,,0,,,1,,,20261005_175735,2
1791191261842,watch2,78,88,-10,10,playing,watch3,self_fast,,watch3,False,30,a,1791191261208,,,0,,,1,,,20261005_175735,2
1791191261842,watch3,84,68,16,16,playing,watch3,self_fast,,watch3,True,30,a,1791191261704,,,0,,,1,,,20261005_175735,2
1791191261842,watch4,74,66,8,8,playing,watch3,self_fast,,watch3,False,30,a,1791191260550,,,0,,,0,,,20261005_175735,2
1791191262337,watch3,93,68,25,25,playing,watch3,self_fast,,watch3,True,30,a,1791191262337,,,0,,,1,,,,
1791191262739,watch2,76,88,-12,12,playing,watch3,self_fast,,watch2,True,20,a,1791191262739,,,0,,,1,,,,
1791191263137,watch4,73,66,7,7,playing,watch3,self_fast,,watch4,True,20,c,1791191263137,,,0,,,0,,,,
1791191263809,watch1,76,76,0,0,playing,watch3,self_fast,,watch3,False,10,a,1791191249207,,,0,,,1,,,20261005_175735,2
1791191263809,watch2,74,88,-14,14,playing,watch3,self_fast,,watch3,False,10,a,1791191263573,,,0,,,1,,,20261005_175735,2
1791191263809,watch3,93,68,25,25,playing,watch3,self_fast,,watch3,True,10,a,1791191262337,,,0,,,1,,,20261005_175735,2
1791191263809,watch4,73,66,7,7,playing,watch3,self_fast,,watch3,False,10,a,1791191263137,,,0,,,0,,,20261005_175735,2
1791191264057,watch4,72,66,6,6,playing,watch3,self_fast,,watch4,True,20,c,1791191264057,,,0,,,0,,,,
1791191264538,watch4,73,66,7,7,playing,watch3,self_fast,,watch4,True,20,c,1791191264538,,,0,,,0,,,,
1791191264923,watch3,94,68,26,26,playing,watch3,self_fast,,watch3,True,10,a,1791191264923,,,0,,,1,,,,
1791191265330,watch3,91,68,23,23,playing,watch3,self_fast,,watch3,True,10,a,1791191265330,,,0,,,1,,,,
1791191265912,watch4,72,66,6,6,playing,watch4,self_fast,,watch4,True,20,c,1791191265912,,,0,,,0,,,,
1791191266359,watch3,87,68,19,19,playing,watch4,self_fast,,watch3,True,10,c,1791191266359,,,0,,,1,,,,
1791191266821,watch2,75,88,-13,13,playing,watch4,self_fast,,watch2,True,20,a,1791191266821,,,0,,,1,,,,
1791191267376,watch1,76,76,0,0,playing,watch4,self_fast,,watch4,False,10,a,1791191249207,,,0,,,1,,,20261005_175735,2
1791191267376,watch2,75,88,-13,13,playing,watch4,self_fast,,watch4,False,10,a,1791191266821,,,0,,,1,,,20261005_175735,2
1791191267376,watch3,80,68,12,12,playing,watch4,self_fast,,watch4,False,10,a,1791191267168,,,0,,,1,,,20261005_175735,2
1791191267376,watch4,72,66,6,6,playing,watch4,self_fast,,watch4,True,10,a,1791191265912,,,0,,,0,,,20261005_175735,2
1791191267752,watch3,78,68,10,10,playing,watch4,self_fast,,watch3,True,10,c,1791191267752,,,0,,,1,,,,
1791191268250,watch4,75,66,9,9,playing,watch4,self_fast,,watch4,True,10,a,1791191268250,,,0,,,0,,,,
1791191268731,watch4,74,66,8,8,playing,watch4,self_fast,,watch4,True,10,a,1791191268731,,,0,,,0,,,,
1791191269230,watch1,76,76,0,0,playing,watch4,self_fast,,watch4,False,10,c,1791191249207,,,0,,,1,,,20261005_175735,2
1791191269230,watch2,75,88,-13,13,playing,watch4,self_fast,,watch4,False,10,c,1791191266821,,,0,,,1,,,20261005_175735,2
1791191269230,watch3,77,68,9,9,playing,watch4,self_fast,,watch4,False,10,c,1791191269065,,,0,,,1,,,20261005_175735,2
1791191269230,watch4,74,66,8,8,playing,watch4,self_fast,,watch4,True,10,c,1791191268731,,,0,,,0,,,20261005_175735,2
1791191269718,watch4,73,66,7,7,playing,watch4,self_fast,,watch4,True,10,c,1791191269718,,,0,,,0,,,,
1791191270169,watch2,74,88,-14,14,playing,watch4,self_fast,,watch2,True,20,a,1791191270169,,,0,,,1,,,,
1791191270588,watch2,75,88,-13,13,playing,watch4,self_fast,,watch2,True,20,a,1791191270588,,,0,,,1,,,,
1791191271192,watch1,76,76,0,0,playing,watch4,self_fast,,watch4,False,10,a,1791191249207,,,0,,,1,,,20261005_175735,2
1791191271192,watch2,75,88,-13,13,playing,watch4,self_fast,,watch4,False,10,a,1791191270588,,,0,,,1,,,20261005_175735,2
1791191271192,watch3,76,68,8,8,playing,watch4,self_fast,,watch4,False,10,a,1791191271018,,,0,,,1,,,20261005_175735,2
1791191271192,watch4,73,66,7,7,playing,watch4,self_fast,,watch4,True,10,a,1791191269718,,,0,,,0,,,20261005_175735,2
1791191271656,watch4,76,66,10,10,playing,watch4,self_fast,,watch4,True,10,a,1791191271656,,,0,,,0,,,,
1791191273363,watch1,76,76,0,0,playing,watch4,self_fast,,watch4,False,20,a,1791191249207,,,0,,,1,,,20261005_175735,2
1791191273363,watch2,76,88,-12,12,playing,watch4,self_fast,,watch4,False,20,a,1791191273140,,,0,,,1,,,20261005_175735,2
1791191273363,watch3,76,68,8,8,playing,watch4,self_fast,,watch4,False,20,a,1791191271018,,,0,,,1,,,20261005_175735,2
1791191273363,watch4,76,66,10,10,playing,watch4,self_fast,,watch4,True,20,a,1791191271656,,,0,,,0,,,20261005_175735,2
1791191273715,watch4,77,66,11,11,playing,watch4,self_fast,,watch4,True,20,a,1791191273715,,,0,,,0,,,,
1791191274250,watch2,78,88,-10,10,playing,watch4,self_fast,,watch2,True,20,a,1791191274250,,,0,,,1,,,,
1791191275057,watch1,76,76,0,0,playing,watch4,self_fast,,watch4,False,20,a,1791191274720,,,0,,,1,,,20261005_175735,2
1791191275057,watch2,78,88,-10,10,playing,watch4,self_fast,,watch4,False,20,a,1791191274250,,,0,,,1,,,20261005_175735,2
1791191275057,watch3,76,68,8,8,playing,watch4,self_fast,,watch4,False,20,a,1791191274720,,,0,,,1,,,20261005_175735,2
1791191275057,watch4,79,66,13,13,playing,watch4,self_fast,,watch4,True,20,a,1791191274897,,,0,,,0,,,20261005_175735,2
1791191275567,watch3,75,68,7,7,playing,watch4,self_fast,,watch3,True,10,c,1791191275567,,,0,,,1,,,,
1791191276058,watch3,74,68,6,6,playing,watch4,self_fast,,watch3,True,10,c,1791191276058,,,0,,,1,,,,
1791191276438,watch4,78,66,12,12,playing,watch4,self_fast,,watch4,True,20,a,1791191276438,,,0,,,0,,,,
1791191277024,watch1,76,76,0,0,playing,watch4,self_fast,,watch4,False,20,a,1791191274720,,,0,,,1,,,20261005_175735,2
1791191277024,watch2,78,88,-10,10,playing,watch4,self_fast,,watch4,False,20,a,1791191274250,,,0,,,1,,,20261005_175735,2
1791191277024,watch3,74,68,6,6,playing,watch4,self_fast,,watch4,False,20,a,1791191276058,,,0,,,1,,,20261005_175735,2
1791191277024,watch4,79,66,13,13,playing,watch4,self_fast,,watch4,True,20,a,1791191276885,,,0,,,0,,,20261005_175735,2
1791191277497,watch2,77,88,-11,11,playing,watch4,self_fast,,watch2,True,20,a,1791191277497,,,0,,,1,,,,
1791191277976,watch4,75,66,9,9,playing,watch4,self_fast,,watch4,True,20,a,1791191277976,,,0,,,0,,,,
1791191280221,watch2,78,88,-10,10,playing,watch1,self_fast,,watch2,True,20,a,1791191280221,,,0,,,1,,,,
1791191280767,watch4,73,66,7,7,playing,watch1,self_fast,,watch4,True,20,a,1791191280767,,,0,,,0,,,,
1791191281398,watch2,81,88,-7,7,playing,watch1,self_fast,,watch2,True,20,a,1791191281398,,,0,,,1,,,,
1791191281814,watch2,83,88,-5,5,playing,watch1,self_fast,,watch2,True,20,a,1791191281814,,,0,,,1,,,,
1791191282196,watch3,73,68,5,5,playing,watch1,self_fast,,watch3,True,10,c,1791191282196,,,0,,,1,,,,
1791191282877,watch1,76,76,0,0,playing,watch1,self_fast,,watch1,True,10,c,1791191274720,,,0,,,1,,,20261005_175735,2
1791191282877,watch2,83,88,-5,5,playing,watch1,self_fast,,watch1,False,10,c,1791191281814,,,0,,,1,,,20261005_175735,2
1791191282877,watch3,73,68,5,5,playing,watch1,self_fast,,watch1,False,10,c,1791191282196,,,0,,,1,,,20261005_175735,2
1791191282877,watch4,75,66,9,9,playing,watch1,self_fast,,watch1,False,10,c,1791191282688,,,0,,,0,,,20261005_175735,2
1791191283310,watch2,81,88,-7,7,playing,watch1,self_fast,,watch2,True,20,a,1791191283310,,,0,,,1,,,,
1791191283785,watch3,75,68,7,7,playing,watch1,self_fast,,watch3,True,10,c,1791191283785,,,0,,,1,,,,
1791191284162,watch2,80,88,-8,8,playing,watch1,self_fast,,watch2,True,20,a,1791191284162,,,0,,,1,,,,
1791191284811,watch1,76,76,0,0,playing,watch1,self_fast,,watch1,True,10,a,1791191274720,,,0,,,1,,,20261005_175735,2
1791191284811,watch2,80,88,-8,8,playing,watch1,self_fast,,watch1,False,10,a,1791191284162,,,0,,,1,,,20261005_175735,2
1791191284811,watch3,75,68,7,7,playing,watch1,self_fast,,watch1,False,10,a,1791191283785,,,0,,,1,,,20261005_175735,2
1791191284811,watch4,74,66,8,8,playing,watch1,self_fast,,watch1,False,10,a,1791191284620,,,0,,,0,,,20261005_175735,2
1791191285167,watch3,74,68,6,6,playing,watch1,self_fast,,watch3,True,10,c,1791191285167,,,0,,,1,,,,
1791191285686,watch4,75,66,9,9,playing,watch1,self_fast,,watch4,True,20,a,1791191285686,,,0,,,0,,,,
1791191286089,watch4,74,66,8,8,playing,watch1,self_fast,,watch4,True,20,a,1791191286089,,,0,,,0,,,,
1791191286794,watch4,75,66,9,9,playing,watch1,self_fast,,watch4,True,20,a,1791191286794,,,0,,,0,,,,
1791191287182,watch3,75,68,7,7,playing,watch1,self_fast,,watch3,True,10,c,1791191287182,,,0,,,1,,,,
1791191287636,watch4,73,66,7,7,playing,watch1,self_fast,,watch4,True,20,a,1791191287636,,,0,,,0,,,,
1791191288236,watch1,76,76,0,0,playing,watch1,self_fast,,watch1,True,10,c,1791191286565,,,0,,,1,,,20261005_175735,2
1791191288236,watch2,80,88,-8,8,playing,watch1,self_fast,,watch1,False,10,c,1791191286565,,,0,,,1,,,20261005_175735,2
1791191288236,watch3,76,68,8,8,playing,watch1,self_fast,,watch1,False,10,c,1791191288045,,,0,,,1,,,20261005_175735,2
1791191288236,watch4,73,66,7,7,playing,watch1,self_fast,,watch1,False,10,c,1791191287636,,,0,,,0,,,20261005_175735,2
1791191288704,watch4,72,66,6,6,playing,watch1,self_fast,,watch4,True,20,a,1791191288704,,,0,,,0,,,,
1791191289142,watch3,77,68,9,9,playing,watch1,self_fast,,watch3,True,10,c,1791191289142,,,0,,,1,,,,
1791191289536,watch4,71,66,5,5,playing,watch1,self_fast,,watch4,True,20,a,1791191289536,,,0,,,0,,,,
1791191290109,watch1,76,76,0,0,playing,watch1,self_fast,,watch1,True,10,c,1791191286565,,,0,,,1,,,20261005_175735,2
1791191290109,watch2,80,88,-8,8,playing,watch1,self_fast,,watch1,False,10,c,1791191286565,,,0,,,1,,,20261005_175735,2
1791191290109,watch3,77,68,9,9,playing,watch1,self_fast,,watch1,False,10,c,1791191289142,,,0,,,1,,,20261005_175735,2
1791191290109,watch4,74,66,8,8,playing,watch1,self_fast,,watch1,False,10,c,1791191289932,,,0,,,0,,,20261005_175735,2
1791191290583,watch3,78,68,10,10,playing,watch1,self_fast,,watch3,True,10,c,1791191290583,,,0,,,1,,,,
1791191291190,watch4,78,66,12,12,playing,watch1,self_fast,,watch4,True,20,a,1791191291190,,,0,,,0,,,,
1791191291875,watch1,76,76,0,0,playing,watch1,self_fast,,watch1,True,10,c,1791191291038,,,0,,,1,,,20261005_175735,2
1791191291875,watch2,80,88,-8,8,playing,watch1,self_fast,,watch1,False,10,c,1791191291038,,,0,,,1,,,20261005_175735,2
1791191291875,watch3,79,68,11,11,playing,watch1,self_fast,,watch1,False,10,c,1791191291682,,,0,,,1,,,20261005_175735,2
1791191291875,watch4,78,66,12,12,playing,watch1,self_fast,,watch1,False,10,c,1791191291190,,,0,,,0,,,20261005_175735,2
1791191292805,watch4,93,66,27,27,playing,watch1,self_fast,,watch4,True,20,a,1791191292805,,,0,,,0,,,,
1791191293180,watch3,80,68,12,12,playing,watch1,self_fast,,watch3,True,10,c,1791191293180,,,0,,,1,,,,
1791191293848,watch1,76,76,0,0,playing,watch1,self_fast,,watch1,True,10,a,1791191293645,,,0,,,1,,,20261005_175735,2
1791191293848,watch2,80,88,-8,8,playing,watch1,self_fast,,watch1,False,10,a,1791191293645,,,0,,,1,,,20261005_175735,2
1791191293848,watch3,80,68,12,12,playing,watch1,self_fast,,watch1,False,10,a,1791191293180,,,0,,,1,,,20261005_175735,2
1791191293848,watch4,93,66,27,27,playing,watch1,self_fast,,watch1,False,10,a,1791191292805,,,0,,,0,,,20261005_175735,2
1791191295051,watch4,90,66,24,24,playing,watch1,self_fast,,watch4,True,20,a,1791191295051,,,0,,,0,,,,
1791191295547,watch1,76,76,0,0,playing,watch1,self_fast,,watch1,True,10,a,1791191294803,,,0,,,1,,,20261005_175735,2
1791191295547,watch2,80,88,-8,8,playing,watch1,self_fast,,watch1,False,10,a,1791191294803,,,0,,,1,,,20261005_175735,2
1791191295547,watch3,80,68,12,12,playing,watch1,self_fast,,watch1,False,10,a,1791191294803,,,0,,,1,,,20261005_175735,2
1791191295547,watch4,90,66,24,24,playing,watch1,self_fast,,watch1,False,10,a,1791191295051,,,0,,,0,,,20261005_175735,2
1791191297115,watch1,76,76,0,0,playing,watch1,self_fast,,watch1,True,10,a,1791191296051,,,0,,,1,,,20261005_175735,2
1791191297115,watch2,80,88,-8,8,playing,watch1,self_fast,,watch1,False,10,a,1791191296051,,,0,,,1,,,20261005_175735,2
1791191297115,watch3,80,68,12,12,playing,watch1,self_fast,,watch1,False,10,a,1791191296051,,,0,,,1,,,20261005_175735,2
1791191297115,watch4,96,66,30,30,playing,watch1,self_fast,,watch1,False,10,a,1791191296851,,,0,,,0,,,20261005_175735,2
1791191300030,watch4,100,66,34,34,playing,watch1,self_fast,,watch4,True,20,a,1791191300030,,,0,,,0,,,,
1791191300607,watch3,81,68,13,13,playing,watch1,self_fast,,watch3,True,10,c,1791191300607,,,0,,,1,,,,
1791191301025,watch1,77,76,1,1,playing,watch1,self_fast,,watch1,True,10,a,1791191301025,,,0,,,1,,,,
1791191301726,watch1,77,76,1,1,playing,watch1,self_fast,,watch1,True,10,c,1791191301025,,,0,,,1,,,20261005_175735,2
1791191301726,watch2,80,88,-8,8,playing,watch1,self_fast,,watch1,False,10,c,1791191298648,,,0,,,1,,,20261005_175735,2
1791191301726,watch3,81,68,13,13,playing,watch1,self_fast,,watch1,False,10,c,1791191300607,,,0,,,1,,,20261005_175735,2
1791191301726,watch4,103,66,37,37,playing,watch1,self_fast,,watch1,False,10,c,1791191301479,,,0,,,0,,,20261005_175735,2
1791191302359,watch1,78,76,2,2,playing,watch1,self_fast,,watch1,True,10,c,1791191302359,,,0,,,1,,,,
1791191302813,watch3,82,68,14,14,playing,watch1,self_fast,,watch3,True,10,c,1791191302813,,,0,,,1,,,,
1791191303610,watch1,76,76,0,0,playing,watch1,self_fast,,watch1,True,10,c,1791191303206,,,0,,,1,,,20261005_175735,2
1791191303610,watch2,80,88,-8,8,playing,watch1,self_fast,,watch1,False,10,c,1791191302191,,,0,,,1,,,20261005_175735,2
1791191303610,watch3,82,68,14,14,playing,watch1,self_fast,,watch1,False,10,c,1791191302813,,,0,,,1,,,20261005_175735,2
1791191303610,watch4,103,66,37,37,playing,watch1,self_fast,,watch1,False,10,c,1791191301479,,,0,,,0,,,20261005_175735,2
1791191303911,watch4,100,66,34,34,playing,watch1,self_fast,,watch4,True,20,a,1791191303911,,,0,,,0,,,,
1791191305877,watch1,73,76,-3,3,playing,watch1,self_fast,,watch1,True,10,c,1791191305684,,,0,,,1,,,20261005_175735,2
1791191305877,watch2,80,88,-8,8,playing,watch1,self_fast,,watch1,False,10,c,1791191303709,,,0,,,1,,,20261005_175735,2
1791191305877,watch3,82,68,14,14,playing,watch1,self_fast,,watch1,False,10,c,1791191302813,,,0,,,1,,,20261005_175735,2
1791191305877,watch4,100,66,34,34,playing,watch1,self_fast,,watch1,False,10,c,1791191303911,,,0,,,0,,,20261005_175735,2
1791191306472,watch3,84,68,16,16,playing,watch1,self_fast,,watch3,True,10,c,1791191306472,,,0,,,1,,,,
1791191307142,watch4,97,66,31,31,playing,watch1,self_fast,,watch4,True,20,a,1791191307142,,,0,,,0,,,,
1791191307568,watch2,78,88,-10,10,playing,watch1,self_fast,,watch2,True,20,a,1791191307568,,,0,,,1,,,,
1791191308070,watch4,95,66,29,29,playing,watch1,self_fast,,watch4,True,20,a,1791191308070,,,0,,,0,,,,
1791191308670,watch2,77,88,-11,11,playing,watch1,self_fast,,watch2,True,20,a,1791191308670,,,0,,,1,,,,
1791191309133,watch3,82,68,14,14,playing,watch1,self_fast,,watch3,True,10,c,1791191309133,,,0,,,1,,,,
1791191309653,watch1,73,76,-3,3,playing,watch1,self_fast,,watch1,True,10,c,1791191309023,,,0,,,1,,,20261005_175735,2
1791191309653,watch2,77,88,-11,11,playing,watch1,self_fast,,watch1,False,10,c,1791191308670,,,0,,,1,,,20261005_175735,2
1791191309653,watch3,82,68,14,14,playing,watch1,self_fast,,watch1,False,10,c,1791191309133,,,0,,,1,,,20261005_175735,2
1791191309653,watch4,95,66,29,29,playing,watch1,self_fast,,watch1,False,10,c,1791191308070,,,0,,,0,,,20261005_175735,2
1791191309909,watch4,94,66,28,28,playing,watch1,self_fast,,watch4,True,20,a,1791191309909,,,0,,,0,,,,
1791191310298,watch2,78,88,-10,10,playing,watch1,self_fast,,watch2,True,20,a,1791191310298,,,0,,,1,,,,
1791191312465,watch2,81,88,-7,7,playing,watch1,self_fast,,watch2,True,20,a,1791191312465,,,0,,,1,,,,
1791191313134,watch4,93,66,27,27,playing,watch1,self_fast,,watch4,True,20,a,1791191313134,,,0,,,0,,,,
1791191313603,watch2,82,88,-6,6,playing,watch1,self_fast,,watch2,True,20,a,1791191313603,,,0,,,1,,,,
1791191314368,watch1,73,76,-3,3,playing,watch1,self_fast,,watch1,True,10,c,1791191314009,,,0,,,1,,,20261005_175735,2
1791191314368,watch2,82,88,-6,6,playing,watch1,self_fast,,watch1,False,10,c,1791191313603,,,0,,,1,,,20261005_175735,2
1791191314368,watch3,82,68,14,14,playing,watch1,self_fast,,watch1,False,10,c,1791191314009,,,0,,,1,,,20261005_175735,2
1791191314368,watch4,94,66,28,28,playing,watch1,self_fast,,watch1,False,10,c,1791191314113,,,0,,,0,,,20261005_175735,2
1791191315314,watch2,83,88,-5,5,playing,watch1,self_fast,,watch2,True,20,a,1791191315314,,,0,,,1,,,,
1791191315992,watch4,95,66,29,29,playing,watch1,self_fast,,watch4,True,20,a,1791191315992,,,0,,,0,,,,
1791191317104,watch3,81,68,13,13,playing,watch1,self_fast,,watch3,True,10,c,1791191317104,,,0,,,1,,,,
1791191317634,watch1,73,76,-3,3,playing,watch1,self_fast,,watch1,True,10,c,1791191316535,,,0,,,1,,,20261005_175735,2
1791191317634,watch2,83,88,-5,5,playing,watch1,self_fast,,watch1,False,10,c,1791191316535,,,0,,,1,,,20261005_175735,2
1791191317634,watch3,81,68,13,13,playing,watch1,self_fast,,watch1,False,10,c,1791191317104,,,0,,,1,,,20261005_175735,2
1791191317634,watch4,95,66,29,29,playing,watch1,self_fast,,watch1,False,10,c,1791191315992,,,0,,,0,,,20261005_175735,2
1791191318023,watch4,93,66,27,27,playing,watch1,self_fast,,watch4,True,20,a,1791191318023,,,0,,,0,,,,
1791191319347,watch1,73,76,-3,3,playing,watch1,self_fast,,watch1,True,10,c,1791191318990,,,0,,,1,,,20261005_175735,2
1791191319347,watch2,83,88,-5,5,playing,watch1,self_fast,,watch1,False,10,c,1791191318990,,,0,,,1,,,20261005_175735,2
1791191319347,watch3,80,68,12,12,playing,watch1,self_fast,,watch1,False,10,c,1791191319149,,,0,,,1,,,20261005_175735,2
1791191319347,watch4,93,66,27,27,playing,watch1,self_fast,,watch1,False,10,c,1791191318023,,,0,,,0,,,20261005_175735,2
1791191319909,watch2,85,88,-3,3,playing,watch1,self_fast,,watch2,True,20,a,1791191319909,,,0,,,1,,,,
1791191320363,watch4,90,66,24,24,playing,watch1,self_fast,,watch4,True,20,a,1791191320363,,,0,,,0,,,,
1791191320924,watch1,78,76,2,2,playing,watch1,self_fast,,watch1,True,10,c,1791191320924,,,0,,,1,,,,
1791191321414,watch2,88,88,0,0,playing,watch1,self_fast,,watch2,True,20,a,1791191321414,,,0,,,1,,,,
1791191322016,watch1,80,76,4,4,playing,watch1,self_fast,,watch1,True,10,a,1791191322016,,,0,,,1,,,,
1791191322524,watch4,83,66,17,17,playing,watch1,self_fast,,watch4,True,20,a,1791191322524,,,0,,,0,,,,
1791191323162,watch1,81,76,5,5,playing,watch1,self_fast,,watch1,True,20,a,1791191323001,,,0,,,1,,,20261005_175735,2
1791191323162,watch2,88,88,0,0,playing,watch1,self_fast,,watch1,False,20,a,1791191321414,,,0,,,1,,,20261005_175735,2
1791191323162,watch3,80,68,12,12,playing,watch1,self_fast,,watch1,False,20,a,1791191322389,,,0,,,1,,,20261005_175735,2
1791191323162,watch4,83,66,17,17,playing,watch1,self_fast,,watch1,False,20,a,1791191322524,,,0,,,0,,,20261005_175735,2
1791191324754,watch1,81,76,5,5,playing,watch2,self_fast,,watch2,False,10,c,1791191323001,,,0,,,1,,,20261005_175735,2
1791191324754,watch2,88,88,0,0,playing,watch2,self_fast,,watch2,True,10,c,1791191323630,,,0,,,1,,,20261005_175735,2
1791191324754,watch3,80,68,12,12,playing,watch2,self_fast,,watch2,False,10,c,1791191323630,,,0,,,1,,,20261005_175735,2
1791191324754,watch4,83,66,17,17,playing,watch2,self_fast,,watch2,False,10,c,1791191323630,,,0,,,0,,,20261005_175735,2
1791191325286,watch2,83,88,-5,5,playing,watch2,self_fast,,watch2,True,10,c,1791191325286,,,0,,,1,,,,
1791191326146,watch3,81,68,13,13,playing,watch2,self_fast,,watch3,True,10,c,1791191326146,,,0,,,1,,,,
1791191326812,watch1,81,76,5,5,playing,watch2,self_fast,,watch2,False,20,a,1791191326545,,,0,,,1,,,20261005_175735,2
1791191326812,watch2,83,88,-5,5,playing,watch2,self_fast,,watch2,True,20,a,1791191326545,,,0,,,1,,,20261005_175735,2
1791191326812,watch3,81,68,13,13,playing,watch2,self_fast,,watch2,False,20,a,1791191326146,,,0,,,1,,,20261005_175735,2
1791191326812,watch4,83,66,17,17,playing,watch2,self_fast,,watch2,False,20,a,1791191326545,,,0,,,0,,,20261005_175735,2
1791191327246,watch2,80,88,-8,8,playing,watch2,self_fast,,watch2,True,20,a,1791191327246,,,0,,,1,,,,
1791191328000,watch1,82,76,6,6,playing,watch2,self_fast,,watch1,True,20,a,1791191328000,,,0,,,1,,,,
1791191328532,watch1,82,76,6,6,playing,watch2,self_fast,,watch2,False,30,a,1791191328000,,,0,,,1,,,20261005_175735,2
1791191328532,watch2,80,88,-8,8,playing,watch2,self_fast,,watch2,True,30,a,1791191327246,,,0,,,1,,,20261005_175735,2
1791191328532,watch3,81,68,13,13,playing,watch2,self_fast,,watch2,False,30,a,1791191327801,,,0,,,1,,,20261005_175735,2
1791191328532,watch4,83,66,17,17,playing,watch2,self_fast,,watch2,False,30,a,1791191327801,,,0,,,0,,,20261005_175735,2
1791191329209,watch4,82,66,16,16,playing,watch2,self_fast,,watch4,True,20,a,1791191329209,,,0,,,0,,,,
1791191329679,watch2,78,88,-10,10,playing,watch2,self_fast,,watch2,True,30,a,1791191329679,,,0,,,1,,,,
1791191330161,watch1,82,76,6,6,playing,watch2,self_fast,,watch2,False,30,a,1791191329000,,,0,,,1,,,20261005_175735,2
1791191330161,watch2,78,88,-10,10,playing,watch2,self_fast,,watch2,True,30,a,1791191329679,,,0,,,1,,,20261005_175735,2
1791191330161,watch3,81,68,13,13,playing,watch2,self_fast,,watch2,False,30,a,1791191329000,,,0,,,1,,,20261005_175735,2
1791191330161,watch4,82,66,16,16,playing,watch2,self_fast,,watch2,False,30,a,1791191329209,,,0,,,0,,,20261005_175735,2
1791191330526,watch2,79,88,-9,9,playing,watch2,self_fast,,watch2,True,30,a,1791191330526,,,0,,,1,,,,
1791191331006,watch1,83,76,7,7,playing,watch2,self_fast,,watch1,True,20,a,1791191331006,,,0,,,1,,,,
1791191331414,watch4,80,66,14,14,playing,watch2,self_fast,,watch4,True,20,a,1791191331414,,,0,,,0,,,,
1791191332031,watch1,83,76,7,7,playing,watch2,self_fast,,watch2,False,30,a,1791191331006,,,0,,,1,,,20261005_175735,2
1791191332031,watch2,79,88,-9,9,playing,watch2,self_fast,,watch2,True,30,a,1791191331866,,,0,,,1,,,20261005_175735,2
1791191332031,watch3,81,68,13,13,playing,watch2,self_fast,,watch2,False,30,a,1791191331866,,,0,,,1,,,20261005_175735,2
1791191332031,watch4,80,66,14,14,playing,watch2,self_fast,,watch2,False,30,a,1791191331414,,,0,,,0,,,20261005_175735,2
1791191332298,watch2,81,88,-7,7,playing,watch2,self_fast,,watch2,True,30,a,1791191332298,,,0,,,1,,,,
1791191333208,watch3,82,68,14,14,playing,watch2,self_fast,,watch3,True,10,c,1791191333208,,,0,,,1,,,,
1791191333767,watch1,83,76,7,7,playing,watch2,self_fast,,watch2,False,20,a,1791191333000,,,0,,,1,,,20261005_175735,2
1791191333767,watch2,81,88,-7,7,playing,watch2,self_fast,,watch2,True,20,a,1791191332298,,,0,,,1,,,20261005_175735,2
1791191333767,watch3,82,68,14,14,playing,watch2,self_fast,,watch2,False,20,a,1791191333208,,,0,,,1,,,20261005_175735,2
1791191333767,watch4,80,66,14,14,playing,watch2,self_fast,,watch2,False,20,a,1791191333000,,,0,,,0,,,20261005_175735,2
1791191333989,watch1,87,76,11,11,playing,watch2,self_fast,,watch1,True,20,a,1791191333989,,,0,,,1,,,,
1791191334611,watch2,83,88,-5,5,playing,watch2,self_fast,,watch2,True,20,a,1791191334611,,,0,,,1,,,,
1791191335016,watch1,90,76,14,14,playing,watch2,self_fast,,watch1,True,20,a,1791191335016,,,0,,,1,,,,
1791191335596,watch1,90,76,14,14,playing,watch2,self_fast,,watch2,False,20,c,1791191335016,,,0,,,1,,,20261005_175735,2
1791191335596,watch2,83,88,-5,5,playing,watch2,self_fast,,watch2,True,20,c,1791191334611,,,0,,,1,,,20261005_175735,2
1791191335596,watch3,82,68,14,14,playing,watch2,self_fast,,watch2,False,20,c,1791191334424,,,0,,,1,,,20261005_175735,2
1791191335596,watch4,79,66,13,13,playing,watch2,self_fast,,watch2,False,20,c,1791191335409,,,0,,,0,,,20261005_175735,2
1791191337625,watch1,90,76,14,14,playing,watch3,self_fast,,watch3,False,10,c,1791191336165,,,0,,,1,,,20261005_175735,2
1791191337625,watch2,83,88,-5,5,playing,watch3,self_fast,,watch3,False,10,c,1791191336165,,,0,,,1,,,20261005_175735,2
1791191337625,watch3,82,68,14,14,playing,watch3,self_fast,,watch3,True,10,c,1791191336165,,,0,,,1,,,20261005_175735,2
1791191337625,watch4,80,66,14,14,playing,watch3,self_fast,,watch3,False,10,c,1791191337200,,,0,,,0,,,20261005_175735,2
1791191338113,watch1,86,76,10,10,playing,watch3,self_fast,,watch1,True,20,a,1791191338113,,,0,,,1,,,,
1791191338643,watch2,81,88,-7,7,playing,watch3,self_fast,,watch2,True,20,c,1791191338643,,,0,,,1,,,,
1791191339084,watch1,83,76,7,7,playing,watch3,self_fast,,watch1,True,20,a,1791191339084,,,0,,,1,,,,
1791191339628,watch4,81,66,15,15,playing,watch3,self_fast,,watch4,True,20,a,1791191339628,,,0,,,0,,,,
1791191340292,watch3,80,68,12,12,playing,watch3,self_fast,,watch3,True,10,c,1791191340292,,,0,,,1,,,,
1791191341239,watch4,82,66,16,16,playing,watch3,self_fast,,watch4,True,20,a,1791191341239,,,0,,,0,,,,
1791191341805,watch1,83,76,7,7,playing,watch3,self_fast,,watch3,False,10,a,1791191340756,,,0,,,1,,,20261005_175735,2
1791191341805,watch2,81,88,-7,7,playing,watch3,self_fast,,watch3,False,10,a,1791191340756,,,0,,,1,,,20261005_175735,2
1791191341805,watch3,80,68,12,12,playing,watch3,self_fast,,watch3,True,10,a,1791191340292,,,0,,,1,,,20261005_175735,2
1791191341805,watch4,82,66,16,16,playing,watch3,self_fast,,watch3,False,10,a,1791191341239,,,0,,,0,,,20261005_175735,2
1791191346889,watch1,82,76,6,6,playing,watch3,self_fast,,watch1,True,20,a,1791191346889,,,0,,,1,,,,
1791191347340,watch2,83,88,-5,5,playing,watch3,self_fast,,watch2,True,20,c,1791191347340,,,0,,,1,,,,
1791191347855,watch3,81,68,13,13,playing,watch3,self_fast,,watch3,True,10,a,1791191347855,,,0,,,1,,,,
1791191348471,watch4,83,66,17,17,playing,watch3,self_fast,,watch4,True,20,a,1791191348471,,,0,,,0,,,,
1791191375391,watch2,85,88,-3,3,playing,watch3,self_fast,,watch2,True,20,c,1791191375391,,,0,,,1,,,,
1791191376195,watch3,86,68,18,18,playing,watch3,self_fast,,watch3,True,10,c,1791191376195,,,0,,,1,,,,
1791191377302,watch3,,,,,set_end,watch3,,,,,,,,倒壊,,,,,1,0,SET 2 終了,,
