timestamp,device_id,heartbeat,baseline,diff,abs_diff,game_phase,current_turn,control_mode,random_extreme,target_watch,is_target,rpm,direction,source_timestamp,collapse
1784880730650,watch1,74,71,3,3,playing,watch2,attack_challenge,,watch2,False,25,c,1784880726882,
1784880730650,watch2,73,72,1,1,playing,watch2,attack_challenge,,watch2,True,25,c,1784880727802,
1784880731722,watch1,74,71,3,3,playing,watch2,attack_challenge,,watch2,False,30,c,1784880726882,
1784880731722,watch2,73,72,1,1,playing,watch2,attack_challenge,,watch2,True,30,c,1784880731313,
1784880732801,watch1,74,71,3,3,playing,watch2,attack_challenge,,watch2,False,5,c,1784880726882,
1784880732801,watch2,73,72,1,1,playing,watch2,attack_challenge,,watch2,True,5,c,1784880731313,
1784880733873,watch1,74,71,3,3,playing,watch2,attack_challenge,,watch2,False,10,c,1784880726882,
1784880733873,watch2,73,72,1,1,playing,watch2,attack_challenge,,watch2,True,10,c,1784880732982,
1784880734948,watch1,74,71,3,3,playing,watch2,attack_challenge,,watch2,False,15,c,1784880726882,
1784880734948,watch2,73,72,1,1,playing,watch2,attack_challenge,,watch2,True,15,c,1784880734061,
1784880736020,watch1,74,71,3,3,playing,watch2,attack_challenge,,watch2,False,25,c,1784880726882,
1784880736020,watch2,73,72,1,1,playing,watch2,attack_challenge,,watch2,True,25,c,1784880735109,
1784880737127,watch1,74,71,3,3,playing,watch2,attack_challenge,,watch2,False,30,c,1784880726882,
1784880737127,watch2,74,72,2,2,playing,watch2,attack_challenge,,watch2,True,30,c,1784880736341,
1784880738240,watch1,74,71,3,3,playing,watch2,attack_challenge,,watch2,False,5,c,1784880738005,
1784880738240,watch2,74,72,2,2,playing,watch2,attack_challenge,,watch2,True,5,c,1784880736341,
1784880739312,watch1,74,71,3,3,playing,watch2,attack_challenge,,watch2,False,10,c,1784880738005,
1784880739312,watch2,74,72,2,2,playing,watch2,attack_challenge,,watch2,True,10,c,1784880738256,
1784880740448,watch1,74,71,3,3,playing,watch2,attack_challenge,,watch2,False,15,c,1784880739335,
1784880740448,watch2,75,72,3,3,playing,watch2,attack_challenge,,watch2,True,15,c,1784880740369,
1784880741568,watch1,74,71,3,3,playing,watch2,attack_challenge,,watch2,False,20,c,1784880740439,
1784880741568,watch2,76,72,4,4,playing,watch2,attack_challenge,,watch2,True,20,c,1784880741393,
1784880742710,watch1,75,71,4,4,playing,watch2,attack_challenge,,watch2,False,5,c,1784880742064,
1784880742710,watch2,76,72,4,4,playing,watch2,attack_challenge,,watch2,True,5,c,1784880742654,
1784880743882,watch1,75,71,4,4,playing,watch2,attack_challenge,,watch2,False,30,c,1784880742064,
1784880743882,watch2,76,72,4,4,playing,watch2,attack_challenge,,watch2,True,30,c,1784880743766,
1784880744963,watch1,76,71,5,5,playing,watch2,attack_challenge,,watch2,False,5,c,1784880744094,
1784880744963,watch2,76,72,4,4,playing,watch2,attack_challenge,,watch2,True,5,c,1784880743766,
1784880746096,watch1,76,71,5,5,playing,watch2,attack_challenge,,watch2,False,15,c,1784880746037,
1784880746096,watch2,77,72,5,5,playing,watch2,attack_challenge,,watch2,True,15,c,1784880745399,
1784880747224,watch1,76,71,5,5,playing,watch2,attack_challenge,,watch2,False,20,c,1784880747090,
1784880747224,watch2,77,72,5,5,playing,watch2,attack_challenge,,watch2,True,20,c,1784880747090,
1784880748301,watch1,77,71,6,6,playing,watch2,attack_challenge,,watch2,False,25,c,1784880748120,
1784880748301,watch2,78,72,6,6,playing,watch2,attack_challenge,,watch2,True,25,c,1784880747435,
1784880749370,watch1,77,71,6,6,playing,watch2,attack_challenge,,watch2,False,30,c,1784880749208,
1784880749370,watch2,79,72,7,7,playing,watch2,attack_challenge,,watch2,True,30,c,1784880748437,
1784880750541,watch1,79,71,8,8,playing,watch2,attack_challenge,,watch2,False,5,c,1784880750299,
1784880750541,watch2,80,72,8,8,playing,watch2,attack_challenge,,watch2,True,5,c,1784880750452,
1784880751606,watch1,79,71,8,8,playing,watch2,attack_challenge,,watch2,False,10,c,1784880751450,
1784880751606,watch2,80,72,8,8,playing,watch2,attack_challenge,,watch2,True,10,c,1784880750452,
1784880752684,watch1,79,71,8,8,playing,watch2,attack_challenge,,watch2,False,15,c,1784880752500,
1784880752684,watch2,80,72,8,8,playing,watch2,attack_challenge,,watch2,True,15,c,1784880752500,
1784880753847,watch1,79,71,8,8,playing,watch2,attack_challenge,,watch2,False,20,c,1784880753637,
1784880753847,watch2,81,72,9,9,playing,watch2,attack_challenge,,watch2,True,20,c,1784880753637,
1784880755012,watch1,79,71,8,8,playing,watch1,attack_challenge,,watch1,True,5,c,1784880754815,
1784880755012,watch2,81,72,9,9,playing,watch1,attack_challenge,,watch1,False,5,c,1784880754815,
1784880756087,watch1,81,71,10,10,playing,watch1,attack_challenge,,watch1,True,5,c,1784880755209,
1784880756087,watch2,82,72,10,10,playing,watch1,attack_challenge,,watch1,False,5,c,1784880755520,
1784880757185,watch1,81,71,10,10,playing,watch1,attack_challenge,,watch1,True,5,c,1784880756937,
1784880757185,watch2,83,72,11,11,playing,watch1,attack_challenge,,watch1,False,5,c,1784880756511,
1784880758260,watch1,81,71,10,10,playing,watch1,attack_challenge,,watch1,True,5,c,1784880757988,
1784880758260,watch2,83,72,11,11,playing,watch1,attack_challenge,,watch1,False,5,c,1784880757988,
1784880759347,watch1,81,71,10,10,playing,watch1,attack_challenge,,watch1,True,5,c,1784880759104,
1784880759347,watch2,83,72,11,11,playing,watch1,attack_challenge,,watch1,False,5,c,1784880759104,
1784880760464,watch1,81,71,10,10,playing,watch1,attack_challenge,,watch1,True,5,c,1784880760211,
1784880760464,watch2,83,72,11,11,playing,watch1,attack_challenge,,watch1,False,5,c,1784880760211,
1784880761538,watch1,82,71,11,11,playing,watch1,attack_challenge,,watch1,True,5,c,1784880761236,
1784880761538,watch2,82,72,10,10,playing,watch1,attack_challenge,,watch1,False,5,c,1784880760605,
1784880762621,watch1,82,71,11,11,playing,watch1,attack_challenge,,watch1,True,5,c,1784880762416,
1784880762621,watch2,82,72,10,10,playing,watch1,attack_challenge,,watch1,False,5,c,1784880762416,
1784880763701,watch1,81,71,10,10,playing,watch1,attack_challenge,,watch1,True,5,a,1784880763329,
1784880763701,watch2,81,72,9,9,playing,watch1,attack_challenge,,watch1,False,5,a,1784880762629,
1784880764792,watch1,81,71,10,10,playing,watch1,attack_challenge,,watch1,True,5,a,1784880764521,
1784880764792,watch2,80,72,8,8,playing,watch1,attack_challenge,,watch1,False,5,a,1784880764649,
1784880765873,watch1,80,71,9,9,playing,watch1,attack_challenge,,watch1,True,5,a,1784880765319,
1784880765873,watch2,79,72,7,7,playing,watch1,attack_challenge,,watch1,False,5,a,1784880765647,
1784880766951,watch1,79,71,8,8,playing,watch1,attack_challenge,,watch1,True,5,a,1784880766367,
1784880766951,watch2,78,72,6,6,playing,watch1,attack_challenge,,watch1,False,5,a,1784880766683,
1784880768055,watch1,79,71,8,8,playing,watch1,attack_challenge,,watch1,True,5,c,1784880767632,
1784880768055,watch2,78,72,6,6,playing,watch1,attack_challenge,,watch1,False,5,c,1784880766683,
1784880769124,watch1,77,71,6,6,playing,watch1,attack_challenge,,watch1,True,5,c,1784880768405,
1784880769124,watch2,78,72,6,6,playing,watch1,attack_challenge,,watch1,False,5,c,1784880768682,
1784880770204,watch1,77,71,6,6,playing,watch1,attack_challenge,,watch1,True,5,c,1784880769733,
1784880770204,watch2,78,72,6,6,playing,watch1,attack_challenge,,watch1,False,5,c,1784880769733,
1784880771268,watch1,76,71,5,5,playing,watch1,attack_challenge,,watch1,True,5,c,1784880770452,
1784880771268,watch2,77,72,5,5,playing,watch1,attack_challenge,,watch1,False,5,c,1784880770875,
1784880772351,watch1,76,71,5,5,playing,watch1,attack_challenge,,watch1,True,5,c,1784880771972,
1784880772351,watch2,76,72,4,4,playing,watch1,attack_challenge,,watch1,False,5,c,1784880771704,
1784880773426,watch1,76,71,5,5,playing,watch1,attack_challenge,,watch1,True,5,c,1784880773038,
1784880773426,watch2,76,72,4,4,playing,watch1,attack_challenge,,watch1,False,5,c,1784880773038,
1784880774506,watch1,76,71,5,5,playing,watch1,attack_challenge,,watch1,True,5,c,1784880774155,
1784880774506,watch2,76,72,4,4,playing,watch1,attack_challenge,,watch1,False,5,c,1784880774155,
1784880775584,watch1,76,71,5,5,playing,watch1,attack_challenge,,watch1,True,5,c,1784880775267,
1784880775584,watch2,77,72,5,5,playing,watch1,attack_challenge,,watch1,False,5,c,1784880774737,
1784880776662,watch1,77,71,6,6,playing,watch1,attack_challenge,,watch1,True,5,c,1784880776487,
1784880776662,watch2,77,72,5,5,playing,watch1,attack_challenge,,watch1,False,5,c,1784880776323,
1784880777747,watch1,77,71,6,6,playing,watch1,attack_challenge,,watch1,True,5,c,1784880776487,
1784880777747,watch2,77,72,5,5,playing,watch1,attack_challenge,,watch1,False,5,c,1784880777454,
1784880778891,watch1,77,71,6,6,playing,watch1,attack_challenge,,watch1,True,5,c,1784880778503,
1784880778891,watch2,79,72,7,7,playing,watch1,attack_challenge,,watch1,False,5,c,1784880778751,
1784880779969,watch1,78,71,7,7,playing,watch1,attack_challenge,,watch1,True,5,a,1784880779690,
1784880779969,watch2,80,72,8,8,playing,watch1,attack_challenge,,watch1,False,5,a,1784880779789,
1784880781055,watch1,78,71,7,7,playing,watch1,attack_challenge,,watch1,True,5,a,1784880780742,
1784880781055,watch2,80,72,8,8,playing,watch1,attack_challenge,,watch1,False,5,a,1784880779789,
1784880782135,watch1,80,71,9,9,playing,watch1,attack_challenge,,watch1,True,5,a,1784880781791,
1784880782135,watch2,80,72,8,8,playing,watch1,attack_challenge,,watch1,False,5,a,1784880781791,
1784880783219,watch1,80,71,9,9,playing,watch1,attack_challenge,,watch1,True,5,a,1784880782948,
1784880783219,watch2,80,72,8,8,playing,watch1,attack_challenge,,watch1,False,5,a,1784880782948,
1784880784811,watch1,79,71,8,8,playing,watch1,attack_challenge,,watch1,True,5,c,1784880784694,
1784880784811,watch2,80,72,8,8,playing,watch1,attack_challenge,,watch1,False,5,c,1784880784070,
1784880785885,watch1,79,71,8,8,playing,watch1,attack_challenge,,watch1,True,5,c,1784880785694,
1784880785885,watch2,80,72,8,8,playing,watch1,attack_challenge,,watch1,False,5,c,1784880785694,
1784880787044,watch1,79,71,8,8,playing,watch1,attack_challenge,,watch1,True,5,c,1784880786801,
1784880787044,watch2,80,72,8,8,playing,watch1,attack_challenge,,watch1,False,5,c,1784880786801,
1784880788125,watch1,79,71,8,8,playing,watch1,attack_challenge,,watch1,True,5,c,1784880787903,
1784880788125,watch2,80,72,8,8,playing,watch1,attack_challenge,,watch1,False,5,c,1784880787903,
1784880789200,watch1,79,71,8,8,playing,watch1,attack_challenge,,watch1,True,5,c,1784880789055,
1784880789200,watch2,79,72,7,7,playing,watch1,attack_challenge,,watch1,False,5,c,1784880788836,
1784880790278,watch1,78,71,7,7,playing,watch1,attack_challenge,,watch1,True,5,a,1784880789645,
1784880790278,watch2,79,72,7,7,playing,watch1,attack_challenge,,watch1,False,5,a,1784880790104,
1784880791363,watch1,78,71,7,7,playing,watch1,attack_challenge,,watch1,True,5,a,1784880791154,
1784880791363,watch2,78,72,6,6,playing,watch1,attack_challenge,,watch1,False,5,a,1784880790834,
1784880792447,watch1,78,71,7,7,playing,watch1,attack_challenge,,watch1,True,5,a,1784880792201,
1784880792447,watch2,78,72,6,6,playing,watch1,attack_challenge,,watch1,False,5,a,1784880792201,
1784880793563,watch1,78,71,7,7,playing,watch1,attack_challenge,,watch1,True,5,a,1784880793399,
1784880793563,watch2,78,72,6,6,playing,watch1,attack_challenge,,watch1,False,5,a,1784880793399,
1784880794649,watch1,77,71,6,6,playing,watch1,attack_challenge,,watch1,True,5,a,1784880793711,
1784880794649,watch2,77,72,5,5,playing,watch1,attack_challenge,,watch1,False,5,a,1784880793884,
1784880795728,watch1,77,71,6,6,playing,watch1,attack_challenge,,watch1,True,5,c,1784880795512,
1784880795728,watch2,77,72,5,5,playing,watch1,attack_challenge,,watch1,False,5,c,1784880795512,
1784880796810,watch1,76,71,5,5,playing,watch1,attack_challenge,,watch1,True,5,c,1784880795733,
1784880796810,watch2,76,72,4,4,playing,watch1,attack_challenge,,watch1,False,5,c,1784880795910,
1784880797888,watch1,76,71,5,5,playing,watch1,attack_challenge,,watch1,True,5,c,1784880797614,
1784880797888,watch2,76,72,4,4,playing,watch1,attack_challenge,,watch1,False,5,c,1784880797614,
1784880799009,watch1,76,71,5,5,playing,watch1,attack_challenge,,watch1,True,5,c,1784880798783,
1784880799009,watch2,75,72,3,3,playing,watch1,attack_challenge,,watch1,False,5,c,1784880798934,
1784880800094,watch1,76,71,5,5,playing,watch1,attack_challenge,,watch1,True,5,c,1784880799888,
1784880800094,watch2,75,72,3,3,playing,watch1,attack_challenge,,watch1,False,5,c,1784880798934,
1784880801206,watch1,76,71,5,5,playing,watch1,attack_challenge,,watch1,True,5,c,1784880800981,
1784880801206,watch2,75,72,3,3,playing,watch1,attack_challenge,,watch1,False,5,c,1784880800981,
1784880802283,watch1,75,71,4,4,playing,watch1,attack_challenge,,watch1,True,5,a,1784880801796,
1784880802283,watch2,74,72,2,2,playing,watch1,attack_challenge,,watch1,False,5,a,1784880802155,
1784880803368,watch1,75,71,4,4,playing,watch1,attack_challenge,,watch1,True,5,c,1784880803203,
1784880803368,watch2,73,72,1,1,playing,watch1,attack_challenge,,watch1,False,5,c,1784880802997,
1784880804448,watch1,74,71,3,3,playing,watch1,attack_challenge,,watch1,True,5,c,1784880803847,
1784880804448,watch2,73,72,1,1,playing,watch1,attack_challenge,,watch1,False,5,c,1784880804251,
1784880806281,watch1,73,71,2,2,playing,watch1,attack_challenge,,watch1,True,5,a,1784880804879,
1784880806281,watch2,73,72,1,1,playing,watch1,attack_challenge,,watch1,False,5,a,1784880805297,
1784880807390,watch1,73,71,2,2,playing,watch1,attack_challenge,,watch1,True,5,a,1784880807229,
1784880807390,watch2,73,72,1,1,playing,watch1,attack_challenge,,watch1,False,5,a,1784880807229,
1784880808565,watch1,73,71,2,2,playing,watch1,attack_challenge,,watch1,True,5,c,1784880808341,
1784880808565,watch2,73,72,1,1,playing,watch1,attack_challenge,,watch1,False,5,c,1784880808341,
1784880809648,watch1,74,71,3,3,playing,watch1,attack_challenge,,watch1,True,5,a,1784880808910,
1784880809648,watch2,74,72,2,2,playing,watch1,attack_challenge,,watch1,False,5,a,1784880809046,
1784880810727,watch1,74,71,3,3,playing,watch1,attack_challenge,,watch1,True,5,a,1784880810526,
1784880810727,watch2,75,72,3,3,playing,watch1,attack_challenge,,watch1,False,5,a,1784880809996,
1784880811804,watch1,75,71,4,4,playing,watch1,attack_challenge,,watch1,True,5,a,1784880810948,
1784880811804,watch2,75,72,3,3,playing,watch1,attack_challenge,,watch1,False,5,a,1784880811574,
1784880812884,watch1,75,71,4,4,playing,watch1,attack_challenge,,watch1,True,5,a,1784880812625,
1784880812884,watch2,75,72,3,3,playing,watch1,attack_challenge,,watch1,False,5,a,1784880812625,
1784880813969,watch1,76,71,5,5,playing,watch1,attack_challenge,,watch1,True,5,a,1784880812995,
1784880813969,watch2,75,72,3,3,playing,watch1,attack_challenge,,watch1,False,5,a,1784880813728,
1784880815067,watch1,76,71,5,5,playing,watch1,attack_challenge,,watch1,True,5,a,1784880814819,
1784880815067,watch2,75,72,3,3,playing,watch1,attack_challenge,,watch1,False,5,a,1784880814819,
1784880816150,watch1,76,71,5,5,playing,watch1,attack_challenge,,watch1,True,5,a,1784880815960,
1784880816150,watch2,75,72,3,3,playing,watch1,attack_challenge,,watch1,False,5,a,1784880815960,
1784880817230,watch1,75,71,4,4,playing,watch1,attack_challenge,,watch1,True,5,a,1784880817010,
1784880817230,watch2,75,72,3,3,playing,watch1,attack_challenge,,watch1,False,5,a,1784880817092,
1784880818366,watch1,75,71,4,4,playing,watch1,attack_challenge,,watch1,True,5,a,1784880818161,
1784880818366,watch2,75,72,3,3,playing,watch1,attack_challenge,,watch1,False,5,a,1784880818161,
1784880819568,watch1,75,71,4,4,playing,watch1,attack_challenge,,watch1,True,5,a,1784880819311,
1784880819568,watch2,75,72,3,3,playing,watch1,attack_challenge,,watch1,False,5,a,1784880819311,
1784880820693,watch1,75,71,4,4,playing,watch1,attack_challenge,,watch1,True,5,a,1784880820527,
1784880820693,watch2,75,72,3,3,playing,watch1,attack_challenge,,watch1,False,5,a,1784880820527,
1784880821830,watch1,75,71,4,4,playing,watch1,attack_challenge,,watch1,True,5,a,1784880821639,
1784880821830,watch2,75,72,3,3,playing,watch1,attack_challenge,,watch1,False,5,a,1784880821639,
1784880822949,watch1,75,71,4,4,playing,watch1,attack_challenge,,watch1,True,5,a,1784880822789,
1784880822949,watch2,75,72,3,3,playing,watch1,attack_challenge,,watch1,False,5,a,1784880822789,
1784880824062,watch1,75,71,4,4,playing,watch1,attack_challenge,,watch1,True,5,a,1784880823899,
1784880824062,watch2,75,72,3,3,playing,watch1,attack_challenge,,watch1,False,5,a,1784880823899,
1784880825215,watch1,75,71,4,4,playing,watch1,attack_challenge,,watch1,True,5,a,1784880825009,
1784880825215,watch2,75,72,3,3,playing,watch1,attack_challenge,,watch1,False,5,a,1784880825009,
1784880826343,watch1,75,71,4,4,playing,watch1,attack_challenge,,watch1,True,5,a,1784880826173,
1784880826343,watch2,75,72,3,3,playing,watch1,attack_challenge,,watch1,False,5,a,1784880826173,
1784880827513,watch1,75,71,4,4,playing,watch1,attack_challenge,,watch1,True,5,a,1784880827283,
1784880827513,watch2,75,72,3,3,playing,watch1,attack_challenge,,watch1,False,5,a,1784880827283,
1784880828624,watch1,75,71,4,4,playing,watch1,attack_challenge,,watch1,True,5,a,1784880828463,
1784880828624,watch2,75,72,3,3,playing,watch1,attack_challenge,,watch1,False,5,a,1784880828463,
1784880829743,watch1,75,71,4,4,playing,watch1,attack_challenge,,watch1,True,5,c,1784880829573,
1784880829743,watch2,75,72,3,3,playing,watch1,attack_challenge,,watch1,False,5,c,1784880829573,
1784880830885,watch1,75,71,4,4,playing,watch1,attack_challenge,,watch1,True,5,c,1784880830686,
1784880830885,watch2,75,72,3,3,playing,watch1,attack_challenge,,watch1,False,5,c,1784880830686,
1784880832033,watch1,75,71,4,4,playing,watch1,attack_challenge,,watch1,True,5,c,1784880831842,
1784880832033,watch2,75,72,3,3,playing,watch1,attack_challenge,,watch1,False,5,c,1784880831842,
1784880833140,watch1,75,71,4,4,playing,watch1,attack_challenge,,watch1,True,5,c,1784880832959,
1784880833140,watch2,75,72,3,3,playing,watch1,attack_challenge,,watch1,False,5,c,1784880832959,
1784880834248,watch1,75,71,4,4,playing,watch1,attack_challenge,,watch1,True,5,c,1784880834086,
1784880834248,watch2,75,72,3,3,playing,watch1,attack_challenge,,watch1,False,5,c,1784880834086,
1784880835418,watch1,75,71,4,4,playing,watch1,attack_challenge,,watch1,True,5,c,1784880835196,
1784880835418,watch2,75,72,3,3,playing,watch1,attack_challenge,,watch1,False,5,c,1784880835196,
1784880836504,watch1,75,71,4,4,playing,watch1,attack_challenge,,watch1,True,5,c,1784880836367,
1784880836504,watch2,76,72,4,4,playing,watch1,attack_challenge,,watch1,False,5,c,1784880836052,
1784880837616,watch1,75,71,4,4,playing,watch1,attack_challenge,,watch1,True,5,c,1784880837455,
1784880837616,watch2,76,72,4,4,playing,watch1,attack_challenge,,watch1,False,5,c,1784880837455,
1784880838688,watch1,76,71,5,5,playing,watch1,attack_challenge,,watch1,True,5,a,1784880838150,
1784880838688,watch2,77,72,5,5,playing,watch1,attack_challenge,,watch1,False,5,a,1784880838065,
1784880839761,watch1,76,71,5,5,playing,watch1,attack_challenge,,watch1,True,5,c,1784880839567,
1784880839761,watch2,77,72,5,5,playing,watch1,attack_challenge,,watch1,False,5,c,1784880839567,
1784880840840,watch1,76,71,5,5,playing,watch1,attack_challenge,,watch1,True,5,c,1784880840681,
1784880840840,watch2,78,72,6,6,playing,watch1,attack_challenge,,watch1,False,5,c,1784880840073,
1784880841918,watch1,76,71,5,5,playing,watch1,attack_challenge,,watch1,True,5,c,1784880841777,
1784880841918,watch2,77,72,5,5,playing,watch1,attack_challenge,,watch1,False,5,c,1784880841103,
1784880843055,watch1,76,71,5,5,playing,watch1,attack_challenge,,watch1,True,5,c,1784880842866,
1784880843055,watch2,77,72,5,5,playing,watch1,attack_challenge,,watch1,False,5,c,1784880842866,
1784880844170,watch1,76,71,5,5,playing,watch1,attack_challenge,,watch1,True,5,c,1784880843987,
1784880844170,watch2,77,72,5,5,playing,watch1,attack_challenge,,watch1,False,5,c,1784880843987,
1784880845313,watch1,76,71,5,5,playing,watch1,attack_challenge,,watch1,True,5,c,1784880845119,
1784880845313,watch2,77,72,5,5,playing,watch1,attack_challenge,,watch1,False,5,c,1784880845119,
1784880846395,watch1,76,71,5,5,playing,watch1,attack_challenge,,watch1,True,5,c,1784880846273,
1784880846395,watch2,76,72,4,4,playing,watch1,attack_challenge,,watch1,False,5,c,1784880846127,
1784880847803,watch1,76,71,5,5,playing,watch1,attack_challenge,,watch1,True,5,c,1784880847328,
1784880847803,watch2,76,72,4,4,playing,watch1,attack_challenge,,watch1,False,5,c,1784880847328,
1784880848940,watch1,76,71,5,5,playing,watch1,attack_challenge,,watch1,True,5,c,1784880848751,
1784880848940,watch2,76,72,4,4,playing,watch1,attack_challenge,,watch1,False,5,c,1784880848751,
1784880850093,watch1,76,71,5,5,playing,watch1,attack_challenge,,watch1,True,5,c,1784880849899,
1784880850093,watch2,76,72,4,4,playing,watch1,attack_challenge,,watch1,False,5,c,1784880849899,
1784880851263,watch1,76,71,5,5,playing,watch1,attack_challenge,,watch1,True,5,c,1784880851020,
1784880851263,watch2,76,72,4,4,playing,watch1,attack_challenge,,watch1,False,5,c,1784880851020,
1784880852368,watch1,76,71,5,5,playing,watch1,attack_challenge,,watch1,True,5,c,1784880852171,
1784880852368,watch2,76,72,4,4,playing,watch1,attack_challenge,,watch1,False,5,c,1784880852171,
1784880853448,watch1,76,71,5,5,playing,watch1,attack_challenge,,watch1,True,5,c,1784880853279,
1784880853448,watch2,76,72,4,4,playing,watch1,attack_challenge,,watch1,False,5,c,1784880853279,
1784880854526,watch1,76,71,5,5,playing,watch1,attack_challenge,,watch1,True,5,c,1784880854392,
1784880854526,watch2,75,72,3,3,playing,watch1,attack_challenge,,watch1,False,5,c,1784880854191,
1784880855607,watch1,76,71,5,5,playing,watch1,attack_challenge,,watch1,True,5,c,1784880855442,
1784880855607,watch2,75,72,3,3,playing,watch1,attack_challenge,,watch1,False,5,c,1784880855442,
1784880856778,watch1,76,71,5,5,playing,watch1,attack_challenge,,watch1,True,5,c,1784880856546,
1784880856778,watch2,75,72,3,3,playing,watch1,attack_challenge,,watch1,False,5,c,1784880856546,
1784880857864,watch1,75,71,4,4,playing,watch1,attack_challenge,,watch1,True,5,a,1784880857279,
1784880857864,watch2,75,72,3,3,playing,watch1,attack_challenge,,watch1,False,5,a,1784880857738,
1784880858951,watch1,75,71,4,4,playing,watch1,attack_challenge,,watch1,True,5,a,1784880858794,
1784880858951,watch2,75,72,3,3,playing,watch1,attack_challenge,,watch1,False,5,a,1784880858794,
1784880860093,watch1,75,71,4,4,playing,watch1,attack_challenge,,watch1,True,5,c,1784880859899,
1784880860093,watch2,75,72,3,3,playing,watch1,attack_challenge,,watch1,False,5,c,1784880859899,
1784880861199,watch1,75,71,4,4,playing,watch1,attack_challenge,,watch1,True,5,c,1784880861030,
1784880861199,watch2,75,72,3,3,playing,watch1,attack_challenge,,watch1,False,5,c,1784880861030,
1784880862365,watch1,74,71,3,3,playing,watch1,attack_challenge,,watch1,True,5,c,1784880861325,
1784880862365,watch2,74,72,2,2,playing,watch1,attack_challenge,,watch1,False,5,c,1784880862228,
1784880863444,watch1,74,71,3,3,playing,watch1,attack_challenge,,watch1,True,5,c,1784880863228,
1784880863444,watch2,74,72,2,2,playing,watch1,attack_challenge,,watch1,False,5,c,1784880863228,
1784880864540,watch1,74,71,3,3,playing,watch1,attack_challenge,,watch1,True,5,c,1784880864339,
1784880864540,watch2,74,72,2,2,playing,watch1,attack_challenge,,watch1,False,5,c,1784880864339,
1784880865659,watch1,74,71,3,3,playing,watch1,attack_challenge,,watch1,True,5,c,1784880865488,
1784880865659,watch2,74,72,2,2,playing,watch1,attack_challenge,,watch1,False,5,c,1784880865488,
1784880866786,watch1,74,71,3,3,playing,watch1,attack_challenge,,watch1,True,5,c,1784880866604,
1784880866786,watch2,74,72,2,2,playing,watch1,attack_challenge,,watch1,False,5,c,1784880866604,
1784880867948,watch1,74,71,3,3,playing,watch1,attack_challenge,,watch1,True,5,c,1784880867734,
1784880867948,watch2,74,72,2,2,playing,watch1,attack_challenge,,watch1,False,5,c,1784880867734,
1784880869049,watch1,74,71,3,3,playing,watch1,attack_challenge,,watch1,True,5,c,1784880868907,
1784880869049,watch2,73,72,1,1,playing,watch1,attack_challenge,,watch1,False,5,c,1784880868273,
1784880870172,watch1,74,71,3,3,playing,watch1,attack_challenge,,watch1,True,5,c,1784880869957,
1784880870172,watch2,73,72,1,1,playing,watch1,attack_challenge,,watch1,False,5,c,1784880869957,
1784880871249,watch1,74,71,3,3,playing,watch1,attack_challenge,,watch1,True,5,c,1784880871119,
1784880871249,watch2,74,72,2,2,playing,watch1,attack_challenge,,watch1,False,5,c,1784880870258,
1784880872380,watch1,74,71,3,3,playing,watch1,attack_challenge,,watch1,True,5,c,1784880872171,
1784880872380,watch2,74,72,2,2,playing,watch1,attack_challenge,,watch1,False,5,c,1784880872171,
1784880873522,watch1,75,71,4,4,playing,watch1,attack_challenge,,watch1,True,5,c,1784880872422,
1784880873522,watch2,74,72,2,2,playing,watch1,attack_challenge,,watch1,False,5,c,1784880873323,
1784880877955,watch1,75,71,4,4,playing,watch1,attack_challenge,,watch1,True,5,c,1784880874472,
1784880877955,watch2,75,72,3,3,playing,watch1,attack_challenge,,watch1,False,5,c,1784880874472,
1784880879151,watch1,75,71,4,4,playing,watch1,attack_challenge,,watch1,True,5,c,1784880878943,
1784880879151,watch2,76,72,4,4,playing,watch1,attack_challenge,,watch1,False,5,c,1784880878296,
1784880880293,watch1,75,71,4,4,playing,watch1,attack_challenge,,watch1,True,5,c,1784880880083,
1784880880293,watch2,76,72,4,4,playing,watch1,attack_challenge,,watch1,False,5,c,1784880880083,
1784880881379,watch1,76,71,5,5,playing,watch1,attack_challenge,,watch1,True,5,c,1784880880486,
1784880881379,watch2,76,72,4,4,playing,watch1,attack_challenge,,watch1,False,5,c,1784880881240,
1784880882482,watch1,76,71,5,5,playing,watch1,attack_challenge,,watch1,True,5,c,1784880882294,
1784880882482,watch2,76,72,4,4,playing,watch1,attack_challenge,,watch1,False,5,c,1784880882294,
1784880883592,watch1,76,71,5,5,playing,watch1,attack_challenge,,watch1,True,5,c,1784880883427,
1784880883592,watch2,76,72,4,4,playing,watch1,attack_challenge,,watch1,False,5,c,1784880883427,
1784880884759,watch1,76,71,5,5,playing,watch1,attack_challenge,,watch1,True,5,c,1784880884541,
1784880884759,watch2,76,72,4,4,playing,watch1,attack_challenge,,watch1,False,5,c,1784880884541,
1784880885839,watch1,77,71,6,6,playing,watch1,attack_challenge,,watch1,True,5,c,1784880885538,
1784880885839,watch2,77,72,5,5,playing,watch1,attack_challenge,,watch1,False,5,c,1784880885338,
1784880886920,watch1,77,71,6,6,playing,watch1,attack_challenge,,watch1,True,5,c,1784880886719,
1784880886920,watch2,77,72,5,5,playing,watch1,attack_challenge,,watch1,False,5,c,1784880886719,
1784880888032,watch1,77,71,6,6,playing,watch1,attack_challenge,,watch1,True,5,c,1784880887829,
1784880888032,watch2,77,72,5,5,playing,watch1,attack_challenge,,watch1,False,5,c,1784880887829,
1784880889171,watch1,77,71,6,6,playing,watch1,attack_challenge,,watch1,True,5,c,1784880888972,
1784880889171,watch2,77,72,5,5,playing,watch1,attack_challenge,,watch1,False,5,c,1784880888972,
1784880890299,watch1,77,71,6,6,playing,watch1,attack_challenge,,watch1,True,5,c,1784880890099,
1784880890299,watch2,77,72,5,5,playing,watch1,attack_challenge,,watch1,False,5,c,1784880890099,
1784880891413,watch1,77,71,6,6,playing,watch1,attack_challenge,,watch1,True,5,c,1784880891247,
1784880891413,watch2,77,72,5,5,playing,watch1,attack_challenge,,watch1,False,5,c,1784880891247,
1784880892533,watch1,77,71,6,6,playing,watch1,attack_challenge,,watch1,True,5,c,1784880892362,
1784880892533,watch2,77,72,5,5,playing,watch1,attack_challenge,,watch1,False,5,c,1784880892362,
1784880893676,watch1,77,71,6,6,playing,watch1,attack_challenge,,watch1,True,5,c,1784880893480,
1784880893676,watch2,77,72,5,5,playing,watch1,attack_challenge,,watch1,False,5,c,1784880893480,
1784880894759,watch1,77,71,6,6,playing,watch1,attack_challenge,,watch1,True,5,c,1784880894633,
1784880894759,watch2,78,72,6,6,playing,watch1,attack_challenge,,watch1,False,5,c,1784880894378,
1784880895925,watch1,78,71,7,7,playing,watch1,attack_challenge,,watch1,True,5,a,1784880895627,
1784880895925,watch2,78,72,6,6,playing,watch1,attack_challenge,,watch1,False,5,a,1784880895689,
1784880897069,watch1,78,71,7,7,playing,watch1,attack_challenge,,watch1,True,5,a,1784880896871,
1784880897069,watch2,78,72,6,6,playing,watch1,attack_challenge,,watch1,False,5,a,1784880896871,
1784880898152,watch1,79,71,8,8,playing,watch1,attack_challenge,,watch1,True,5,a,1784880897663,
1784880898152,watch2,79,72,7,7,playing,watch1,attack_challenge,,watch1,False,5,a,1784880897404,
1784880899232,watch1,79,71,8,8,playing,watch1,attack_challenge,,watch1,True,5,a,1784880898988,
1784880899232,watch2,79,72,7,7,playing,watch1,attack_challenge,,watch1,False,5,a,1784880898988,
1784880900317,watch1,79,71,8,8,playing,watch1,attack_challenge,,watch1,True,5,c,1784880900117,
1784880900317,watch2,79,72,7,7,playing,watch1,attack_challenge,,watch1,False,5,c,1784880900117,
1784880901544,watch1,79,71,8,8,playing,watch1,attack_challenge,,watch1,True,5,c,1784880901225,
1784880901544,watch2,78,72,6,6,playing,watch1,attack_challenge,,watch1,False,5,c,1784880901456,
1784880902653,watch1,78,71,7,7,playing,watch1,attack_challenge,,watch1,True,5,a,1784880901727,
1784880902653,watch2,78,72,6,6,playing,watch1,attack_challenge,,watch1,False,5,a,1784880901456,
1784880903734,watch1,78,71,7,7,playing,watch1,attack_challenge,,watch1,True,5,a,1784880903459,
1784880903734,watch2,78,72,6,6,playing,watch1,attack_challenge,,watch1,False,5,a,1784880903459,
1784880904857,watch1,78,71,7,7,playing,watch1,attack_challenge,,watch1,True,5,a,1784880904685,
1784880904857,watch2,77,72,5,5,playing,watch1,attack_challenge,,watch1,False,5,a,1784880904685,
1784880905983,watch1,78,71,7,7,playing,watch1,attack_challenge,,watch1,True,5,c,1784880905806,
1784880905983,watch2,77,72,5,5,playing,watch1,attack_challenge,,watch1,False,5,c,1784880905806,
1784880907179,watch1,78,71,7,7,playing,watch1,attack_challenge,,watch1,True,5,c,1784880906933,
1784880907179,watch2,77,72,5,5,playing,watch1,attack_challenge,,watch1,False,5,c,1784880906933,
1784880908354,watch1,78,71,7,7,playing,watch1,attack_challenge,,watch1,True,5,c,1784880908140,
1784880908354,watch2,77,72,5,5,playing,watch1,attack_challenge,,watch1,False,5,c,1784880908140,
1784880909441,watch1,78,71,7,7,playing,watch1,attack_challenge,,watch1,True,5,c,1784880909297,
1784880909441,watch2,79,72,7,7,playing,watch1,attack_challenge,,watch1,False,5,c,1784880908481,
1784880910525,watch1,78,71,7,7,playing,watch1,attack_challenge,,watch1,True,5,c,1784880910355,
1784880910525,watch2,79,72,7,7,playing,watch1,attack_challenge,,watch1,False,5,c,1784880910355,
1784880911665,watch1,80,71,9,9,playing,watch1,attack_challenge,,watch1,True,5,a,1784880910787,
1784880911665,watch2,81,72,9,9,playing,watch1,attack_challenge,,watch1,False,5,a,1784880911526,
1784880912906,watch1,81,71,10,10,playing,watch1,attack_challenge,,watch1,True,5,c,1784880912841,
1784880912906,watch2,81,72,9,9,playing,watch1,attack_challenge,,watch1,False,5,c,1784880912527,
1784880914006,watch1,81,71,10,10,playing,watch1,attack_challenge,,watch1,True,5,c,1784880912841,
1784880914006,watch2,81,72,9,9,playing,watch1,attack_challenge,,watch1,False,5,c,1784880913530,
1784880915106,watch1,81,71,10,10,playing,watch1,attack_challenge,,watch1,True,5,c,1784880914835,
1784880915106,watch2,81,72,9,9,playing,watch1,attack_challenge,,watch1,False,5,c,1784880914835,
1784880916190,watch1,81,71,10,10,playing,watch1,attack_challenge,,watch1,True,5,c,1784880915944,
1784880916190,watch2,80,72,8,8,playing,watch1,attack_challenge,,watch1,False,5,c,1784880915541,
1784880917283,watch1,81,71,10,10,playing,watch1,attack_challenge,,watch1,True,5,c,1784880916996,
1784880917283,watch2,80,72,8,8,playing,watch1,attack_challenge,,watch1,False,5,c,1784880916996,
1784880918374,watch1,81,71,10,10,playing,watch1,attack_challenge,,watch1,True,5,c,1784880918158,
1784880918374,watch2,80,72,8,8,playing,watch1,attack_challenge,,watch1,False,5,c,1784880918158,
1784880919457,watch1,81,71,10,10,playing,watch1,attack_challenge,,watch1,True,5,c,1784880919276,
1784880919457,watch2,81,72,9,9,playing,watch1,attack_challenge,,watch1,False,5,c,1784880918601,
1784880920540,watch1,81,71,10,10,playing,watch1,attack_challenge,,watch1,True,5,c,1784880920372,
1784880920540,watch2,81,72,9,9,playing,watch1,attack_challenge,,watch1,False,5,c,1784880920372,
1784880921659,watch1,81,71,10,10,playing,watch1,attack_challenge,,watch1,True,5,c,1784880921486,
1784880921659,watch2,81,72,9,9,playing,watch1,attack_challenge,,watch1,False,5,c,1784880921486,
1784880922747,watch1,82,71,11,11,playing,watch1,attack_challenge,,watch1,True,5,a,1784880921863,
1784880922747,watch2,81,72,9,9,playing,watch1,attack_challenge,,watch1,False,5,a,1784880922607,
1784880923892,watch1,82,71,11,11,playing,watch1,attack_challenge,,watch1,True,5,c,1784880923659,
1784880923892,watch2,81,72,9,9,playing,watch1,attack_challenge,,watch1,False,5,c,1784880923659,
1784880925008,watch1,81,71,10,10,playing,watch1,attack_challenge,,watch1,True,5,c,1784880923910,
1784880925008,watch2,81,72,9,9,playing,watch1,attack_challenge,,watch1,False,5,c,1784880924839,
1784880926117,watch1,80,71,9,9,playing,watch1,attack_challenge,,watch1,True,5,c,1784880925956,
1784880926117,watch2,80,72,8,8,playing,watch1,attack_challenge,,watch1,False,5,c,1784880925593,
1784880927201,watch1,80,71,9,9,playing,watch1,attack_challenge,,watch1,True,5,c,1784880926956,
1784880927201,watch2,79,72,7,7,playing,watch1,attack_challenge,,watch1,False,5,c,1784880926627,
1784880928288,watch1,79,71,8,8,playing,watch1,attack_challenge,,watch1,True,5,c,1784880927974,
1784880928288,watch2,79,72,7,7,playing,watch1,attack_challenge,,watch1,False,5,c,1784880928021,
1784880929385,watch1,79,71,8,8,playing,watch1,attack_challenge,,watch1,True,5,c,1784880929132,
1784880929385,watch2,79,72,7,7,playing,watch1,attack_challenge,,watch1,False,5,c,1784880929132,
1784880930472,watch1,78,71,7,7,playing,watch1,attack_challenge,,watch1,True,5,c,1784880930013,
1784880930472,watch2,78,72,6,6,playing,watch1,attack_challenge,,watch1,False,5,c,1784880929627,
1784880931561,watch1,78,71,7,7,playing,watch1,attack_challenge,,watch1,True,5,c,1784880931297,
1784880931561,watch2,78,72,6,6,playing,watch1,attack_challenge,,watch1,False,5,c,1784880931297,
1784880932648,watch1,77,71,6,6,playing,watch1,attack_challenge,,watch1,True,5,c,1784880932022,
1784880932648,watch2,78,72,6,6,playing,watch1,attack_challenge,,watch1,False,5,c,1784880932427,
1784880933752,watch1,77,71,6,6,playing,watch1,attack_challenge,,watch1,True,5,c,1784880933527,
1784880933752,watch2,77,72,5,5,playing,watch1,attack_challenge,,watch1,False,5,c,1784880932669,
1784880934841,watch1,77,71,6,6,playing,watch1,attack_challenge,,watch1,True,5,c,1784880934587,
1784880934841,watch2,77,72,5,5,playing,watch1,attack_challenge,,watch1,False,5,c,1784880934587,
1784880935929,watch1,77,71,6,6,playing,watch1,attack_challenge,,watch1,True,5,c,1784880935756,
1784880935929,watch2,77,72,5,5,playing,watch1,attack_challenge,,watch1,False,5,c,1784880935756,
1784880937068,watch1,77,71,6,6,playing,watch1,attack_challenge,,watch1,True,5,c,1784880936866,
1784880937068,watch2,77,72,5,5,playing,watch1,attack_challenge,,watch1,False,5,c,1784880936866,
1784880938158,watch1,77,71,6,6,playing,watch1,attack_challenge,,watch1,True,5,c,1784880937995,
1784880938158,watch2,76,72,4,4,playing,watch1,attack_challenge,,watch1,False,5,c,1784880937671,
1784880939267,watch1,77,71,6,6,playing,watch1,attack_challenge,,watch1,True,5,c,1784880939102,
1784880939267,watch2,76,72,4,4,playing,watch1,attack_challenge,,watch1,False,5,c,1784880939102,
1784880940365,watch1,76,71,5,5,playing,watch1,attack_challenge,,watch1,True,5,c,1784880940105,
1784880940365,watch2,76,72,4,4,playing,watch1,attack_challenge,,watch1,False,5,c,1784880940217,
1784880941457,watch1,76,71,5,5,playing,watch1,attack_challenge,,watch1,True,5,c,1784880941278,
1784880941457,watch2,76,72,4,4,playing,watch1,attack_challenge,,watch1,False,5,c,1784880941278,
1784880942566,watch1,76,71,5,5,playing,watch1,attack_challenge,,watch1,True,5,c,1784880942396,
1784880942566,watch2,76,72,4,4,playing,watch1,attack_challenge,,watch1,False,5,c,1784880942396,
1784880943715,watch1,76,71,5,5,playing,watch1,attack_challenge,,watch1,True,5,c,1784880943513,
1784880943715,watch2,76,72,4,4,playing,watch1,attack_challenge,,watch1,False,5,c,1784880943513,
1784880944852,watch1,76,71,5,5,playing,watch1,attack_challenge,,watch1,True,5,c,1784880944672,
1784880944852,watch2,76,72,4,4,playing,watch1,attack_challenge,,watch1,False,5,c,1784880944672,
1784880945988,watch1,77,71,6,6,playing,watch1,attack_challenge,,watch1,True,5,a,1784880945144,
1784880945988,watch2,76,72,4,4,playing,watch1,attack_challenge,,watch1,False,5,a,1784880945797,
1784880947102,watch1,77,71,6,6,playing,watch1,attack_challenge,,watch1,True,5,c,1784880946891,
1784880947102,watch2,77,72,5,5,playing,watch1,attack_challenge,,watch1,False,5,c,1784880946706,
1784880948192,watch1,77,71,6,6,playing,watch1,attack_challenge,,watch1,True,5,c,1784880947944,
1784880948192,watch2,77,72,5,5,playing,watch1,attack_challenge,,watch1,False,5,c,1784880947944,
1784880949344,watch1,79,71,8,8,playing,watch1,attack_challenge,,watch1,True,5,c,1784880949203,
1784880949344,watch2,78,72,6,6,playing,watch1,attack_challenge,,watch1,False,5,c,1784880948725,
1784880950434,watch1,79,71,8,8,playing,watch1,attack_challenge,,watch1,True,5,c,1784880949203,
1784880950434,watch2,78,72,6,6,playing,watch1,attack_challenge,,watch1,False,5,c,1784880950172,
1784880951541,watch1,79,71,8,8,playing,watch1,attack_challenge,,watch1,True,5,c,1784880951279,
1784880951541,watch2,78,72,6,6,playing,watch1,attack_challenge,,watch1,False,5,c,1784880951279,
1784880952693,watch1,82,71,11,11,playing,watch1,attack_challenge,,watch1,True,5,a,1784880952490,
1784880952693,watch2,78,72,6,6,playing,watch1,attack_challenge,,watch1,False,5,a,1784880952490,
1784880953875,watch1,82,71,11,11,playing,watch1,attack_challenge,,watch1,True,5,a,1784880953651,
1784880953875,watch2,79,72,7,7,playing,watch1,attack_challenge,,watch1,False,5,a,1784880953768,
1784880954968,watch1,82,71,11,11,playing,watch1,attack_challenge,,watch1,True,5,a,1784880954767,
1784880954968,watch2,80,72,8,8,playing,watch1,attack_challenge,,watch1,False,5,a,1784880954826,
1784880956072,watch1,83,71,12,12,playing,watch1,attack_challenge,,watch1,True,10,a,1784880955294,
1784880956072,watch2,80,72,8,8,playing,watch1,attack_challenge,,watch1,False,10,a,1784880955826,
1784880957163,watch1,83,71,12,12,playing,watch1,attack_challenge,,watch1,True,10,a,1784880956888,
1784880957163,watch2,80,72,8,8,playing,watch1,attack_challenge,,watch1,False,10,a,1784880956888,
1784880958256,watch1,83,71,12,12,playing,watch1,attack_challenge,,watch1,True,10,a,1784880958074,
1784880958256,watch2,81,72,9,9,playing,watch1,attack_challenge,,watch1,False,10,a,1784880957775,
1784880959345,watch1,83,71,12,12,playing,watch1,attack_challenge,,watch1,True,10,a,1784880959126,
1784880959345,watch2,82,72,10,10,playing,watch1,attack_challenge,,watch1,False,10,a,1784880958799,
1784880960439,watch1,82,71,11,11,playing,watch1,attack_challenge,,watch1,True,5,a,1784880960293,
1784880960439,watch2,83,72,11,11,playing,watch1,attack_challenge,,watch1,False,5,a,1784880959811,
1784880961553,watch1,82,71,11,11,playing,watch1,attack_challenge,,watch1,True,5,c,1784880960293,
1784880961553,watch2,83,72,11,11,playing,watch1,attack_challenge,,watch1,False,5,c,1784880961235,
1784880962682,watch1,81,71,10,10,playing,watch1,attack_challenge,,watch1,True,5,c,1784880962318,
1784880962682,watch2,83,72,11,11,playing,watch1,attack_challenge,,watch1,False,5,c,1784880962409,
1784880963795,watch1,81,71,10,10,playing,watch1,attack_challenge,,watch1,True,5,c,1784880963474,
1784880963795,watch2,81,72,9,9,playing,watch1,attack_challenge,,watch1,False,5,c,1784880962821,
1784880964886,watch1,80,71,9,9,playing,watch1,attack_challenge,,watch1,True,5,c,1784880964361,
1784880964886,watch2,80,72,8,8,playing,watch1,attack_challenge,,watch1,False,5,c,1784880963856,
1784880965991,watch1,80,71,9,9,playing,watch1,attack_challenge,,watch1,True,5,c,1784880965542,
1784880965991,watch2,81,72,9,9,playing,watch1,attack_challenge,,watch1,False,5,c,1784880965842,
1784880967131,watch1,80,71,9,9,playing,watch1,attack_challenge,,watch1,True,5,c,1784880966657,
1784880967131,watch2,81,72,9,9,playing,watch1,attack_challenge,,watch1,False,5,c,1784880965842,
1784880968233,watch1,80,71,9,9,playing,watch1,attack_challenge,,watch1,True,5,c,1784880967721,
1784880968233,watch2,81,72,9,9,playing,watch1,attack_challenge,,watch1,False,5,c,1784880967721,
1784880969325,watch1,81,71,10,10,playing,watch1,attack_challenge,,watch1,True,5,c,1784880968418,
1784880969325,watch2,81,72,9,9,playing,watch1,attack_challenge,,watch1,False,5,c,1784880968849,
1784880970418,watch1,81,71,10,10,playing,watch1,attack_challenge,,watch1,True,5,c,1784880969905,
1784880970418,watch2,81,72,9,9,playing,watch1,attack_challenge,,watch1,False,5,c,1784880969905,
1784880971513,watch1,83,71,12,12,playing,watch1,attack_challenge,,watch1,True,5,c,1784880970447,
1784880971513,watch2,83,72,11,11,playing,watch1,attack_challenge,,watch1,False,5,c,1784880971063,
1784880972670,watch1,85,71,14,14,playing,watch1,attack_challenge,,watch1,True,5,a,1784880972463,
1784880972670,watch2,83,72,11,11,playing,watch1,attack_challenge,,watch1,False,5,a,1784880972116,
1784880973763,watch1,85,71,14,14,playing,watch1,attack_challenge,,watch1,True,5,a,1784880972463,
1784880973763,watch2,84,72,12,12,playing,watch1,attack_challenge,,watch1,False,5,a,1784880972883,
1784880974859,watch1,88,71,17,17,playing,watch1,attack_challenge,,watch1,True,10,a,1784880974471,
1784880974859,watch2,82,72,10,10,playing,watch1,attack_challenge,,watch1,False,10,a,1784880973898,
1784880975971,watch1,88,71,17,17,playing,watch1,attack_challenge,,watch1,True,10,a,1784880974471,
1784880975971,watch2,86,72,14,14,playing,watch1,attack_challenge,,watch1,False,10,a,1784880974921,
1784880977243,watch1,88,71,17,17,playing,watch1,attack_challenge,,watch1,True,10,a,1784880976369,
1784880977243,watch2,87,72,15,15,playing,watch1,attack_challenge,,watch1,False,10,a,1784880977096,
1784880978360,watch1,90,71,19,19,playing,watch1,attack_challenge,,watch1,True,10,a,1784880978096,
1784880978360,watch2,86,72,14,14,playing,watch1,attack_challenge,,watch1,False,10,a,1784880977977,
1784880979455,watch1,90,71,19,19,playing,watch1,attack_challenge,,watch1,True,5,c,1784880979158,
1784880979455,watch2,86,72,14,14,playing,watch1,attack_challenge,,watch1,False,5,c,1784880979158,
1784880980553,watch1,87,71,16,16,playing,watch1,attack_challenge,,watch1,True,5,a,1784880979543,
1784880980553,watch2,84,72,12,12,playing,watch1,attack_challenge,,watch1,False,5,a,1784880979961,
1784880981750,watch1,84,71,13,13,playing,watch1,attack_challenge,,watch1,True,5,c,1784880981597,
1784880981750,watch2,84,72,12,12,playing,watch1,attack_challenge,,watch1,False,5,c,1784880981280,
1784880982843,watch1,84,71,13,13,playing,watch1,attack_challenge,,watch1,True,5,c,1784880981597,
1784880982843,watch2,82,72,10,10,playing,watch1,attack_challenge,,watch1,False,5,c,1784880981999,
1784880983935,watch1,81,71,10,10,playing,watch1,attack_challenge,,watch1,True,5,c,1784880983610,
1784880983935,watch2,80,72,8,8,playing,watch1,attack_challenge,,watch1,False,5,c,1784880983019,
1784880985052,watch1,81,71,10,10,playing,watch1,attack_challenge,,watch1,True,5,c,1784880983610,
1784880985052,watch2,79,72,7,7,playing,watch1,attack_challenge,,watch1,False,5,c,1784880984055,
1784880986194,watch1,79,71,8,8,playing,watch1,attack_challenge,,watch1,True,10,c,1784880985627,
1784880986194,watch2,78,72,6,6,playing,watch1,attack_challenge,,watch1,False,10,c,1784880985053,
1784880987296,watch1,79,71,8,8,playing,watch1,attack_challenge,,watch1,True,10,c,1784880985627,
1784880987296,watch2,78,72,6,6,playing,watch1,attack_challenge,,watch1,False,10,c,1784880986551,
1784880988391,watch1,79,71,8,8,playing,watch1,attack_challenge,,watch1,True,10,c,1784880987606,
1784880988391,watch2,78,72,6,6,playing,watch1,attack_challenge,,watch1,False,10,c,1784880987606,
1784880989486,watch1,79,71,8,8,playing,watch1,attack_challenge,,watch1,True,10,c,1784880988725,
1784880989486,watch2,79,72,7,7,playing,watch1,attack_challenge,,watch1,False,10,c,1784880989068,
1784880990580,watch1,79,71,8,8,playing,watch1,attack_challenge,,watch1,True,10,c,1784880989946,
1784880990580,watch2,79,72,7,7,playing,watch1,attack_challenge,,watch1,False,10,c,1784880989068,
1784880992837,watch1,80,71,9,9,playing,watch1,attack_challenge,,watch1,True,5,c,1784880991707,
1784880992837,watch2,80,72,8,8,playing,watch1,attack_challenge,,watch1,False,5,c,1784880992111,
1784880993940,watch1,82,71,11,11,playing,watch1,attack_challenge,,watch1,True,5,c,1784880993729,
1784880993940,watch2,80,72,8,8,playing,watch1,attack_challenge,,watch1,False,5,c,1784880993198,
1784880995081,watch1,82,71,11,11,playing,watch1,attack_challenge,,watch1,True,5,c,1784880993729,
1784880995081,watch2,82,72,10,10,playing,watch1,attack_challenge,,watch1,False,5,c,1784880994148,
1784880996187,watch1,82,71,11,11,playing,watch1,attack_challenge,,watch1,True,5,c,1784880995379,
1784880996187,watch2,82,72,10,10,playing,watch1,attack_challenge,,watch1,False,5,c,1784880995379,
1784880997308,watch1,82,71,11,11,playing,watch1,attack_challenge,,watch1,True,5,c,1784880996492,
1784880997308,watch2,81,72,9,9,playing,watch1,attack_challenge,,watch1,False,5,c,1784880997155,
1784880998409,watch1,82,71,11,11,playing,watch1,attack_challenge,,watch1,True,5,c,1784880997648,
1784880998409,watch2,80,72,8,8,playing,watch1,attack_challenge,,watch1,False,5,c,1784880998185,
1784880999542,watch1,81,71,10,10,playing,watch1,attack_challenge,,watch1,True,5,a,1784880998807,
1784880999542,watch2,80,72,8,8,playing,watch1,attack_challenge,,watch1,False,5,a,1784880998185,
1784881000675,watch1,81,71,10,10,playing,watch1,attack_challenge,,watch1,True,5,a,1784880999807,
1784881000675,watch2,79,72,7,7,playing,watch1,attack_challenge,,watch1,False,5,a,1784881000195,
1784881001772,watch1,79,71,8,8,playing,watch1,attack_challenge,,watch1,True,5,c,1784881000792,
1784881001772,watch2,79,72,7,7,playing,watch1,attack_challenge,,watch1,False,5,c,1784881000195,
1784881002933,watch1,78,71,7,7,playing,watch1,attack_challenge,,watch1,True,5,c,1784881002834,
1784881002933,watch2,78,72,6,6,playing,watch1,attack_challenge,,watch1,False,5,c,1784881002236,
1784881004158,watch1,78,71,7,7,playing,watch1,attack_challenge,,watch1,True,5,c,1784881002834,
1784881004158,watch2,78,72,6,6,playing,watch1,attack_challenge,,watch1,False,5,c,1784881004063,
1784881005302,watch1,77,71,6,6,playing,watch1,attack_challenge,,watch1,True,5,c,1784881004859,
1784881005302,watch2,77,72,5,5,playing,watch1,attack_challenge,,watch1,False,5,c,1784881004251,
1784881006427,watch1,77,71,6,6,playing,watch1,attack_challenge,,watch1,True,5,c,1784881006229,
1784881006427,watch2,77,72,5,5,playing,watch1,attack_challenge,,watch1,False,5,c,1784881006229,
1784881007550,watch1,77,71,6,6,playing,watch1,attack_challenge,,watch1,True,5,c,1784881007375,
1784881007550,watch2,77,72,5,5,playing,watch1,attack_challenge,,watch1,False,5,c,1784881007375,
1784881008753,watch1,77,71,6,6,playing,watch1,attack_challenge,,watch1,True,5,c,1784881008498,
1784881008753,watch2,77,72,5,5,playing,watch1,attack_challenge,,watch1,False,5,c,1784881008498,
1784881009873,watch1,76,71,5,5,playing,watch1,attack_challenge,,watch1,True,5,c,1784881008910,
1784881009873,watch2,77,72,5,5,playing,watch1,attack_challenge,,watch1,False,5,c,1784881009709,
1784881011123,watch1,77,71,6,6,playing,watch1,attack_challenge,,watch1,True,5,c,1784881011006,
1784881011123,watch2,77,72,5,5,playing,watch1,attack_challenge,,watch1,False,5,c,1784881010823,
1784881012236,watch1,77,71,6,6,playing,watch1,attack_challenge,,watch1,True,5,a,1784881011006,
1784881012236,watch2,76,72,4,4,playing,watch1,attack_challenge,,watch1,False,5,a,1784881011269,
1784881013335,watch1,77,71,6,6,playing,watch1,attack_challenge,,watch1,True,5,a,1784881012998,
1784881013335,watch2,77,72,5,5,playing,watch1,attack_challenge,,watch1,False,5,a,1784881012307,
1784881014468,watch1,77,71,6,6,playing,watch1,attack_challenge,,watch1,True,5,a,1784881014055,
1784881014468,watch2,76,72,4,4,playing,watch1,attack_challenge,,watch1,False,5,a,1784881014300,
1784881015620,watch1,77,71,6,6,playing,watch1,attack_challenge,,watch1,True,5,a,1784881015180,
1784881015620,watch2,76,72,4,4,playing,watch1,attack_challenge,,watch1,False,5,a,1784881014300,
1784881016724,watch1,77,71,6,6,playing,watch1,attack_challenge,,watch1,True,5,a,1784881016297,
1784881016724,watch2,76,72,4,4,playing,watch1,attack_challenge,,watch1,False,5,a,1784881016297,
1784881017820,watch1,77,71,6,6,playing,watch1,attack_challenge,,watch1,True,5,a,1784881017511,
1784881017820,watch2,76,72,4,4,playing,watch1,attack_challenge,,watch1,False,5,a,1784881017339,
1784881018918,watch1,77,71,6,6,playing,watch1,attack_challenge,,watch1,True,5,a,1784881018572,
1784881018918,watch2,77,72,5,5,playing,watch1,attack_challenge,,watch1,False,5,a,1784881018364,
1784881020048,watch1,77,71,6,6,playing,watch1,attack_challenge,,watch1,True,5,a,1784881019633,
1784881020048,watch2,77,72,5,5,playing,watch1,attack_challenge,,watch1,False,5,a,1784881019633,
1784881021145,watch1,77,71,6,6,playing,watch1,attack_challenge,,watch1,True,5,a,1784881020749,
1784881021145,watch2,77,72,5,5,playing,watch1,attack_challenge,,watch1,False,5,a,1784881020749,
1784881022244,watch1,77,71,6,6,playing,watch1,attack_challenge,,watch1,True,5,c,1784881021936,
1784881022244,watch2,77,72,5,5,playing,watch1,attack_challenge,,watch1,False,5,c,1784881021936,
1784881023341,watch1,77,71,6,6,playing,watch2,attack_challenge,,watch2,False,10,c,1784881023082,
1784881023341,watch2,77,72,5,5,playing,watch2,attack_challenge,,watch2,True,10,c,1784881023082,
1784881024440,watch1,77,71,6,6,playing,watch2,attack_challenge,,watch2,False,5,c,1784881024248,
1784881024440,watch2,78,72,6,6,playing,watch2,attack_challenge,,watch2,True,5,c,1784881023381,
1784881025537,watch1,77,71,6,6,playing,watch2,attack_challenge,,watch2,False,5,c,1784881025308,
1784881025537,watch2,78,72,6,6,playing,watch2,attack_challenge,,watch2,True,5,c,1784881025308,
1784881026637,watch1,78,71,7,7,playing,watch2,attack_challenge,,watch2,False,5,c,1784881026048,
1784881026637,watch2,78,72,6,6,playing,watch2,attack_challenge,,watch2,True,5,c,1784881026424,
1784881027738,watch1,78,71,7,7,playing,watch2,attack_challenge,,watch2,False,5,c,1784881027478,
1784881027738,watch2,78,72,6,6,playing,watch2,attack_challenge,,watch2,True,5,c,1784881027478,
1784881028837,watch1,78,71,7,7,playing,watch2,attack_challenge,,watch2,False,5,a,1784881028599,
1784881028837,watch2,77,72,5,5,playing,watch2,attack_challenge,,watch2,True,5,a,1784881028397,
1784881029939,watch1,78,71,7,7,playing,watch2,attack_challenge,,watch2,False,5,a,1784881029656,
1784881029939,watch2,77,72,5,5,playing,watch2,attack_challenge,,watch2,True,5,a,1784881029656,
1784881031064,watch1,77,71,6,6,playing,watch2,attack_challenge,,watch2,False,5,a,1784881030107,
1784881031064,watch2,77,72,5,5,playing,watch2,attack_challenge,,watch2,True,5,a,1784881030787,
1784881032165,watch1,77,71,6,6,playing,watch2,attack_challenge,,watch2,False,5,a,1784881031845,
1784881032165,watch2,77,72,5,5,playing,watch2,attack_challenge,,watch2,True,5,a,1784881031845,
1784881033274,watch1,77,71,6,6,playing,watch2,attack_challenge,,watch2,False,5,a,1784881033057,
1784881033274,watch2,77,72,5,5,playing,watch2,attack_challenge,,watch2,True,5,a,1784881033057,
1784881034400,watch1,76,71,5,5,playing,watch2,attack_challenge,,watch2,False,15,c,1784881034111,
1784881034400,watch2,77,72,5,5,playing,watch2,attack_challenge,,watch2,True,15,c,1784881034172,
1784881035503,watch1,76,71,5,5,playing,watch2,attack_challenge,,watch2,False,20,c,1784881035269,
1784881035503,watch2,77,72,5,5,playing,watch2,attack_challenge,,watch2,True,20,c,1784881035269,
1784881036604,watch1,76,71,5,5,playing,watch2,attack_challenge,,watch2,False,25,c,1784881036389,
1784881036604,watch2,77,72,5,5,playing,watch2,attack_challenge,,watch2,True,25,c,1784881036389,
1784881037701,watch1,77,71,6,6,playing,watch2,attack_challenge,,watch2,False,30,c,1784881037144,
1784881037701,watch2,77,72,5,5,playing,watch2,attack_challenge,,watch2,True,30,c,1784881037509,
1784881038799,watch1,77,71,6,6,playing,watch2,attack_challenge,,watch2,False,5,c,1784881038564,
1784881038799,watch2,77,72,5,5,playing,watch2,attack_challenge,,watch2,True,5,c,1784881038564,
1784881039898,watch1,78,71,7,7,playing,watch2,attack_challenge,,watch2,False,10,c,1784881039148,
1784881039898,watch2,77,72,5,5,playing,watch2,attack_challenge,,watch2,True,10,c,1784881039685,
1784881041012,watch1,78,71,7,7,playing,watch2,attack_challenge,,watch2,False,20,c,1784881040746,
1784881041012,watch2,78,72,6,6,playing,watch2,attack_challenge,,watch2,True,20,c,1784881040424,
1784881042165,watch1,79,71,8,8,playing,watch2,attack_challenge,,watch2,False,25,c,1784881041189,
1784881042165,watch2,78,72,6,6,playing,watch2,attack_challenge,,watch2,True,25,c,1784881041805,
1784881043336,watch1,81,71,10,10,playing,watch2,attack_challenge,,watch2,False,30,c,1784881043232,
1784881043336,watch2,79,72,7,7,playing,watch2,attack_challenge,,watch2,True,30,c,1784881042439,
1784881045580,watch1,81,71,10,10,playing,watch2,attack_challenge,,watch2,False,10,c,1784881044990,
1784881045580,watch2,80,72,8,8,playing,watch2,attack_challenge,,watch2,True,10,c,1784881044455,
1784881046681,watch1,81,71,10,10,playing,watch2,attack_challenge,,watch2,False,15,c,1784881046054,
1784881046681,watch2,81,72,9,9,playing,watch2,attack_challenge,,watch2,True,15,c,1784881046462,
1784881047787,watch1,83,71,12,12,playing,watch2,attack_challenge,,watch2,False,20,c,1784881047366,
1784881047787,watch2,83,72,11,11,playing,watch2,attack_challenge,,watch2,True,20,c,1784881047494,
1784881048887,watch1,83,71,12,12,playing,watch2,attack_challenge,,watch2,False,25,c,1784881048371,
1784881048887,watch2,83,72,11,11,playing,watch2,attack_challenge,,watch2,True,25,c,1784881047494,
1784881050020,watch1,85,71,14,14,playing,watch2,attack_challenge,,watch2,False,5,c,1784881049290,
1784881050020,watch2,84,72,12,12,playing,watch2,attack_challenge,,watch2,True,5,c,1784881049490,
1784881051122,watch1,85,71,14,14,playing,watch2,attack_challenge,,watch2,False,10,c,1784881050490,
1784881051122,watch2,84,72,12,12,playing,watch2,attack_challenge,,watch2,True,10,c,1784881050490,
1784881052222,watch1,85,71,14,14,playing,watch2,attack_challenge,,watch2,False,15,c,1784881051646,
1784881052222,watch2,83,72,11,11,playing,watch2,attack_challenge,,watch2,True,15,c,1784881051499,
1784881053374,watch1,85,71,14,14,playing,watch2,attack_challenge,,watch2,False,20,c,1784881052702,
1784881053374,watch2,83,72,11,11,playing,watch2,attack_challenge,,watch2,True,20,c,1784881052702,
1784881054478,watch1,85,71,14,14,playing,watch2,attack_challenge,,watch2,False,25,c,1784881053902,
1784881054478,watch2,84,72,12,12,playing,watch2,attack_challenge,,watch2,True,25,c,1784881053502,
1784881055581,watch1,84,71,13,13,playing,watch2,attack_challenge,,watch2,False,30,c,1784881055326,
1784881055581,watch2,83,72,11,11,playing,watch2,attack_challenge,,watch2,True,30,c,1784881054525,
1784881056687,watch1,83,71,12,12,playing,watch2,attack_challenge,,watch2,False,5,c,1784881056344,
1784881056687,watch2,83,72,11,11,playing,watch2,attack_challenge,,watch2,True,5,c,1784881056021,
1784881057811,watch1,83,71,12,12,playing,watch2,attack_challenge,,watch2,False,10,c,1784881056344,
1784881057811,watch2,83,72,11,11,playing,watch2,attack_challenge,,watch2,True,10,c,1784881057086,
1784881058945,watch1,82,71,11,11,playing,watch2,attack_challenge,,watch2,False,15,c,1784881058392,
1784881058945,watch2,82,72,10,10,playing,watch2,attack_challenge,,watch2,True,15,c,1784881058525,
1784881060064,watch1,82,71,11,11,playing,watch2,attack_challenge,,watch2,False,25,c,1784881058392,
1784881060064,watch2,81,72,9,9,playing,watch2,attack_challenge,,watch2,True,25,c,1784881059555,
1784881061215,watch1,82,71,11,11,playing,watch2,attack_challenge,,watch2,False,30,c,1784881060302,
1784881061215,watch2,82,72,10,10,playing,watch2,attack_challenge,,watch2,True,30,c,1784881060569,
1784881062329,watch1,82,71,11,11,playing,watch2,attack_challenge,,watch2,False,5,c,1784881061393,
1784881062329,watch2,81,72,9,9,playing,watch2,attack_challenge,,watch2,True,5,c,1784881061566,
1784881063489,watch1,82,71,11,11,playing,watch2,attack_challenge,,watch2,False,10,c,1784881062465,
1784881063489,watch2,81,72,9,9,playing,watch2,attack_challenge,,watch2,True,10,c,1784881061566,
1784881064592,watch1,81,71,10,10,playing,watch2,attack_challenge,,watch2,False,15,c,1784881063587,
1784881064592,watch2,81,72,9,9,playing,watch2,attack_challenge,,watch2,True,15,c,1784881063587,
1784881065704,watch1,81,71,10,10,playing,watch2,attack_challenge,,watch2,False,20,c,1784881064772,
1784881065704,watch2,82,72,10,10,playing,watch2,attack_challenge,,watch2,True,20,c,1784881064772,
1784881066808,watch1,82,71,11,11,playing,watch2,attack_challenge,,watch2,False,25,c,1784881066464,
1784881066808,watch2,83,72,11,11,playing,watch2,attack_challenge,,watch2,True,25,c,1784881066605,
1784881067910,watch1,82,71,11,11,playing,watch2,attack_challenge,,watch2,False,30,c,1784881066464,
1784881067910,watch2,83,72,11,11,playing,watch2,attack_challenge,,watch2,True,30,c,1784881066605,
1784881069043,watch1,83,71,12,12,playing,watch2,attack_challenge,,watch2,False,10,c,1784881068467,
1784881069043,watch2,83,72,11,11,playing,watch2,attack_challenge,,watch2,True,10,c,1784881068070,
1784881070143,watch1,83,71,12,12,playing,watch2,attack_challenge,,watch2,False,15,c,1784881068467,
1784881070143,watch2,84,72,12,12,playing,watch2,attack_challenge,,watch2,True,15,c,1784881069625,
1784881071619,watch1,85,71,14,14,playing,watch2,attack_challenge,,watch2,False,20,c,1784881071105,
1784881071619,watch2,84,72,12,12,playing,watch2,attack_challenge,,watch2,True,20,c,1784881069625,
1784881072831,watch1,87,71,16,16,playing,watch2,attack_challenge,,watch2,False,25,c,1784881072527,
1784881072831,watch2,85,72,13,13,playing,watch2,attack_challenge,,watch2,True,25,c,1784881072654,
1784881073935,watch1,87,71,16,16,playing,watch2,attack_challenge,,watch2,False,30,c,1784881072527,
1784881073935,watch2,86,72,14,14,playing,watch2,attack_challenge,,watch2,True,30,c,1784881073667,
1784881075086,watch1,88,71,17,17,playing,watch2,attack_challenge,,watch2,False,10,a,1784881074568,
1784881075086,watch2,87,72,15,15,playing,watch2,attack_challenge,,watch2,True,10,a,1784881074704,
1784881076189,watch1,89,71,18,18,playing,watch2,attack_challenge,,watch2,False,15,a,1784881075583,
1784881076189,watch2,88,72,16,16,playing,watch2,attack_challenge,,watch2,True,15,a,1784881075692,
1784881078419,watch1,90,71,19,19,playing,watch2,attack_challenge,,watch2,False,25,a,1784881077602,
1784881078419,watch2,88,72,16,16,playing,watch2,attack_challenge,,watch2,True,25,a,1784881077288,
1784881079675,watch1,90,71,19,19,playing,watch2,attack_challenge,,watch2,False,30,c,1784881077602,
1784881079675,watch2,88,72,16,16,playing,watch2,attack_challenge,,watch2,True,30,c,1784881079524,
1784881082098,watch1,87,71,16,16,playing,watch2,attack_challenge,,watch2,False,15,a,1784881081638,
1784881082098,watch2,86,72,14,14,playing,watch2,attack_challenge,,watch2,True,15,a,1784881082037,
1784881083236,watch1,87,71,16,16,playing,watch2,attack_challenge,,watch2,False,20,a,1784881083121,
1784881083236,watch2,84,72,12,12,playing,watch2,attack_challenge,,watch2,True,20,a,1784881082753,
1784881084341,watch1,84,71,13,13,playing,watch2,attack_challenge,,watch2,False,25,a,1784881083678,
1784881084341,watch2,84,72,12,12,playing,watch2,attack_challenge,,watch2,True,25,a,1784881084184,
1784881085446,watch1,84,71,13,13,playing,watch2,attack_challenge,,watch2,False,30,c,1784881085246,
1784881085446,watch2,83,72,11,11,playing,watch2,attack_challenge,,watch2,True,30,c,1784881084773,
1784881086554,watch1,84,71,13,13,playing,watch2,attack_challenge,,watch2,False,5,c,1784881086308,
1784881086554,watch2,83,72,11,11,playing,watch2,attack_challenge,,watch2,True,5,c,1784881086308,
1784881087658,watch1,84,71,13,13,playing,watch2,attack_challenge,,watch2,False,10,c,1784881087469,
1784881087658,watch2,82,72,10,10,playing,watch2,attack_challenge,,watch2,True,10,c,1784881086790,
1784881088768,watch1,82,71,11,11,playing,watch2,attack_challenge,,watch2,False,15,c,1784881087754,
1784881088768,watch2,82,72,10,10,playing,watch2,attack_challenge,,watch2,True,15,c,1784881088534,
1784881090092,watch1,80,71,9,9,playing,watch2,attack_challenge,,watch2,False,25,c,1784881089771,
1784881090092,watch2,80,72,8,8,playing,watch2,attack_challenge,,watch2,True,25,c,1784881089871,
1784881091199,watch1,80,71,9,9,playing,watch2,attack_challenge,,watch2,False,30,c,1784881089771,
1784881091199,watch2,80,72,8,8,playing,watch2,attack_challenge,,watch2,True,30,c,1784881089871,
1784881092314,watch1,80,71,9,9,playing,watch2,attack_challenge,,watch2,False,5,a,1784881091659,
1784881092314,watch2,81,72,9,9,playing,watch2,attack_challenge,,watch2,True,5,a,1784881091821,
1784881093420,watch1,80,71,9,9,playing,watch2,attack_challenge,,watch2,False,10,a,1784881092821,
1784881093420,watch2,81,72,9,9,playing,watch2,attack_challenge,,watch2,True,10,a,1784881092821,
1784881094523,watch1,80,71,9,9,playing,watch2,attack_challenge,,watch2,False,15,a,1784881094053,
1784881094523,watch2,81,72,9,9,playing,watch2,attack_challenge,,watch2,True,15,a,1784881093834,
1784881095628,watch1,81,71,10,10,playing,watch2,attack_challenge,,watch2,False,20,a,1784881094823,
1784881095628,watch2,81,72,9,9,playing,watch2,attack_challenge,,watch2,True,20,a,1784881095114,
1784881096737,watch1,81,71,10,10,playing,watch2,attack_challenge,,watch2,False,25,a,1784881096218,
1784881096737,watch2,81,72,9,9,playing,watch2,attack_challenge,,watch2,True,25,a,1784881096218,
1784881097844,watch1,81,71,10,10,playing,watch2,attack_challenge,,watch2,False,30,c,1784881097380,
1784881097844,watch2,80,72,8,8,playing,watch2,attack_challenge,,watch2,True,30,c,1784881096865,
1784881099009,watch1,81,71,10,10,playing,watch2,attack_challenge,,watch2,False,10,a,1784881098447,
1784881099009,watch2,81,72,9,9,playing,watch2,attack_challenge,,watch2,True,10,a,1784881097859,
1784881100139,watch1,81,71,10,10,playing,watch2,attack_challenge,,watch2,False,15,a,1784881099505,
1784881100139,watch2,81,72,9,9,playing,watch2,attack_challenge,,watch2,True,15,a,1784881099505,
1784881101250,watch1,81,71,10,10,playing,watch1,attack_challenge,,watch1,True,10,c,1784881100628,
1784881101250,watch2,81,72,9,9,playing,watch1,attack_challenge,,watch1,False,10,c,1784881100628,
1784881102362,watch1,81,71,10,10,playing,watch1,attack_challenge,,watch1,True,10,c,1784881100628,
1784881102362,watch2,80,72,8,8,playing,watch1,attack_challenge,,watch1,False,10,c,1784881102109,
1784881103468,watch1,80,71,9,9,playing,watch1,attack_challenge,,watch1,True,5,c,1784881102904,
1784881103468,watch2,80,72,8,8,playing,watch1,attack_challenge,,watch1,False,5,c,1784881103212,
1784881104578,watch1,80,71,9,9,playing,watch1,attack_challenge,,watch1,True,5,c,1784881104272,
1784881104578,watch2,79,72,7,7,playing,watch1,attack_challenge,,watch1,False,5,c,1784881103927,
1784881105692,watch1,79,71,8,8,playing,watch1,attack_challenge,,watch1,True,5,c,1784881104945,
1784881105692,watch2,79,72,7,7,playing,watch1,attack_challenge,,watch1,False,5,c,1784881105332,
1784881106834,watch1,79,71,8,8,playing,watch1,attack_challenge,,watch1,True,5,c,1784881106390,
1784881106834,watch2,78,72,6,6,playing,watch1,attack_challenge,,watch1,False,5,c,1784881105922,
1784881107942,watch1,78,71,7,7,playing,watch1,attack_challenge,,watch1,True,5,c,1784881106963,
1784881107942,watch2,78,72,6,6,playing,watch1,attack_challenge,,watch1,False,5,c,1784881107487,
1784881109083,watch1,78,71,7,7,playing,watch1,attack_challenge,,watch1,True,5,c,1784881108543,
1784881109083,watch2,79,72,7,7,playing,watch1,attack_challenge,,watch1,False,5,c,1784881108920,
1784881110192,watch1,78,71,7,7,playing,watch1,attack_challenge,,watch1,True,5,c,1784881109710,
1784881110192,watch2,79,72,7,7,playing,watch1,attack_challenge,,watch1,False,5,c,1784881108920,
1784881111309,watch1,79,71,8,8,playing,watch1,attack_challenge,,watch1,True,5,a,1784881111048,
1784881111309,watch2,80,72,8,8,playing,watch1,attack_challenge,,watch1,False,5,a,1784881110945,
1784881112419,watch1,81,71,10,10,playing,watch1,attack_challenge,,watch1,True,5,c,1784881112023,
1784881112419,watch2,80,72,8,8,playing,watch1,attack_challenge,,watch1,False,5,c,1784881111945,
1784881113528,watch1,81,71,10,10,playing,watch1,attack_challenge,,watch1,True,5,c,1784881112023,
1784881113528,watch2,80,72,8,8,playing,watch1,attack_challenge,,watch1,False,5,c,1784881113014,
1784881114645,watch1,82,71,11,11,playing,watch1,attack_challenge,,watch1,True,5,c,1784881114051,
1784881114645,watch2,81,72,9,9,playing,watch1,attack_challenge,,watch1,False,5,c,1784881114122,
1784881115752,watch1,82,71,11,11,playing,watch1,attack_challenge,,watch1,True,5,c,1784881115207,
1784881115752,watch2,81,72,9,9,playing,watch1,attack_challenge,,watch1,False,5,c,1784881115207,
1784881116907,watch1,81,71,10,10,playing,watch1,attack_challenge,,watch1,True,5,c,1784881116091,
1784881116907,watch2,81,72,9,9,playing,watch1,attack_challenge,,watch1,False,5,c,1784881116390,
1784881118062,watch1,81,71,10,10,playing,watch1,attack_challenge,,watch1,True,5,c,1784881117492,
1784881118062,watch2,81,72,9,9,playing,watch1,attack_challenge,,watch1,False,5,c,1784881117492,
1784881119169,watch1,81,71,10,10,playing,watch1,attack_challenge,,watch1,True,5,c,1784881118615,
1784881119169,watch2,81,72,9,9,playing,watch1,attack_challenge,,watch1,False,5,c,1784881118615,
1784881120289,watch1,81,71,10,10,playing,watch1,attack_challenge,,watch1,True,5,c,1784881119773,
1784881120289,watch2,81,72,9,9,playing,watch1,attack_challenge,,watch1,False,5,c,1784881119773,
1784881121399,watch1,81,71,10,10,playing,watch1,attack_challenge,,watch1,True,5,c,1784881120889,
1784881121399,watch2,81,72,9,9,playing,watch1,attack_challenge,,watch1,False,5,c,1784881120889,
1784881122510,watch1,81,71,10,10,playing,watch1,attack_challenge,,watch1,True,5,c,1784881122064,
1784881122510,watch2,81,72,9,9,playing,watch1,attack_challenge,,watch1,False,5,c,1784881122064,
1784881123621,watch1,81,71,10,10,playing,watch1,attack_challenge,,watch1,True,5,c,1784881123211,
1784881123621,watch2,81,72,9,9,playing,watch1,attack_challenge,,watch1,False,5,c,1784881123211,
1784881124732,watch1,82,71,11,11,playing,watch1,attack_challenge,,watch1,True,5,a,1784881124152,
1784881124732,watch2,81,72,9,9,playing,watch1,attack_challenge,,watch1,False,5,a,1784881124348,
1784881125843,watch1,82,71,11,11,playing,watch1,attack_challenge,,watch1,True,5,c,1784881125445,
1784881125843,watch2,82,72,10,10,playing,watch1,attack_challenge,,watch1,False,5,c,1784881125006,
1784881126964,watch1,84,71,13,13,playing,watch1,attack_challenge,,watch1,True,5,c,1784881126192,
1784881126964,watch2,82,72,10,10,playing,watch1,attack_challenge,,watch1,False,5,c,1784881126504,
1784881128079,watch1,84,71,13,13,playing,watch1,next_fast,,watch2,False,5,c,1784881127560,
1784881128079,watch2,83,72,11,11,playing,watch1,next_fast,,watch2,True,5,c,1784881127028,
1784881129188,watch1,87,71,16,16,playing,watch1,next_fast,,watch2,False,5,a,1784881128212,
1784881129188,watch2,86,72,14,14,playing,watch1,next_fast,,watch2,True,5,a,1784881129039,
1784881130352,watch1,89,71,18,18,playing,watch1,next_fast,,watch2,False,10,a,1784881130216,
1784881130352,watch2,88,72,16,16,playing,watch1,next_fast,,watch2,True,10,a,1784881130044,
1784881131457,watch1,90,71,19,19,playing,watch1,next_fast,,watch2,False,10,a,1784881131246,
1784881131457,watch2,88,72,16,16,playing,watch1,next_fast,,watch2,True,10,a,1784881130044,
1784881133889,watch1,90,71,19,19,playing,watch1,next_fast,,watch2,False,10,a,1784881131246,
1784881133889,watch2,88,72,16,16,playing,watch1,next_fast,,watch2,True,10,a,1784881131773,
1784881137749,watch1,90,71,19,19,playing,watch1,next_fast,,watch2,False,10,a,1784881132831,
1784881137749,watch2,88,72,16,16,playing,watch1,next_fast,,watch2,True,10,a,1784881132831,
1784881138967,watch1,84,71,13,13,playing,watch1,random_fast,,watch2,False,5,a,1784881138781,
1784881138967,watch2,84,72,12,12,playing,watch1,random_fast,,watch2,True,5,a,1784881138781,
1784881140224,watch1,83,71,12,12,playing,watch1,random_fast,,watch2,False,5,c,1784881139286,
1784881140224,watch2,82,72,10,10,playing,watch1,random_fast,,watch2,True,5,c,1784881140123,
1784881141449,watch1,81,71,10,10,playing,watch1,random_fast,,watch2,False,5,a,1784881141312,
1784881141449,watch2,80,72,8,8,playing,watch1,random_fast,,watch2,True,5,a,1784881141136,
1784881142552,watch1,81,71,10,10,playing,watch1,random_fast,,watch2,False,5,a,1784881141312,
1784881142552,watch2,80,72,8,8,playing,watch1,random_fast,,watch2,True,5,a,1784881141136,
1784881143659,watch1,80,71,9,9,playing,watch1,random_fast,,watch2,False,5,a,1784881143363,
1784881143659,watch2,80,72,8,8,playing,watch1,random_fast,,watch2,True,5,a,1784881142985,
1784881144763,watch1,80,71,9,9,playing,watch1,random_fast,,watch2,False,10,a,1784881143363,
1784881144763,watch2,79,72,7,7,playing,watch1,random_fast,,watch2,True,10,a,1784881144225,
1784881145868,watch1,79,71,8,8,playing,watch1,random_fast,,watch2,False,5,a,1784881145400,
1784881145868,watch2,80,72,8,8,playing,watch1,random_fast,,watch2,True,5,a,1784881145155,
1784881146985,watch1,79,71,8,8,playing,watch1,random_fast,,watch2,False,5,a,1784881145400,
1784881146985,watch2,80,72,8,8,playing,watch1,random_fast,,watch2,True,5,a,1784881146341,
1784881148091,watch1,79,71,8,8,playing,watch1,random_fast,,watch2,False,5,a,1784881147395,
1784881148091,watch2,80,72,8,8,playing,watch1,random_fast,,watch2,True,5,a,1784881147395,
1784881149328,watch1,81,71,10,10,playing,watch1,random_fast,,watch2,False,5,a,1784881148411,
1784881149328,watch2,80,72,8,8,playing,watch1,random_fast,,watch2,True,5,a,1784881149172,
1784881150454,watch1,81,71,10,10,playing,watch1,highest_diff,,watch1,True,5,a,1784881149584,
1784881150454,watch2,80,72,8,8,playing,watch1,highest_diff,,watch1,False,5,a,1784881149172,
1784881151559,watch1,81,71,10,10,playing,watch1,highest_diff,,watch1,True,5,c,1784881150646,
1784881151559,watch2,80,72,8,8,playing,watch1,highest_diff,,watch1,False,5,c,1784881150646,
1784881152667,watch1,79,71,8,8,playing,watch1,highest_diff,,watch2,False,5,c,1784881152431,
1784881152667,watch2,80,72,8,8,playing,watch1,highest_diff,,watch2,True,5,c,1784881151765,
1784881153771,watch1,79,71,8,8,playing,watch1,highest_diff,,watch2,False,5,c,1784881152431,
1784881153771,watch2,79,72,7,7,playing,watch1,highest_diff,,watch2,True,5,c,1784881153183,
1784881154877,watch1,78,71,7,7,playing,watch1,highest_diff,,watch2,False,5,c,1784881154467,
1784881154877,watch2,78,72,6,6,playing,watch1,highest_diff,,watch2,True,5,c,1784881154210,
1784881155990,watch1,78,71,7,7,playing,watch1,highest_diff,,watch1,True,5,c,1784881154467,
1784881155990,watch2,77,72,5,5,playing,watch1,highest_diff,,watch1,False,5,c,1784881155195,
1784881157104,watch1,77,71,6,6,playing,watch1,highest_diff,,watch2,False,5,a,1784881156505,
1784881157104,watch2,77,72,5,5,playing,watch1,highest_diff,,watch2,True,5,a,1784881155195,
1784881158209,watch1,77,71,6,6,playing,watch1,highest_diff,,watch2,False,5,a,1784881156505,
1784881158209,watch2,77,72,5,5,playing,watch1,highest_diff,,watch2,True,5,a,1784881157164,
1784881159371,watch1,77,71,6,6,playing,watch1,highest_diff,,watch2,False,5,a,1784881158222,
1784881159371,watch2,77,72,5,5,playing,watch1,highest_diff,,watch2,True,5,a,1784881158222,
1784881160563,watch1,77,71,6,6,playing,watch1,highest_diff,,watch2,False,5,a,1784881159390,
1784881160563,watch2,77,72,5,5,playing,watch1,highest_diff,,watch2,True,5,a,1784881159390,
1784881161720,watch1,77,71,6,6,playing,watch1,highest_diff,,watch2,False,5,a,1784881160586,
1784881161720,watch2,77,72,5,5,playing,watch1,highest_diff,,watch2,True,5,a,1784881160586,
1784881162826,watch1,77,71,6,6,playing,watch1,highest_diff,,watch2,False,25,a,1784881161779,
1784881162826,watch2,77,72,5,5,playing,watch1,highest_diff,,watch2,True,25,a,1784881161779,
1784881163930,watch1,77,71,6,6,playing,watch1,highest_diff,,watch2,False,30,c,1784881162901,
1784881163930,watch2,78,72,6,6,playing,watch1,highest_diff,,watch2,True,30,c,1784881163231,
1784881165105,watch1,78,71,7,7,playing,watch1,highest_diff,,watch2,False,10,c,1784881164559,
1784881165105,watch2,79,72,7,7,playing,watch1,highest_diff,,watch2,True,10,c,1784881164226,
1784881166361,watch1,78,71,7,7,playing,watch1,highest_diff,,watch2,False,15,c,1784881166153,
1784881166361,watch2,79,72,7,7,playing,watch1,highest_diff,,watch2,True,15,c,1784881166153,
1784881167499,watch1,79,71,8,8,playing,watch1,highest_diff,,watch2,False,20,c,1784881166587,
1784881167499,watch2,79,72,7,7,playing,watch1,highest_diff,,watch2,True,20,c,1784881167325,
1784881168606,watch1,78,71,7,7,playing,watch1,highest_diff,,watch2,False,25,c,1784881167598,
1784881168606,watch2,78,72,6,6,playing,watch1,highest_diff,,watch2,True,25,c,1784881168450,
1784881169714,watch1,78,71,7,7,playing,watch1,highest_diff,,watch1,True,30,c,1784881169512,
1784881169714,watch2,77,72,5,5,playing,watch1,highest_diff,,watch1,False,30,c,1784881169287,
1784881170846,watch1,78,71,7,7,playing,watch1,highest_diff,,watch1,True,5,c,1784881170610,
1784881170846,watch2,77,72,5,5,playing,watch1,highest_diff,,watch1,False,5,c,1784881170610,
1784881171972,watch1,76,71,5,5,playing,watch1,highest_diff,,watch2,False,10,a,1784881171648,
1784881171972,watch2,77,72,5,5,playing,watch1,highest_diff,,watch2,True,10,a,1784881171799,
1784881173091,watch1,76,71,5,5,playing,watch1,highest_diff,,watch2,False,20,a,1784881172870,
1784881173091,watch2,76,72,4,4,playing,watch1,highest_diff,,watch2,True,20,a,1784881172325,
1784881174201,watch1,76,71,5,5,playing,watch1,highest_diff,,watch2,False,25,a,1784881173943,
1784881174201,watch2,76,72,4,4,playing,watch1,highest_diff,,watch2,True,25,a,1784881173943,
1784881175311,watch1,76,71,5,5,playing,watch1,highest_diff,,watch2,False,30,a,1784881175083,
1784881175311,watch2,76,72,4,4,playing,watch1,highest_diff,,watch2,True,30,a,1784881175083,
1784881176503,watch1,76,71,5,5,playing,watch1,highest_diff,,watch2,False,5,a,1784881176262,
1784881176503,watch2,76,72,4,4,playing,watch1,highest_diff,,watch2,True,5,a,1784881176262,
1784881177630,watch1,76,71,5,5,playing,watch1,highest_diff,,watch2,False,10,a,1784881177457,
1784881177630,watch2,76,72,4,4,playing,watch1,highest_diff,,watch2,True,10,a,1784881177457,
1784881178802,watch1,76,71,5,5,playing,watch1,highest_diff,,watch2,False,15,a,1784881178581,
1784881178802,watch2,76,72,4,4,playing,watch1,highest_diff,,watch2,True,15,a,1784881178581,
1784881179910,watch1,77,71,6,6,playing,watch1,highest_diff,,watch1,True,20,c,1784881179677,
1784881179910,watch2,76,72,4,4,playing,watch1,highest_diff,,watch1,False,20,c,1784881179753,
1784881181044,watch1,77,71,6,6,playing,watch1,highest_diff,,watch1,True,30,c,1784881180831,
1784881181044,watch2,76,72,4,4,playing,watch1,highest_diff,,watch1,False,30,c,1784881180831,
1784881182253,watch1,77,71,6,6,playing,watch1,highest_diff,,watch1,True,5,c,1784881181967,
1784881182253,watch2,76,72,4,4,playing,watch1,highest_diff,,watch1,False,5,c,1784881181967,
1784881183373,watch1,77,71,6,6,playing,watch1,highest_diff,,watch1,True,10,c,1784881183195,
1784881183373,watch2,76,72,4,4,playing,watch1,highest_diff,,watch1,False,10,c,1784881183195,
1784881184483,watch1,76,71,5,5,playing,watch1,highest_diff,,watch2,False,15,c,1784881183734,
1784881184483,watch2,76,72,4,4,playing,watch1,highest_diff,,watch2,True,15,c,1784881184325,
1784881185603,watch1,76,71,5,5,playing,watch1,highest_diff,,watch2,False,20,c,1784881185391,
1784881185603,watch2,76,72,4,4,playing,watch1,highest_diff,,watch2,True,20,c,1784881185391,
1784881186730,watch1,76,71,5,5,playing,watch1,highest_diff,,watch2,False,25,c,1784881186557,
1784881186730,watch2,76,72,4,4,playing,watch1,highest_diff,,watch2,True,25,c,1784881186557,
1784881188070,watch1,76,71,5,5,playing,watch1,highest_diff,,watch2,False,5,c,1784881187683,
1784881188070,watch2,76,72,4,4,playing,watch1,highest_diff,,watch2,True,5,c,1784881187683,
1784881189210,watch1,75,71,4,4,playing,watch1,highest_diff,,watch2,False,10,c,1784881188958,
1784881189210,watch2,76,72,4,4,playing,watch1,highest_diff,,watch2,True,10,c,1784881188958,
1784881190329,watch1,76,71,5,5,playing,watch1,highest_diff,,watch2,False,15,c,1784881189775,
1784881190329,watch2,76,72,4,4,playing,watch1,highest_diff,,watch2,True,15,c,1784881190135,
1784881191571,watch1,77,71,6,6,playing,watch1,highest_diff,,watch2,False,20,c,1784881190815,
1784881191571,watch2,78,72,6,6,playing,watch1,highest_diff,,watch2,True,20,c,1784881191380,
1784881192684,watch1,77,71,6,6,playing,watch1,highest_diff,,watch2,False,25,c,1784881192256,
1784881192684,watch2,79,72,7,7,playing,watch1,highest_diff,,watch2,True,25,c,1784881192396,
1784881193846,watch1,80,71,9,9,playing,watch1,highest_diff,,watch2,False,30,c,1784881192841,
1784881193846,watch2,80,72,8,8,playing,watch1,highest_diff,,watch2,True,30,c,1784881193405,
1784881195079,watch1,81,71,10,10,playing,watch1,highest_diff,,watch1,True,10,c,1784881194879,
1784881195079,watch2,80,72,8,8,playing,watch1,highest_diff,,watch1,False,10,c,1784881193405,
1784881196196,watch1,81,71,10,10,playing,watch1,highest_diff,,watch1,True,15,c,1784881194879,
1784881196196,watch2,80,72,8,8,playing,watch1,highest_diff,,watch1,False,15,c,1784881195419,
1784881197313,watch1,81,71,10,10,playing,watch1,highest_diff,,watch1,True,20,c,1784881196493,
1784881197313,watch2,80,72,8,8,playing,watch1,highest_diff,,watch1,False,20,c,1784881196493,
1784881198423,watch1,81,71,10,10,playing,watch1,highest_diff,,watch1,True,25,c,1784881197616,
1784881198423,watch2,80,72,8,8,playing,watch1,highest_diff,,watch1,False,25,c,1784881197616,
1784881199537,watch1,80,71,9,9,playing,watch1,highest_diff,,watch2,False,30,c,1784881198955,
1784881199537,watch2,80,72,8,8,playing,watch1,highest_diff,,watch2,True,30,c,1784881198787,
1784881200656,watch1,80,71,9,9,playing,watch1,highest_diff,,watch2,False,5,c,1784881198955,
1784881200656,watch2,80,72,8,8,playing,watch1,highest_diff,,watch2,True,5,c,1784881199954,
1784881201767,watch1,80,71,9,9,playing,watch1,highest_diff,,watch2,False,10,c,1784881201021,
1784881201767,watch2,80,72,8,8,playing,watch1,highest_diff,,watch2,True,10,c,1784881201021,
1784881204500,watch1,80,71,9,9,playing,watch1,highest_diff,,watch2,False,25,c,1784881202145,
1784881204500,watch2,80,72,8,8,playing,watch1,highest_diff,,watch2,True,25,c,1784881202145,
1784881205708,watch1,80,71,9,9,playing,watch1,highest_diff,,watch2,False,30,c,1784881205449,
1784881205708,watch2,80,72,8,8,playing,watch1,highest_diff,,watch2,True,30,c,1784881205449,
1784881206836,watch1,80,71,9,9,playing,watch1,highest_diff,,watch2,False,5,c,1784881206660,
1784881206836,watch2,80,72,8,8,playing,watch1,highest_diff,,watch2,True,5,c,1784881206660,
1784881207960,watch1,80,71,9,9,playing,watch1,highest_diff,,watch1,True,10,c,1784881207788,
1784881207960,watch2,79,72,7,7,playing,watch1,highest_diff,,watch1,False,10,c,1784881207459,
1784881209146,watch1,79,71,8,8,playing,watch1,highest_diff,,watch2,False,20,a,1784881209038,
1784881209146,watch2,79,72,7,7,playing,watch1,highest_diff,,watch2,True,20,a,1784881208848,
1784881210294,watch1,79,71,8,8,playing,watch1,highest_diff,,watch2,False,25,a,1784881209038,
1784881210294,watch2,79,72,7,7,playing,watch1,highest_diff,,watch2,True,25,a,1784881210024,
1784881211408,watch1,79,71,8,8,playing,watch1,highest_diff,,watch2,False,30,a,1784881211095,
1784881211408,watch2,79,72,7,7,playing,watch1,highest_diff,,watch2,True,30,a,1784881211095,
1784881212520,watch1,80,71,9,9,playing,watch1,highest_diff,,watch1,True,5,c,1784881212025,
1784881212520,watch2,79,72,7,7,playing,watch1,highest_diff,,watch1,False,5,c,1784881212228,
1784881213634,watch1,80,71,9,9,playing,watch1,highest_diff,,watch1,True,10,c,1784881213333,
1784881213634,watch2,79,72,7,7,playing,watch1,highest_diff,,watch1,False,10,c,1784881213333,
1784881214790,watch1,80,71,9,9,playing,watch1,highest_diff,,watch1,True,15,c,1784881214458,
1784881214790,watch2,79,72,7,7,playing,watch1,highest_diff,,watch1,False,15,c,1784881214458,
1784881215941,watch1,80,71,9,9,playing,watch1,highest_diff,,watch2,False,20,c,1784881215663,
1784881215941,watch2,80,72,8,8,playing,watch1,highest_diff,,watch2,True,20,c,1784881215663,
1784881217079,watch1,80,71,9,9,playing,watch1,highest_diff,,watch2,False,30,c,1784881216826,
1784881217079,watch2,80,72,8,8,playing,watch1,highest_diff,,watch2,True,30,c,1784881216826,
1784881218232,watch1,81,71,10,10,playing,watch1,highest_diff,,watch1,True,5,c,1784881218103,
1784881218232,watch2,80,72,8,8,playing,watch1,highest_diff,,watch1,False,5,c,1784881217953,
1784881219346,watch1,81,71,10,10,playing,watch1,highest_diff,,watch2,False,10,c,1784881218103,
1784881219346,watch2,81,72,9,9,playing,watch1,highest_diff,,watch2,True,10,c,1784881218515,
1784881220457,watch1,81,71,10,10,playing,watch1,highest_diff,,watch2,False,15,c,1784881220102,
1784881220457,watch2,81,72,9,9,playing,watch1,highest_diff,,watch2,True,15,c,1784881220102,
1784881221572,watch1,81,71,10,10,playing,watch1,highest_diff,,watch2,False,20,c,1784881221287,
1784881221572,watch2,81,72,9,9,playing,watch1,highest_diff,,watch2,True,20,c,1784881221287,
1784881222693,watch1,81,71,10,10,playing,watch1,highest_diff,,watch2,False,25,c,1784881222422,
1784881222693,watch2,81,72,9,9,playing,watch1,highest_diff,,watch2,True,25,c,1784881222422,
1784881223811,watch1,81,71,10,10,playing,watch1,highest_diff,,watch2,False,30,c,1784881223592,
1784881223811,watch2,81,72,9,9,playing,watch1,highest_diff,,watch2,True,30,c,1784881223592,
1784881224931,watch1,80,71,9,9,playing,watch1,highest_diff,,watch2,False,5,a,1784881224141,
1784881224931,watch2,80,72,8,8,playing,watch1,highest_diff,,watch2,True,5,a,1784881224540,
1784881226070,watch1,80,71,9,9,playing,watch1,highest_diff,,watch2,False,15,c,1784881225725,
1784881226070,watch2,81,72,9,9,playing,watch1,highest_diff,,watch2,True,15,c,1784881225536,
1784881227182,watch1,80,71,9,9,playing,watch1,highest_diff,,watch2,False,20,c,1784881226834,
1784881227182,watch2,80,72,8,8,playing,watch1,highest_diff,,watch2,True,20,c,1784881226540,
1784881228309,watch1,80,71,9,9,playing,watch1,highest_diff,,watch2,False,25,c,1784881227899,
1784881228309,watch2,80,72,8,8,playing,watch1,highest_diff,,watch2,True,25,c,1784881227899,
1784881229426,watch1,81,71,10,10,playing,watch1,highest_diff,,watch1,True,30,a,1784881229239,
1784881229426,watch2,80,72,8,8,playing,watch1,highest_diff,,watch1,False,30,a,1784881229067,
1784881230549,watch1,81,71,10,10,playing,watch1,highest_diff,,watch2,False,5,a,1784881229239,
1784881230549,watch2,81,72,9,9,playing,watch1,highest_diff,,watch2,True,5,a,1784881229558,
1784881231678,watch1,81,71,10,10,playing,watch1,highest_diff,,watch2,False,10,c,1784881231239,
1784881231678,watch2,81,72,9,9,playing,watch1,highest_diff,,watch2,True,10,c,1784881231239,
1784881232795,watch1,81,71,10,10,playing,watch1,highest_diff,,watch2,False,15,c,1784881232434,
1784881232795,watch2,81,72,9,9,playing,watch1,highest_diff,,watch2,True,15,c,1784881232434,
1784881233918,watch1,81,71,10,10,playing,watch1,highest_diff,,watch2,False,20,c,1784881233602,
1784881233918,watch2,81,72,9,9,playing,watch1,highest_diff,,watch2,True,20,c,1784881233602,
1784881235052,watch1,81,71,10,10,playing,watch1,highest_diff,,watch1,True,30,c,1784881234736,
1784881235052,watch2,80,72,8,8,playing,watch1,highest_diff,,watch1,False,30,c,1784881234584,
1784881236169,watch1,81,71,10,10,playing,watch1,highest_diff,,watch2,False,5,c,1784881235802,
1784881236169,watch2,81,72,9,9,playing,watch1,highest_diff,,watch2,True,5,c,1784881235583,
1784881237299,watch1,81,71,10,10,playing,watch1,highest_diff,,watch2,False,10,c,1784881236868,
1784881237299,watch2,81,72,9,9,playing,watch1,highest_diff,,watch2,True,10,c,1784881236868,
1784881238541,watch1,81,71,10,10,playing,watch1,highest_diff,,watch2,False,15,c,1784881238118,
1784881238541,watch2,81,72,9,9,playing,watch1,highest_diff,,watch2,True,15,c,1784881238118,
1784881239691,watch1,81,71,10,10,playing,watch1,highest_diff,,watch2,False,20,c,1784881239505,
1784881239691,watch2,81,72,9,9,playing,watch1,highest_diff,,watch2,True,20,c,1784881239505,
1784881240826,watch1,81,71,10,10,playing,watch1,highest_diff,,watch2,False,25,c,1784881240642,
1784881240826,watch2,81,72,9,9,playing,watch1,highest_diff,,watch2,True,25,c,1784881240642,
1784881242025,watch1,81,71,10,10,playing,watch1,highest_diff,,watch2,False,5,c,1784881241777,
1784881242025,watch2,81,72,9,9,playing,watch1,highest_diff,,watch2,True,5,c,1784881241777,
1784881243196,watch1,81,71,10,10,playing,watch1,highest_diff,,watch2,False,10,c,1784881242945,
1784881243196,watch2,81,72,9,9,playing,watch1,highest_diff,,watch2,True,10,c,1784881242945,
1784881244314,watch1,81,71,10,10,playing,watch1,highest_diff,,watch2,False,15,c,1784881244100,
1784881244314,watch2,81,72,9,9,playing,watch1,highest_diff,,watch2,True,15,c,1784881244100,
1784881245494,watch1,81,71,10,10,playing,watch1,highest_diff,,watch2,False,20,c,1784881245230,
1784881245494,watch2,81,72,9,9,playing,watch1,highest_diff,,watch2,True,20,c,1784881245230,
1784881246631,watch1,81,71,10,10,playing,watch1,highest_diff,,watch2,False,25,c,1784881246446,
1784881246631,watch2,81,72,9,9,playing,watch1,highest_diff,,watch2,True,25,c,1784881246446,
1784881247819,watch1,81,71,10,10,playing,watch1,highest_diff,,watch2,False,30,c,1784881247585,
1784881247819,watch2,81,72,9,9,playing,watch1,highest_diff,,watch2,True,30,c,1784881247585,
1784881249014,watch1,81,71,10,10,playing,watch1,highest_diff,,watch2,False,10,c,1784881248781,
1784881249014,watch2,81,72,9,9,playing,watch1,highest_diff,,watch2,True,10,c,1784881248781,
1784881250139,watch1,82,71,11,11,playing,watch1,highest_diff,,watch1,True,15,a,1784881249275,
1784881250139,watch2,81,72,9,9,playing,watch1,highest_diff,,watch1,False,15,a,1784881249951,
1784881251314,watch1,82,71,11,11,playing,watch1,highest_diff,,watch1,True,20,a,1784881251019,
1784881251314,watch2,81,72,9,9,playing,watch1,highest_diff,,watch1,False,20,a,1784881251019,
1784881252469,watch1,82,71,11,11,playing,watch1,highest_diff,,watch1,True,25,a,1784881252158,
1784881252469,watch2,81,72,9,9,playing,watch1,highest_diff,,watch1,False,25,a,1784881252158,
1784881253644,watch1,82,71,11,11,playing,watch1,highest_diff,,watch1,True,30,a,1784881253351,
1784881253644,watch2,81,72,9,9,playing,watch1,highest_diff,,watch1,False,30,a,1784881253351,
1784881254797,watch1,82,71,11,11,playing,watch1,highest_diff,,watch1,True,5,c,1784881254528,
1784881254797,watch2,81,72,9,9,playing,watch1,highest_diff,,watch1,False,5,c,1784881254528,
1784881255938,watch1,82,71,11,11,playing,watch1,highest_diff,,watch1,True,10,c,1784881255683,
1784881255938,watch2,81,72,9,9,playing,watch1,highest_diff,,watch1,False,10,c,1784881255683,
1784881257071,watch1,83,71,12,12,playing,watch1,highest_diff,,watch2,False,20,c,1784881256321,
1784881257071,watch2,83,72,11,11,playing,watch1,highest_diff,,watch2,True,20,c,1784881256627,
1784881258217,watch1,83,71,12,12,playing,watch1,highest_diff,,watch2,False,25,a,1784881257852,
1784881258217,watch2,85,72,13,13,playing,watch1,highest_diff,,watch2,True,25,a,1784881257635,
1784881259336,watch1,85,71,14,14,playing,watch1,highest_diff,,watch2,False,30,a,1784881258346,
1784881259336,watch2,86,72,14,14,playing,watch1,highest_diff,,watch2,True,30,a,1784881258633,
1784881260529,watch1,87,71,16,16,playing,watch1,highest_diff,,watch1,True,5,c,1784881260382,
1784881260529,watch2,86,72,14,14,playing,watch1,highest_diff,,watch1,False,5,c,1784881259949,
1784881261649,watch1,87,71,16,16,playing,watch1,highest_diff,,watch2,False,10,c,1784881260382,
1784881261649,watch2,87,72,15,15,playing,watch1,highest_diff,,watch2,True,10,c,1784881260644,
1784881262805,watch1,87,71,16,16,playing,watch1,highest_diff,,watch1,True,15,c,1784881262185,
1784881262805,watch2,86,72,14,14,playing,watch1,highest_diff,,watch1,False,15,c,1784881262652,
1784881263933,watch1,87,71,16,16,playing,watch1,highest_diff,,watch1,True,20,c,1784881263319,
1784881263933,watch2,85,72,13,13,playing,watch1,highest_diff,,watch1,False,20,c,1784881263658,
1784881265076,watch1,86,71,15,15,playing,watch1,highest_diff,,watch1,True,30,c,1784881264462,
1784881265076,watch2,85,72,13,13,playing,watch1,highest_diff,,watch1,False,30,c,1784881263658,
1784881266204,watch1,86,71,15,15,playing,watch1,highest_diff,,watch1,True,5,c,1784881265462,
1784881266204,watch2,84,72,12,12,playing,watch1,highest_diff,,watch1,False,5,c,1784881265667,
1784881267338,watch1,84,71,13,13,playing,watch1,highest_diff,,watch2,False,10,c,1784881266467,
1784881267338,watch2,84,72,12,12,playing,watch1,highest_diff,,watch2,True,10,c,1784881265667,
1784881268463,watch1,84,71,13,13,playing,watch1,highest_diff,,watch1,True,15,c,1784881267609,
1784881268463,watch2,83,72,11,11,playing,watch1,highest_diff,,watch1,False,15,c,1784881267749,
1784881271691,watch1,82,71,11,11,playing,watch1,highest_diff,,watch2,False,30,a,1784881269497,
1784881271691,watch2,82,72,10,10,playing,watch1,highest_diff,,watch2,True,30,a,1784881269756,
1784881272946,watch1,82,71,11,11,playing,watch1,highest_diff,,watch1,True,5,c,1784881269497,
1784881272946,watch2,79,72,7,7,playing,watch1,highest_diff,,watch1,False,5,c,1784881272756,
1784881274079,watch1,79,71,8,8,playing,watch1,highest_diff,,watch1,True,15,c,1784881273528,
1784881274079,watch2,78,72,6,6,playing,watch1,highest_diff,,watch1,False,15,c,1784881273756,
1784881275197,watch1,79,71,8,8,playing,watch1,highest_diff,,watch1,True,20,c,1784881274687,
1784881275197,watch2,78,72,6,6,playing,watch1,highest_diff,,watch1,False,20,c,1784881273756,
1784881276335,watch1,78,71,7,7,playing,watch1,highest_diff,,watch2,False,25,c,1784881275566,
1784881276335,watch2,78,72,6,6,playing,watch1,highest_diff,,watch2,True,25,c,1784881275803,
1784881277476,watch1,78,71,7,7,playing,watch1,highest_diff,,watch1,True,30,c,1784881276865,
1784881277476,watch2,77,72,5,5,playing,watch1,highest_diff,,watch1,False,30,c,1784881276800,
1784881278601,watch1,77,71,6,6,playing,watch1,highest_diff,,watch2,False,5,c,1784881277609,
1784881278601,watch2,77,72,5,5,playing,watch1,highest_diff,,watch2,True,5,c,1784881277960,
1784881279766,watch1,78,71,7,7,playing,watch1,highest_diff,,watch1,True,10,c,1784881279627,
1784881279766,watch2,77,72,5,5,playing,watch1,highest_diff,,watch1,False,10,c,1784881279122,
1784881281006,watch1,78,71,7,7,playing,watch1,highest_diff,,watch2,False,15,c,1784881279627,
1784881281006,watch2,78,72,6,6,playing,watch1,highest_diff,,watch2,True,15,c,1784881280809,
1784881282134,watch1,78,71,7,7,playing,watch1,highest_diff,,watch2,False,25,c,1784881281437,
1784881282134,watch2,78,72,6,6,playing,watch1,highest_diff,,watch2,True,25,c,1784881280809,
1784881283254,watch1,78,71,7,7,playing,watch1,highest_diff,,watch2,False,30,c,1784881282501,
1784881283254,watch2,78,72,6,6,playing,watch1,highest_diff,,watch2,True,30,c,1784881282501,
1784881284425,watch1,78,71,7,7,playing,watch1,highest_diff,,watch2,False,5,c,1784881283636,
1784881284425,watch2,78,72,6,6,playing,watch1,highest_diff,,watch2,True,5,c,1784881283636,
1784881285568,watch1,79,71,8,8,playing,watch1,highest_diff,,watch1,True,10,a,1784881284869,
1784881285568,watch2,78,72,6,6,playing,watch1,highest_diff,,watch1,False,10,a,1784881284869,
1784881287793,watch1,78,71,7,7,playing,watch1,highest_diff,,watch2,False,20,c,1784881286676,
1784881287793,watch2,78,72,6,6,playing,watch1,highest_diff,,watch2,True,20,c,1784881287158,
1784881288956,watch1,77,71,6,6,playing,watch1,highest_diff,,watch2,False,25,c,1784881288724,
1784881288956,watch2,77,72,5,5,playing,watch1,highest_diff,,watch2,True,25,c,1784881287843,
1784881290082,watch1,77,71,6,6,playing,watch1,highest_diff,,watch2,False,5,c,1784881288724,
1784881290082,watch2,77,72,5,5,playing,watch1,highest_diff,,watch2,True,5,c,1784881289317,
1784881291202,watch1,76,71,5,5,playing,watch1,highest_diff,,watch2,False,10,c,1784881290742,
1784881291202,watch2,76,72,4,4,playing,watch1,highest_diff,,watch2,True,10,c,1784881290846,
1784881292324,watch1,76,71,5,5,playing,watch1,highest_diff,,watch2,False,15,c,1784881290742,
1784881292324,watch2,76,72,4,4,playing,watch1,highest_diff,,watch2,True,15,c,1784881290846,
1784881293447,watch1,75,71,4,4,playing,watch1,highest_diff,,watch2,False,20,c,1784881292764,
1784881293447,watch2,76,72,4,4,playing,watch1,highest_diff,,watch2,True,20,c,1784881292553,
1784881294567,watch1,75,71,4,4,playing,watch1,highest_diff,,watch2,False,25,c,1784881292764,
1784881294567,watch2,76,72,4,4,playing,watch1,highest_diff,,watch2,True,25,c,1784881293696,
1784881295706,watch1,75,71,4,4,playing,watch1,highest_diff,,watch2,False,30,c,1784881294762,
1784881295706,watch2,76,72,4,4,playing,watch1,highest_diff,,watch2,True,30,c,1784881294762,
1784881296875,watch1,76,71,5,5,playing,watch1,highest_diff,,watch2,False,5,c,1784881296802,
1784881296875,watch2,76,72,4,4,playing,watch1,highest_diff,,watch2,True,5,c,1784881296000,
1784881298118,watch1,76,71,5,5,playing,watch1,highest_diff,,watch2,False,15,c,1784881296802,
1784881298118,watch2,77,72,5,5,playing,watch1,highest_diff,,watch2,True,15,c,1784881296939,
1784881299307,watch1,77,71,6,6,playing,watch1,highest_diff,,watch2,False,20,c,1784881298814,
1784881299307,watch2,77,72,5,5,playing,watch1,highest_diff,,watch2,True,20,c,1784881298148,
1784881300476,watch1,77,71,6,6,playing,watch1,highest_diff,,watch2,False,25,c,1784881298814,
1784881300476,watch2,77,72,5,5,playing,watch1,highest_diff,,watch2,True,25,c,1784881299372,
1784881302782,watch1,77,71,6,6,playing,watch1,highest_diff,,watch1,True,5,c,1784881301672,
1784881302782,watch2,76,72,4,4,playing,watch1,highest_diff,,watch1,False,5,c,1784881301888,
1784881303903,watch1,77,71,6,6,playing,watch1,highest_diff,,watch1,True,10,c,1784881302852,
1784881303903,watch2,76,72,4,4,playing,watch1,highest_diff,,watch1,False,10,c,1784881301888,
1784881305737,watch1,76,71,5,5,playing,watch1,highest_diff,,watch2,False,20,c,1784881304883,
1784881305737,watch2,76,72,4,4,playing,watch1,highest_diff,,watch2,True,20,c,1784881305128,
1784881306932,watch1,76,71,5,5,playing,watch1,highest_diff,,watch2,False,25,c,1784881306708,
1784881306932,watch2,76,72,4,4,playing,watch1,highest_diff,,watch2,True,25,c,1784881306708,
1784881308097,watch1,76,71,5,5,playing,watch1,highest_diff,,watch2,False,5,c,1784881307895,
1784881308097,watch2,76,72,4,4,playing,watch1,highest_diff,,watch2,True,5,c,1784881307895,
1784881309230,watch1,76,71,5,5,playing,watch1,highest_diff,,watch2,False,10,c,1784881309049,
1784881309230,watch2,76,72,4,4,playing,watch1,highest_diff,,watch2,True,10,c,1784881309049,
1784881310408,watch1,76,71,5,5,playing,watch1,highest_diff,,watch2,False,15,c,1784881310183,
1784881310408,watch2,76,72,4,4,playing,watch1,highest_diff,,watch2,True,15,c,1784881310183,
1784881311535,watch1,76,71,5,5,playing,watch1,highest_diff,,watch1,True,20,c,1784881311361,
1784881311535,watch2,75,72,3,3,playing,watch1,highest_diff,,watch1,False,20,c,1784881310939,
1784881312658,watch1,76,71,5,5,playing,watch1,highest_diff,,watch1,True,25,c,1784881312467,
1784881312658,watch2,75,72,3,3,playing,watch1,highest_diff,,watch1,False,25,c,1784881312467,
1784881313787,watch1,76,71,5,5,playing,watch1,highest_diff,,watch1,True,30,c,1784881313604,
1784881313787,watch2,75,72,3,3,playing,watch1,highest_diff,,watch1,False,30,c,1784881313604,
1784881315022,watch1,76,71,5,5,playing,watch1,highest_diff,,watch1,True,5,c,1784881314737,
1784881315022,watch2,76,72,4,4,playing,watch1,highest_diff,,watch1,False,5,c,1784881314957,
1784881316199,watch1,76,71,5,5,playing,watch1,highest_diff,,watch2,False,15,c,1784881315918,
1784881316199,watch2,76,72,4,4,playing,watch1,highest_diff,,watch2,True,15,c,1784881314957,
1784881317371,watch1,76,71,5,5,playing,watch1,highest_diff,,watch2,False,20,c,1784881317032,
1784881317371,watch2,76,72,4,4,playing,watch1,highest_diff,,watch2,True,20,c,1784881317032,
1784881318495,watch1,77,71,6,6,playing,watch1,highest_diff,,watch1,True,25,c,1784881317961,
1784881318495,watch2,76,72,4,4,playing,watch1,highest_diff,,watch1,False,25,c,1784881318169,
1784881319628,watch1,77,71,6,6,playing,watch1,highest_diff,,watch2,False,30,c,1784881319241,
1784881319628,watch2,77,72,5,5,playing,watch1,highest_diff,,watch2,True,30,c,1784881318983,
1784881320757,watch1,77,71,6,6,playing,watch1,highest_diff,,watch2,False,5,a,1784881320336,
1784881320757,watch2,78,72,6,6,playing,watch1,highest_diff,,watch2,True,5,a,1784881319995,
1784881321881,watch1,77,71,6,6,playing,watch1,highest_diff,,watch2,False,10,a,1784881321445,
1784881321881,watch2,78,72,6,6,playing,watch1,highest_diff,,watch2,True,10,a,1784881321445,
1784881323024,watch1,77,71,6,6,playing,watch1,highest_diff,,watch2,False,20,a,1784881322627,
1784881323024,watch2,78,72,6,6,playing,watch1,highest_diff,,watch2,True,20,a,1784881322627,
1784881324173,watch1,77,71,6,6,playing,watch1,highest_diff,,watch2,False,25,a,1784881323767,
1784881324173,watch2,79,72,7,7,playing,watch1,highest_diff,,watch2,True,25,a,1784881324019,
1784881325298,watch1,77,71,6,6,playing,watch1,highest_diff,,watch2,False,30,c,1784881324942,
1784881325298,watch2,79,72,7,7,playing,watch1,highest_diff,,watch2,True,30,c,1784881324019,
1784881326427,watch1,77,71,6,6,playing,watch1,highest_diff,,watch2,False,5,c,1784881326070,
1784881326427,watch2,79,72,7,7,playing,watch1,highest_diff,,watch2,True,5,c,1784881326070,
1784881327551,watch1,77,71,6,6,playing,watch1,highest_diff,,watch2,False,10,c,1784881327211,
1784881327551,watch2,79,72,7,7,playing,watch1,highest_diff,,watch2,True,10,c,1784881327211,
1784881328678,watch1,77,71,6,6,playing,watch1,highest_diff,,watch2,False,15,c,1784881328453,
1784881328678,watch2,78,72,6,6,playing,watch1,highest_diff,,watch2,True,15,c,1784881328042,
1784881329803,watch1,77,71,6,6,playing,watch1,highest_diff,,watch2,False,20,c,1784881329516,
1784881329803,watch2,78,72,6,6,playing,watch1,highest_diff,,watch2,True,20,c,1784881329516,
1784881330928,watch1,77,71,6,6,playing,watch1,highest_diff,,watch2,False,25,c,1784881330700,
1784881330928,watch2,77,72,5,5,playing,watch1,highest_diff,,watch2,True,25,c,1784881330057,
1784881332072,watch1,77,71,6,6,playing,watch1,highest_diff,,watch2,False,5,c,1784881331767,
1784881332072,watch2,77,72,5,5,playing,watch1,highest_diff,,watch2,True,5,c,1784881331767,
1784881333196,watch1,77,71,6,6,playing,watch1,highest_diff,,watch2,False,10,c,1784881332903,
1784881333196,watch2,77,72,5,5,playing,watch1,highest_diff,,watch2,True,10,c,1784881332903,
1784881334375,watch1,77,71,6,6,playing,watch1,highest_diff,,watch2,False,15,c,1784881334144,
1784881334375,watch2,77,72,5,5,playing,watch1,highest_diff,,watch2,True,15,c,1784881334144,
1784881335505,watch1,76,71,5,5,playing,watch1,highest_diff,,watch2,False,20,c,1784881335071,
1784881335505,watch2,77,72,5,5,playing,watch1,highest_diff,,watch2,True,20,c,1784881335329,
1784881336631,watch1,76,71,5,5,playing,watch1,highest_diff,,watch2,False,25,c,1784881336397,
1784881336631,watch2,78,72,6,6,playing,watch1,highest_diff,,watch2,True,25,c,1784881336077,
1784881337759,watch1,75,71,4,4,playing,watch1,highest_diff,,watch2,False,30,c,1784881337192,
1784881337759,watch2,76,72,4,4,playing,watch1,highest_diff,,watch2,True,30,c,1784881337089,
1784881338887,watch1,75,71,4,4,playing,watch1,highest_diff,,watch2,False,5,c,1784881338465,
1784881338887,watch2,76,72,4,4,playing,watch1,highest_diff,,watch2,True,5,c,1784881338465,
1784881340012,watch1,75,71,4,4,playing,watch1,highest_diff,,watch2,False,15,a,1784881339706,
1784881340012,watch2,77,72,5,5,playing,watch1,highest_diff,,watch2,True,15,a,1784881339094,
1784881341210,watch1,74,71,3,3,playing,watch1,highest_diff,,watch2,False,20,a,1784881341140,
1784881341210,watch2,77,72,5,5,playing,watch1,highest_diff,,watch2,True,20,a,1784881340773,
1784881342369,watch1,74,71,3,3,playing,watch1,highest_diff,,watch2,False,25,c,1784881341140,
1784881342369,watch2,76,72,4,4,playing,watch1,highest_diff,,watch2,True,25,c,1784881342132,
1784881343495,watch1,74,71,3,3,playing,watch1,highest_diff,,watch2,False,30,a,1784881342984,
1784881343495,watch2,77,72,5,5,playing,watch1,highest_diff,,watch2,True,30,a,1784881343135,
1784881344656,watch1,74,71,3,3,playing,watch1,highest_diff,,watch2,False,5,c,1784881344087,
1784881344656,watch2,77,72,5,5,playing,watch1,highest_diff,,watch2,True,5,c,1784881343135,
1784881345784,watch1,73,71,2,2,playing,watch1,highest_diff,,watch2,False,10,c,1784881345182,
1784881345784,watch2,77,72,5,5,playing,watch1,highest_diff,,watch2,True,10,c,1784881345188,
1784881346910,watch1,73,71,2,2,playing,watch1,highest_diff,,watch2,False,15,c,1784881346360,
1784881346910,watch2,76,72,4,4,playing,watch1,highest_diff,,watch2,True,15,c,1784881346154,
1784881348064,watch1,73,71,2,2,playing,watch1,highest_diff,,watch2,False,25,c,1784881347426,
1784881348064,watch2,76,72,4,4,playing,watch1,highest_diff,,watch2,True,25,c,1784881347426,
1784881349225,watch1,73,71,2,2,playing,watch1,highest_diff,,watch2,False,30,c,1784881348575,
1784881349225,watch2,75,72,3,3,playing,watch1,highest_diff,,watch2,True,30,c,1784881348174,
1784881350376,watch1,73,71,2,2,playing,watch1,highest_diff,,watch2,False,5,c,1784881349643,
1784881350376,watch2,75,72,3,3,playing,watch1,highest_diff,,watch2,True,5,c,1784881349643,
1784881351505,watch1,73,71,2,2,playing,watch1,highest_diff,,watch2,False,10,c,1784881350780,
1784881351505,watch2,75,72,3,3,playing,watch1,highest_diff,,watch2,True,10,c,1784881350780,
1784881352631,watch1,72,71,1,1,playing,watch1,highest_diff,,watch2,False,15,c,1784881352257,
1784881352631,watch2,75,72,3,3,playing,watch1,highest_diff,,watch2,True,15,c,1784881351966,
1784881353759,watch1,72,71,1,1,playing,watch1,highest_diff,,watch2,False,20,c,1784881352257,
1784881353759,watch2,74,72,2,2,playing,watch1,highest_diff,,watch2,True,20,c,1784881353221,
1784881354888,watch1,72,71,1,1,playing,watch1,highest_diff,,watch2,False,25,c,1784881354221,
1784881354888,watch2,74,72,2,2,playing,watch1,highest_diff,,watch2,True,25,c,1784881354221,
1784881356041,watch1,72,71,1,1,playing,watch1,highest_diff,,watch2,False,5,c,1784881355414,
1784881356041,watch2,74,72,2,2,playing,watch1,highest_diff,,watch2,True,5,c,1784881355414,
1784881357168,watch1,72,71,1,1,playing,watch1,highest_diff,,watch2,False,10,c,1784881356554,
1784881357168,watch2,74,72,2,2,playing,watch1,highest_diff,,watch2,True,10,c,1784881356554,
1784881358301,watch1,72,71,1,1,playing,watch1,highest_diff,,watch2,False,15,c,1784881357745,
1784881358301,watch2,74,72,2,2,playing,watch1,highest_diff,,watch2,True,15,c,1784881357745,
1784881359548,watch1,73,71,2,2,playing,watch1,highest_diff,,watch2,False,20,c,1784881358313,
1784881359548,watch2,74,72,2,2,playing,watch1,highest_diff,,watch2,True,20,c,1784881358918,
1784881360701,watch1,73,71,2,2,playing,watch1,highest_diff,,watch2,False,25,c,1784881359996,
1784881360701,watch2,74,72,2,2,playing,watch1,highest_diff,,watch2,True,25,c,1784881359996,
1784881361834,watch1,73,71,2,2,playing,watch1,highest_diff,,watch2,False,30,c,1784881361138,
1784881361834,watch2,74,72,2,2,playing,watch1,highest_diff,,watch2,True,30,c,1784881361138,
1784881362979,watch1,73,71,2,2,playing,watch1,highest_diff,,watch2,False,5,c,1784881362330,
1784881362979,watch2,75,72,3,3,playing,watch1,highest_diff,,watch2,True,5,c,1784881362232,
1784881364110,watch1,73,71,2,2,playing,watch1,highest_diff,,watch2,False,15,c,1784881363444,
1784881364110,watch2,74,72,2,2,playing,watch1,highest_diff,,watch2,True,15,c,1784881363228,
1784881365255,watch1,73,71,2,2,playing,watch1,highest_diff,,watch2,False,20,c,1784881364521,
1784881365255,watch2,74,72,2,2,playing,watch1,highest_diff,,watch2,True,20,c,1784881364521,
1784881366404,watch1,73,71,2,2,playing,watch1,highest_diff,,watch2,False,25,c,1784881365710,
1784881366404,watch2,75,72,3,3,playing,watch1,highest_diff,,watch2,True,25,c,1784881366262,
1784881367535,watch1,74,71,3,3,playing,watch1,highest_diff,,watch2,False,30,c,1784881367364,
1784881367535,watch2,75,72,3,3,playing,watch1,highest_diff,,watch2,True,30,c,1784881366262,
1784881368666,watch1,74,71,3,3,playing,watch1,highest_diff,,watch2,False,5,c,1784881367364,
1784881368666,watch2,75,72,3,3,playing,watch1,highest_diff,,watch2,True,5,c,1784881368090,
1784881369846,watch1,74,71,3,3,playing,watch1,highest_diff,,watch2,False,10,c,1784881369167,
1784881369846,watch2,75,72,3,3,playing,watch1,highest_diff,,watch2,True,10,c,1784881369167,
1784881371049,watch1,74,71,3,3,playing,watch1,highest_diff,,watch2,False,20,c,1784881370334,
1784881371049,watch2,75,72,3,3,playing,watch1,highest_diff,,watch2,True,20,c,1784881370334,
1784881372182,watch1,74,71,3,3,playing,watch1,highest_diff,,watch2,False,25,c,1784881371511,
1784881372182,watch2,75,72,3,3,playing,watch1,highest_diff,,watch2,True,25,c,1784881371511,
1784881373320,watch1,74,71,3,3,playing,watch1,highest_diff,,watch2,False,30,c,1784881372689,
1784881373320,watch2,76,72,4,4,playing,watch1,highest_diff,,watch2,True,30,c,1784881372271,
1784881374451,watch1,74,71,3,3,playing,watch1,highest_diff,,watch2,False,5,c,1784881373762,
1784881374451,watch2,76,72,4,4,playing,watch1,highest_diff,,watch2,True,5,c,1784881373762,
1784881375609,watch1,75,71,4,4,playing,watch1,highest_diff,,watch2,False,10,c,1784881375453,
1784881375609,watch2,76,72,4,4,playing,watch1,highest_diff,,watch2,True,10,c,1784881374902,
1784881376749,watch1,75,71,4,4,playing,watch1,highest_diff,,watch2,False,15,c,1784881375453,
1784881376749,watch2,76,72,4,4,playing,watch1,highest_diff,,watch2,True,15,c,1784881376155,
1784881377881,watch1,75,71,4,4,playing,watch1,highest_diff,,watch2,False,20,c,1784881377268,
1784881377881,watch2,76,72,4,4,playing,watch1,highest_diff,,watch2,True,20,c,1784881377268,
1784881379028,watch1,75,71,4,4,playing,watch1,highest_diff,,watch2,False,30,c,1784881378405,
1784881379028,watch2,76,72,4,4,playing,watch1,highest_diff,,watch2,True,30,c,1784881378405,
1784881380161,watch1,75,71,4,4,playing,watch1,highest_diff,,watch2,False,5,c,1784881379537,
1784881380161,watch2,77,72,5,5,playing,watch1,highest_diff,,watch2,True,5,c,1784881379310,
1784881381404,watch1,76,71,5,5,playing,watch1,highest_diff,,watch2,False,10,a,1784881380673,
1784881381404,watch2,77,72,5,5,playing,watch1,highest_diff,,watch2,True,10,a,1784881381334,
1784881382559,watch1,76,71,5,5,playing,watch1,highest_diff,,watch2,False,15,c,1784881381742,
1784881382559,watch2,77,72,5,5,playing,watch1,highest_diff,,watch2,True,15,c,1784881381334,
1784881383701,watch1,77,71,6,6,playing,watch1,highest_diff,,watch2,False,20,a,1784881383553,
1784881383701,watch2,79,72,7,7,playing,watch1,highest_diff,,watch2,True,20,a,1784881383324,
1784881384834,watch1,77,71,6,6,playing,watch1,highest_diff,,watch2,False,25,c,1784881383553,
1784881384834,watch2,77,72,5,5,playing,watch1,highest_diff,,watch2,True,25,c,1784881384351,
1784881385982,watch1,77,71,6,6,playing,watch1,highest_diff,,watch1,True,30,c,1784881384988,
1784881385982,watch2,76,72,4,4,playing,watch1,highest_diff,,watch1,False,30,c,1784881385369,
1784881387121,watch1,77,71,6,6,playing,watch1,highest_diff,,watch2,False,10,c,1784881386063,
1784881387121,watch2,77,72,5,5,playing,watch1,highest_diff,,watch2,True,10,c,1784881386380,
1784881388351,watch1,77,71,6,6,playing,watch1,highest_diff,,watch2,False,15,c,1784881387175,
1784881388351,watch2,77,72,5,5,playing,watch1,highest_diff,,watch2,True,15,c,1784881388268,
1784881389596,watch1,76,71,5,5,playing,watch1,highest_diff,,watch1,True,20,c,1784881388621,
1784881389596,watch2,75,72,3,3,playing,watch1,highest_diff,,watch1,False,20,c,1784881389478,
1784881390755,watch1,76,71,5,5,playing,watch1,highest_diff,,watch1,True,25,c,1784881390548,
1784881390755,watch2,72,72,0,0,playing,watch1,highest_diff,,watch1,False,25,c,1784881390389,
1784881391901,watch1,76,71,5,5,playing,watch1,highest_diff,,watch1,True,30,c,1784881391708,
1784881391901,watch2,72,72,0,0,playing,watch1,highest_diff,,watch1,False,30,c,1784881391708,
1784881393065,watch1,76,71,5,5,playing,watch1,highest_diff,,watch1,True,10,c,1784881392853,
1784881393065,watch2,72,72,0,0,playing,watch1,highest_diff,,watch1,False,10,c,1784881392853,
1784881394197,watch1,76,71,5,5,playing,watch1,highest_diff,,watch1,True,15,c,1784881394000,
1784881394197,watch2,73,72,1,1,playing,watch1,highest_diff,,watch1,False,15,c,1784881393396,
1784881395336,watch1,75,71,4,4,playing,watch1,highest_diff,,watch1,True,20,c,1784881394619,
1784881395336,watch2,73,72,1,1,playing,watch1,highest_diff,,watch1,False,20,c,1784881395077,
1784881396605,watch1,75,71,4,4,playing,watch1,highest_diff,,watch1,True,25,c,1784881396182,
1784881396605,watch2,72,72,0,0,playing,watch1,highest_diff,,watch1,False,25,c,1784881396415,
1784881398154,watch1,75,71,4,4,playing,watch1,highest_diff,,watch1,True,30,c,1784881397384,
1784881398154,watch2,72,72,0,0,playing,watch1,highest_diff,,watch1,False,30,c,1784881396415,
1784881399301,watch1,75,71,4,4,playing,watch1,highest_diff,,watch1,True,10,c,1784881398449,
1784881399301,watch2,72,72,0,0,playing,watch1,highest_diff,,watch1,False,10,c,1784881398449,
1784881400432,watch1,75,71,4,4,playing,watch1,highest_diff,,watch1,True,15,c,1784881399656,
1784881400432,watch2,71,72,-1,1,playing,watch1,highest_diff,,watch1,False,15,c,1784881399425,
1784881401623,watch1,74,71,3,3,playing,watch1,highest_diff,,watch1,True,20,a,1784881400671,
1784881401623,watch2,71,72,-1,1,playing,watch1,highest_diff,,watch1,False,20,a,1784881400727,
1784881403244,watch1,75,71,4,4,playing,watch1,highest_diff,,watch1,True,30,c,1784881402704,
1784881403244,watch2,71,72,-1,1,playing,watch1,highest_diff,,watch1,False,30,c,1784881403063,
1784881404389,watch1,75,71,4,4,playing,watch1,highest_diff,,watch1,True,5,c,1784881404214,
1784881404389,watch2,72,72,0,0,playing,watch1,highest_diff,,watch1,False,5,c,1784881403443,
1784881405609,watch1,75,71,4,4,playing,watch1,highest_diff,,watch1,True,10,c,1784881405281,
1784881405609,watch2,73,72,1,1,playing,watch1,highest_diff,,watch1,False,10,c,1784881405486,
1784881406808,watch1,75,71,4,4,playing,watch1,highest_diff,,watch1,True,15,c,1784881406486,
1784881406808,watch2,73,72,1,1,playing,watch1,highest_diff,,watch1,False,15,c,1784881406486,
1784881407982,watch1,75,71,4,4,playing,watch1,highest_diff,,watch1,True,20,c,1784881407665,
1784881407982,watch2,72,72,0,0,playing,watch1,highest_diff,,watch1,False,20,c,1784881407448,
1784881409125,watch1,75,71,4,4,playing,watch1,highest_diff,,watch1,True,30,c,1784881408739,
1784881409125,watch2,72,72,0,0,playing,watch1,highest_diff,,watch1,False,30,c,1784881408739,
1784881410258,watch1,75,71,4,4,playing,watch1,highest_diff,,watch1,True,5,c,1784881409879,
1784881410258,watch2,72,72,0,0,playing,watch1,highest_diff,,watch1,False,5,c,1784881409879,
1784881411404,watch1,75,71,4,4,playing,watch1,highest_diff,,watch1,True,10,c,1784881411070,
1784881411404,watch2,72,72,0,0,playing,watch1,highest_diff,,watch1,False,10,c,1784881411070,
1784881412543,watch1,75,71,4,4,playing,watch1,highest_diff,,watch1,True,15,c,1784881412267,
1784881412543,watch2,72,72,0,0,playing,watch1,highest_diff,,watch1,False,15,c,1784881412267,
1784881413746,watch1,75,71,4,4,playing,watch1,highest_diff,,watch1,True,20,c,1784881413474,
1784881413746,watch2,72,72,0,0,playing,watch1,highest_diff,,watch1,False,20,c,1784881413474,
1784881414884,watch1,75,71,4,4,playing,watch1,highest_diff,,watch1,True,25,c,1784881414709,
1784881414884,watch2,74,72,2,2,playing,watch1,highest_diff,,watch1,False,25,c,1784881414470,
1784881416083,watch1,75,71,4,4,playing,watch1,highest_diff,,watch1,True,5,c,1784881415774,
1784881416083,watch2,74,72,2,2,playing,watch1,highest_diff,,watch1,False,5,c,1784881415774,
1784881417220,watch1,76,71,5,5,playing,watch1,highest_diff,,watch1,True,10,c,1784881417030,
1784881417220,watch2,73,72,1,1,playing,watch1,highest_diff,,watch1,False,10,c,1784881416482,
1784881418355,watch1,76,71,5,5,playing,watch1,highest_diff,,watch1,True,15,c,1784881418099,
1784881418355,watch2,74,72,2,2,playing,watch1,highest_diff,,watch1,False,15,c,1784881417484,
1784881419489,watch1,76,71,5,5,playing,watch1,highest_diff,,watch1,True,20,c,1784881419168,
1784881419489,watch2,74,72,2,2,playing,watch1,highest_diff,,watch1,False,20,c,1784881419168,
1784881420626,watch1,76,71,5,5,playing,watch1,highest_diff,,watch1,True,25,c,1784881420371,
1784881420626,watch2,74,72,2,2,playing,watch1,highest_diff,,watch1,False,25,c,1784881420371,
1784881421763,watch1,76,71,5,5,playing,watch1,highest_diff,,watch1,True,30,c,1784881421510,
1784881421763,watch2,74,72,2,2,playing,watch1,highest_diff,,watch1,False,30,c,1784881421510,
1784881422996,watch1,77,71,6,6,playing,watch1,highest_diff,,watch1,True,5,c,1784881421828,
1784881422996,watch2,76,72,4,4,playing,watch1,highest_diff,,watch1,False,5,c,1784881422527,
1784881424148,watch1,77,71,6,6,playing,watch1,highest_diff,,watch2,False,15,c,1784881423647,
1784881424148,watch2,78,72,6,6,playing,watch1,highest_diff,,watch2,True,15,c,1784881423542,
1784881425292,watch1,77,71,6,6,playing,watch1,highest_diff,,watch2,False,20,c,1784881424749,
1784881425292,watch2,78,72,6,6,playing,watch1,highest_diff,,watch2,True,20,c,1784881424749,
1784881426428,watch1,78,71,7,7,playing,watch1,highest_diff,,watch2,False,25,c,1784881425874,
1784881426428,watch2,78,72,6,6,playing,watch1,highest_diff,,watch2,True,25,c,1784881425906,
1784881427573,watch1,78,71,7,7,playing,watch1,highest_diff,,watch2,False,30,c,1784881427080,
1784881427573,watch2,78,72,6,6,playing,watch1,highest_diff,,watch2,True,30,c,1784881427080,
1784881428763,watch1,78,71,7,7,playing,watch1,highest_diff,,watch2,False,5,c,1784881428228,
1784881428763,watch2,78,72,6,6,playing,watch1,highest_diff,,watch2,True,5,c,1784881428576,
1784881429899,watch1,79,71,8,8,playing,watch1,highest_diff,,watch1,True,10,c,1784881428897,
1784881429899,watch2,78,72,6,6,playing,watch1,highest_diff,,watch1,False,10,c,1784881428576,
1784881431099,watch1,78,71,7,7,playing,watch1,highest_diff,,watch2,False,20,c,1784881430927,
1784881431099,watch2,78,72,6,6,playing,watch1,highest_diff,,watch2,True,20,c,1784881430378,
1784881432240,watch1,78,71,7,7,playing,watch1,highest_diff,,watch1,True,25,c,1784881430927,
1784881432240,watch2,77,72,5,5,playing,watch1,highest_diff,,watch1,False,25,c,1784881431628,
1784881433440,watch1,78,71,7,7,playing,watch1,highest_diff,,watch1,True,30,c,1784881432630,
1784881433440,watch2,77,72,5,5,playing,watch1,highest_diff,,watch1,False,30,c,1784881432630,
1784881434610,watch1,78,71,7,7,playing,watch1,highest_diff,,watch2,False,5,a,1784881433862,
1784881434610,watch2,79,72,7,7,playing,watch1,highest_diff,,watch2,True,5,a,1784881433601,
1784881435778,watch1,80,71,9,9,playing,watch1,highest_diff,,watch2,False,10,c,1784881435015,
1784881435778,watch2,81,72,9,9,playing,watch1,highest_diff,,watch2,True,10,c,1784881435625,
1784881436917,watch1,80,71,9,9,playing,watch1,highest_diff,,watch2,False,15,c,1784881436102,
1784881436917,watch2,85,72,13,13,playing,watch1,highest_diff,,watch2,True,15,c,1784881436636,
1784881438098,watch1,82,71,11,11,playing,watch1,highest_diff,,watch2,False,25,c,1784881437019,
1784881438098,watch2,85,72,13,13,playing,watch1,highest_diff,,watch2,True,25,c,1784881436636,
1784881439275,watch1,84,71,13,13,playing,watch1,highest_diff,,watch2,False,30,c,1784881439025,
1784881439275,watch2,85,72,13,13,playing,watch1,highest_diff,,watch2,True,30,c,1784881438168,
1784881440517,watch1,84,71,13,13,playing,watch1,highest_diff,,watch2,False,5,c,1784881439025,
1784881440517,watch2,85,72,13,13,playing,watch1,highest_diff,,watch2,True,5,c,1784881440437,
1784881441873,watch1,84,71,13,13,playing,watch1,highest_diff,,watch1,True,10,a,1784881440437,
1784881441873,watch2,84,72,12,12,playing,watch1,highest_diff,,watch1,False,10,a,1784881441701,
1784881443231,watch1,83,71,12,12,playing,watch1,highest_diff,,watch1,True,20,a,1784881443114,
1784881443231,watch2,81,72,9,9,playing,watch1,highest_diff,,watch1,False,20,a,1784881442681,
1784881444439,watch1,83,71,12,12,playing,watch1,highest_diff,,watch1,True,25,a,1784881444114,
1784881444439,watch2,82,72,10,10,playing,watch1,highest_diff,,watch1,False,25,a,1784881443686,
1784881445630,watch1,83,71,12,12,playing,watch1,highest_diff,,watch1,True,30,a,1784881445255,
1784881445630,watch2,82,72,10,10,playing,watch1,highest_diff,,watch1,False,30,a,1784881445255,
1784881447051,watch1,83,71,12,12,playing,watch1,highest_diff,,watch2,False,10,a,1784881446424,
1784881447051,watch2,84,72,12,12,playing,watch1,highest_diff,,watch2,True,10,a,1784881446728,
1784881448332,watch1,83,71,12,12,playing,watch1,highest_diff,,watch2,False,15,c,1784881447490,
1784881448332,watch2,83,72,11,11,playing,watch1,highest_diff,,watch2,True,15,c,1784881447719,
1784881449467,watch1,83,71,12,12,playing,watch1,highest_diff,,watch2,False,20,c,1784881448559,
1784881449467,watch2,83,72,11,11,playing,watch1,highest_diff,,watch2,True,20,c,1784881447719,
1784881450615,watch1,83,71,12,12,playing,watch1,highest_diff,,watch2,False,25,c,1784881449668,
1784881450615,watch2,83,72,11,11,playing,watch1,highest_diff,,watch2,True,25,c,1784881449668,
1784881451760,watch1,83,71,12,12,playing,watch1,highest_diff,,watch1,True,30,c,1784881450961,
1784881451760,watch2,81,72,9,9,playing,watch1,highest_diff,,watch1,False,30,c,1784881450761,
1784881452996,watch1,81,71,10,10,playing,watch1,highest_diff,,watch1,True,5,a,1784881452152,
1784881452996,watch2,80,72,8,8,playing,watch1,highest_diff,,watch1,False,5,a,1784881451760,
1784881454140,watch1,81,71,10,10,playing,watch1,highest_diff,,watch1,True,15,c,1784881452152,
1784881454140,watch2,80,72,8,8,playing,watch1,highest_diff,,watch1,False,15,c,1784881453151,
1784881456564,watch1,79,71,8,8,playing,watch1,highest_diff,,watch2,False,25,c,1784881456199,
1784881456564,watch2,79,72,7,7,playing,watch1,highest_diff,,watch2,True,25,c,1784881455779,
1784881457810,watch1,79,71,8,8,playing,watch1,highest_diff,,watch2,False,30,c,1784881457607,
1784881457810,watch2,79,72,7,7,playing,watch1,highest_diff,,watch2,True,30,c,1784881457607,
1784881459027,watch1,79,71,8,8,playing,watch1,highest_diff,,watch2,False,10,c,1784881458763,
1784881459027,watch2,79,72,7,7,playing,watch1,highest_diff,,watch2,True,10,c,1784881458763,
1784881460194,watch1,79,71,8,8,playing,watch1,highest_diff,,watch2,False,15,c,1784881459913,
1784881460194,watch2,79,72,7,7,playing,watch1,highest_diff,,watch2,True,15,c,1784881459913,
1784881461427,watch1,78,71,7,7,playing,watch1,highest_diff,,watch2,False,20,c,1784881460244,
1784881461427,watch2,79,72,7,7,playing,watch1,highest_diff,,watch2,True,20,c,1784881461083,
1784881462594,watch1,78,71,7,7,playing,watch1,highest_diff,,watch2,False,25,c,1784881462219,
1784881462594,watch2,79,72,7,7,playing,watch1,highest_diff,,watch2,True,25,c,1784881462219,
1784881463764,watch1,79,71,8,8,playing,watch1,highest_diff,,watch2,False,30,c,1784881463474,
1784881463764,watch2,79,72,7,7,playing,watch1,highest_diff,,watch2,True,30,c,1784881463474,
1784881464938,watch1,79,71,8,8,playing,watch1,highest_diff,,watch2,False,5,c,1784881464663,
1784881464938,watch2,79,72,7,7,playing,watch1,highest_diff,,watch2,True,5,c,1784881464663,
1784881466156,watch1,79,71,8,8,playing,watch1,highest_diff,,watch2,False,15,c,1784881465838,
1784881466156,watch2,79,72,7,7,playing,watch1,highest_diff,,watch2,True,15,c,1784881465838,
1784881467511,watch1,78,71,7,7,playing,watch1,highest_diff,,watch2,False,20,c,1784881467328,
1784881467511,watch2,78,72,6,6,playing,watch1,highest_diff,,watch2,True,20,c,1784881467106,
1784881468679,watch1,78,71,7,7,playing,watch1,highest_diff,,watch2,False,25,c,1784881467328,
1784881468679,watch2,78,72,6,6,playing,watch1,highest_diff,,watch2,True,25,c,1784881468252,
1784881469949,watch1,78,71,7,7,playing,watch1,highest_diff,,watch1,True,30,c,1784881469322,
1784881469949,watch2,77,72,5,5,playing,watch1,highest_diff,,watch1,False,30,c,1784881469805,
1784881471158,watch1,78,71,7,7,playing,watch1,highest_diff,,watch1,True,10,c,1784881470467,
1784881471158,watch2,77,72,5,5,playing,watch1,highest_diff,,watch1,False,10,c,1784881469805,
1784881472326,watch1,78,71,7,7,playing,watch1,highest_diff,,watch1,True,15,c,1784881471540,
1784881472326,watch2,77,72,5,5,playing,watch1,highest_diff,,watch1,False,15,c,1784881471540,
1784881473549,watch1,77,71,6,6,playing,watch1,highest_diff,,watch2,False,20,c,1784881473370,
1784881473549,watch2,77,72,5,5,playing,watch1,highest_diff,,watch2,True,20,c,1784881472787,
1784881474721,watch1,77,71,6,6,playing,watch1,highest_diff,,watch2,False,25,c,1784881473370,
1784881474721,watch2,77,72,5,5,playing,watch1,highest_diff,,watch2,True,25,c,1784881473932,
1784881475928,watch1,77,71,6,6,playing,watch1,highest_diff,,watch2,False,30,c,1784881475011,
1784881475928,watch2,77,72,5,5,playing,watch1,highest_diff,,watch2,True,30,c,1784881475011,
1784881477136,watch1,77,71,6,6,playing,watch1,highest_diff,,watch2,False,10,c,1784881476158,
1784881477136,watch2,77,72,5,5,playing,watch1,highest_diff,,watch2,True,10,c,1784881476158,
1784881478328,watch1,77,71,6,6,playing,watch1,highest_diff,,watch2,False,15,c,1784881477348,
1784881478328,watch2,77,72,5,5,playing,watch1,highest_diff,,watch2,True,15,c,1784881477348,
1784881479623,watch1,78,71,7,7,playing,watch1,highest_diff,,watch1,True,20,c,1784881479427,
1784881479623,watch2,77,72,5,5,playing,watch1,highest_diff,,watch1,False,20,c,1784881478531,
1784881481022,watch1,78,71,7,7,playing,watch1,highest_diff,,watch1,True,25,c,1784881480810,
1784881481022,watch2,77,72,5,5,playing,watch1,highest_diff,,watch1,False,25,c,1784881480810,
1784881482307,watch1,78,71,7,7,playing,watch1,highest_diff,,watch1,True,5,c,1784881482049,
1784881482307,watch2,77,72,5,5,playing,watch1,highest_diff,,watch1,False,5,c,1784881482049,
1784881483544,watch1,78,71,7,7,playing,watch1,highest_diff,,watch2,False,10,c,1784881483202,
1784881483544,watch2,78,72,6,6,playing,watch1,highest_diff,,watch2,True,10,c,1784881482843,
1784881484705,watch1,78,71,7,7,playing,watch1,highest_diff,,watch2,False,15,c,1784881484280,
1784881484705,watch2,78,72,6,6,playing,watch1,highest_diff,,watch2,True,15,c,1784881484280,
1784881485868,watch1,78,71,7,7,playing,watch1,highest_diff,,watch2,False,20,c,1784881485425,
1784881485868,watch2,79,72,7,7,playing,watch1,highest_diff,,watch2,True,20,c,1784881484860,
1784881487057,watch1,79,71,8,8,playing,watch1,highest_diff,,watch2,False,30,c,1784881486491,
1784881487057,watch2,79,72,7,7,playing,watch1,highest_diff,,watch2,True,30,c,1784881486502,
1784881488234,watch1,79,71,8,8,playing,watch1,highest_diff,,watch2,False,5,c,1784881487710,
1784881488234,watch2,79,72,7,7,playing,watch1,highest_diff,,watch2,True,5,c,1784881487710,
1784881489402,watch1,80,71,9,9,playing,watch1,highest_diff,,watch1,True,10,c,1784881488529,
1784881489402,watch2,79,72,7,7,playing,watch1,highest_diff,,watch1,False,10,c,1784881488954,
1784881490650,watch1,81,71,10,10,playing,watch1,highest_diff,,watch2,False,15,a,1784881490534,
1784881490650,watch2,81,72,9,9,playing,watch1,highest_diff,,watch2,True,15,a,1784881489897,
1784881492329,watch1,81,71,10,10,playing,watch1,highest_diff,,watch2,False,25,a,1784881490534,
1784881492329,watch2,82,72,10,10,playing,watch1,highest_diff,,watch2,True,25,a,1784881492199,
1784881493504,watch1,82,71,11,11,playing,watch1,highest_diff,,watch1,True,30,a,1784881492561,
1784881493504,watch2,81,72,9,9,playing,watch1,highest_diff,,watch1,False,30,a,1784881492916,
1784881494680,watch1,82,71,11,11,playing,watch1,highest_diff,,watch1,True,5,a,1784881494198,
1784881494680,watch2,81,72,9,9,playing,watch1,highest_diff,,watch1,False,5,a,1784881494198,
1784881495854,watch1,82,71,11,11,playing,watch1,highest_diff,,watch1,True,10,a,1784881495350,
1784881495854,watch2,81,72,9,9,playing,watch1,highest_diff,,watch1,False,10,a,1784881495350,
1784881497033,watch1,81,71,10,10,playing,watch1,highest_diff,,watch2,False,20,a,1784881496649,
1784881497033,watch2,81,72,9,9,playing,watch1,highest_diff,,watch2,True,20,a,1784881496496,
1784881498245,watch1,81,71,10,10,playing,watch1,highest_diff,,watch1,True,25,a,1784881497649,
1784881498245,watch2,80,72,8,8,playing,watch1,highest_diff,,watch1,False,25,a,1784881497917,
1784881499448,watch1,80,71,9,9,playing,watch1,highest_diff,,watch2,False,30,c,1784881498596,
1784881499448,watch2,80,72,8,8,playing,watch1,highest_diff,,watch2,True,30,c,1784881497917,
1784881500621,watch1,80,71,9,9,playing,watch1,highest_diff,,watch1,True,5,c,1784881499790,
1784881500621,watch2,79,72,7,7,playing,watch1,highest_diff,,watch1,False,5,c,1784881499932,
1784881501851,watch1,79,71,8,8,playing,watch1,highest_diff,,watch2,False,10,c,1784881500639,
1784881501851,watch2,79,72,7,7,playing,watch1,highest_diff,,watch2,True,10,c,1784881500932,
1784881503118,watch1,78,71,7,7,playing,watch1,highest_diff,,watch2,False,20,c,1784881502644,
1784881503118,watch2,78,72,6,6,playing,watch1,highest_diff,,watch2,True,20,c,1784881502953,
1784881504343,watch1,77,71,6,6,playing,watch1,highest_diff,,watch2,False,25,c,1784881503669,
1784881504343,watch2,78,72,6,6,playing,watch1,highest_diff,,watch2,True,25,c,1784881504211,
1784881505515,watch1,77,71,6,6,playing,watch1,highest_diff,,watch2,False,30,c,1784881505293,
1784881505515,watch2,78,72,6,6,playing,watch1,highest_diff,,watch2,True,30,c,1784881505293,
1784881506684,watch1,77,71,6,6,playing,watch1,highest_diff,,watch2,False,5,c,1784881506437,
1784881506684,watch2,78,72,6,6,playing,watch1,highest_diff,,watch2,True,5,c,1784881506437,
1784881507861,watch1,77,71,6,6,playing,watch1,highest_diff,,watch2,False,10,c,1784881507627,
1784881507861,watch2,78,72,6,6,playing,watch1,highest_diff,,watch2,True,10,c,1784881507627,
1784881509055,watch1,77,71,6,6,playing,watch1,highest_diff,,watch2,False,20,c,1784881508812,
1784881509055,watch2,79,72,7,7,playing,watch1,highest_diff,,watch2,True,20,c,1784881507960,
1784881510230,watch1,77,71,6,6,playing,watch1,highest_diff,,watch2,False,25,c,1784881509988,
1784881510230,watch2,79,72,7,7,playing,watch1,highest_diff,,watch2,True,25,c,1784881509988,
1784881511405,watch1,77,71,6,6,playing,watch1,highest_diff,,watch2,False,30,c,1784881511180,
1784881511405,watch2,79,72,7,7,playing,watch1,highest_diff,,watch2,True,30,c,1784881511180,
1784881512614,watch1,77,71,6,6,playing,watch1,highest_diff,,watch2,False,5,c,1784881512338,
1784881512614,watch2,79,72,7,7,playing,watch1,highest_diff,,watch2,True,5,c,1784881512338,
1784881513895,watch1,77,71,6,6,playing,watch1,highest_diff,,watch2,False,10,c,1784881513484,
1784881513895,watch2,79,72,7,7,playing,watch1,highest_diff,,watch2,True,10,c,1784881513484,
1784881515324,watch1,77,71,6,6,playing,watch1,highest_diff,,watch2,False,20,a,1784881514649,
1784881515324,watch2,80,72,8,8,playing,watch1,highest_diff,,watch2,True,20,a,1784881514008,
1784881516535,watch1,77,71,6,6,playing,watch1,highest_diff,,watch2,False,25,a,1784881515741,
1784881516535,watch2,82,72,10,10,playing,watch1,highest_diff,,watch2,True,25,a,1784881516111,
1784881517694,watch1,79,71,8,8,playing,watch1,highest_diff,,watch2,False,30,a,1784881517069,
1784881517694,watch2,82,72,10,10,playing,watch1,highest_diff,,watch2,True,30,a,1784881516111,
1784881519007,watch1,81,71,10,10,playing,watch1,highest_diff,,watch2,False,5,a,1784881517777,
1784881519007,watch2,82,72,10,10,playing,watch1,highest_diff,,watch2,True,5,a,1784881518139,
1784881520303,watch1,82,71,11,11,playing,watch1,highest_diff,,watch2,False,15,c,1784881519800,
1784881520303,watch2,82,72,10,10,playing,watch1,highest_diff,,watch2,True,15,c,1784881519217,
1784881521490,watch1,82,71,11,11,playing,watch1,highest_diff,,watch1,True,20,c,1784881519800,
1784881521490,watch2,81,72,9,9,playing,watch1,highest_diff,,watch1,False,20,c,1784881521041,
1784881522699,watch1,80,71,9,9,playing,watch1,highest_diff,,watch2,False,25,c,1784881521827,
1784881522699,watch2,80,72,8,8,playing,watch1,highest_diff,,watch2,True,25,c,1784881522032,
1784881523872,watch1,79,71,8,8,playing,watch1,highest_diff,,watch2,False,30,c,1784881522834,
1784881523872,watch2,80,72,8,8,playing,watch1,highest_diff,,watch2,True,30,c,1784881523640,
1784881525035,watch1,78,71,7,7,playing,watch1,highest_diff,,watch2,False,10,c,1784881524862,
1784881525035,watch2,80,72,8,8,playing,watch1,highest_diff,,watch2,True,10,c,1784881524709,
1784881526319,watch1,78,71,7,7,playing,watch1,highest_diff,,watch2,False,15,c,1784881525862,
1784881526319,watch2,78,72,6,6,playing,watch1,highest_diff,,watch2,True,15,c,1784881526049,
1784881529329,watch1,78,71,7,7,playing,watch1,highest_diff,,watch1,True,30,c,1784881526935,
1784881529329,watch2,77,72,5,5,playing,watch1,highest_diff,,watch1,False,30,c,1784881529104,
1784881530627,watch1,78,71,7,7,playing,watch1,highest_diff,,watch1,True,5,c,1784881526935,
1784881530627,watch2,77,72,5,5,playing,watch1,highest_diff,,watch1,False,5,c,1784881529104,
1784881531848,watch1,76,71,5,5,playing,watch1,highest_diff,,watch2,False,10,c,1784881530927,
1784881531848,watch2,77,72,5,5,playing,watch1,highest_diff,,watch2,True,10,c,1784881531092,
1784881533027,watch1,76,71,5,5,playing,watch1,highest_diff,,watch2,False,20,c,1784881532212,
1784881533027,watch2,76,72,4,4,playing,watch1,highest_diff,,watch2,True,20,c,1784881532070,
1784881534250,watch1,76,71,5,5,playing,watch1,highest_diff,,watch1,True,25,c,1784881533353,
1784881534250,watch2,75,72,3,3,playing,watch1,highest_diff,,watch1,False,25,c,1784881534084,
1784881535446,watch1,75,71,4,4,playing,watch1,highest_diff,,watch2,False,30,c,1784881534962,
1784881535446,watch2,75,72,3,3,playing,watch1,highest_diff,,watch2,True,30,c,1784881534084,
1784881536671,watch1,75,71,4,4,playing,watch1,highest_diff,,watch2,False,5,c,1784881534962,
1784881536671,watch2,75,72,3,3,playing,watch1,highest_diff,,watch2,True,5,c,1784881535645,
1784881537941,watch1,75,71,4,4,playing,watch1,highest_diff,,watch2,False,10,c,1784881536756,
1784881537941,watch2,75,72,3,3,playing,watch1,highest_diff,,watch2,True,10,c,1784881536756,
1784881539202,watch1,75,71,4,4,playing,watch1,highest_diff,,watch2,False,20,c,1784881537967,
1784881539202,watch2,75,72,3,3,playing,watch1,highest_diff,,watch2,True,20,c,1784881537967,
1784881540568,watch1,75,71,4,4,playing,watch1,highest_diff,,watch2,False,25,c,1784881540482,
1784881540568,watch2,76,72,4,4,playing,watch1,highest_diff,,watch2,True,25,c,1784881540098,
1784881541752,watch1,76,71,5,5,playing,watch1,highest_diff,,watch2,False,30,c,1784881541010,
1784881541752,watch2,76,72,4,4,playing,watch1,highest_diff,,watch2,True,30,c,1784881541594,
1784881542997,watch1,76,71,5,5,playing,watch1,highest_diff,,watch2,False,5,c,1784881542674,
1784881542997,watch2,76,72,4,4,playing,watch1,highest_diff,,watch2,True,5,c,1784881542674,
1784881544303,watch1,77,71,6,6,playing,watch1,highest_diff,,watch2,False,15,c,1784881544075,
1784881544303,watch2,77,72,5,5,playing,watch1,highest_diff,,watch2,True,15,c,1784881544148,
1784881545513,watch1,77,71,6,6,playing,watch1,highest_diff,,watch2,False,20,c,1784881545076,
1784881545513,watch2,77,72,5,5,playing,watch1,highest_diff,,watch2,True,20,c,1784881544148,
1784881546689,watch1,77,71,6,6,playing,watch1,highest_diff,,watch2,False,25,c,1784881546315,
1784881546689,watch2,77,72,5,5,playing,watch1,highest_diff,,watch2,True,25,c,1784881546315,
1784881547865,watch1,77,71,6,6,playing,watch1,highest_diff,,watch2,False,30,c,1784881547495,
1784881547865,watch2,77,72,5,5,playing,watch1,highest_diff,,watch2,True,30,c,1784881547495,
1784881549062,watch1,77,71,6,6,playing,watch1,highest_diff,,watch2,False,10,c,1784881548659,
1784881549062,watch2,77,72,5,5,playing,watch1,highest_diff,,watch2,True,10,c,1784881548659,
1784881550244,watch1,77,71,6,6,playing,watch1,highest_diff,,watch2,False,15,c,1784881549842,
1784881550244,watch2,77,72,5,5,playing,watch1,highest_diff,,watch2,True,15,c,1784881549842,
1784881551438,watch1,77,71,6,6,playing,watch1,highest_diff,,watch2,False,20,c,1784881551058,
1784881551438,watch2,77,72,5,5,playing,watch1,highest_diff,,watch2,True,20,c,1784881551058,
1784881552611,watch1,78,71,7,7,playing,watch1,highest_diff,,watch2,False,25,a,1784881552073,
1784881552611,watch2,78,72,6,6,playing,watch1,highest_diff,,watch2,True,25,a,1784881552324,
1784881553795,watch1,78,71,7,7,playing,watch1,highest_diff,,watch2,False,30,a,1784881553403,
1784881553795,watch2,78,72,6,6,playing,watch1,highest_diff,,watch2,True,30,a,1784881553403,
1784881554970,watch1,78,71,7,7,playing,watch1,highest_diff,,watch2,False,5,a,1784881554553,
1784881554970,watch2,78,72,6,6,playing,watch1,highest_diff,,watch2,True,5,a,1784881554553,
1784881556279,watch1,79,71,8,8,playing,watch1,highest_diff,,watch1,True,15,c,1784881556116,
1784881556279,watch2,78,72,6,6,playing,watch1,highest_diff,,watch1,False,15,c,1784881555705,
1784881557534,watch1,79,71,8,8,playing,watch1,highest_diff,,watch1,True,20,c,1784881556116,
1784881557534,watch2,78,72,6,6,playing,watch1,highest_diff,,watch1,False,20,c,1784881556852,
1784881558718,watch1,79,71,8,8,playing,watch1,highest_diff,,watch1,True,25,c,1784881557934,
1784881558718,watch2,78,72,6,6,playing,watch1,highest_diff,,watch1,False,25,c,1784881557934,
1784881561397,watch1,79,71,8,8,playing,watch1,highest_diff,,watch2,False,10,c,1784881560342,
1784881561397,watch2,79,72,7,7,playing,watch1,highest_diff,,watch2,True,10,c,1784881560364,
1784881562672,watch1,78,71,7,7,playing,watch1,highest_diff,,watch2,False,15,c,1784881561640,
1784881562672,watch2,78,72,6,6,playing,watch1,highest_diff,,watch2,True,15,c,1784881562179,
1784881564963,watch1,78,71,7,7,playing,watch1,highest_diff,,watch2,False,25,c,1784881563873,
1784881564963,watch2,79,72,7,7,playing,watch1,highest_diff,,watch2,True,25,c,1784881564212,
1784881567395,watch1,78,71,7,7,playing,watch1,highest_diff,,watch2,False,10,a,1784881566176,
1784881567395,watch2,78,72,6,6,playing,watch1,highest_diff,,watch2,True,10,a,1784881567224,
1784881568747,watch1,78,71,7,7,playing,watch1,highest_diff,,watch2,False,15,c,1784881568587,
1784881568747,watch2,79,72,7,7,playing,watch1,highest_diff,,watch2,True,15,c,1784881568259,
1784881569950,watch1,78,71,7,7,playing,watch1,highest_diff,,watch2,False,20,c,1784881569709,
1784881569950,watch2,79,72,7,7,playing,watch1,highest_diff,,watch2,True,20,c,1784881569709,
1784881571143,watch1,78,71,7,7,playing,watch1,highest_diff,,watch2,False,30,c,1784881570897,
1784881571143,watch2,78,72,6,6,playing,watch1,highest_diff,,watch2,True,30,c,1784881570235,
1784881572334,watch1,78,71,7,7,playing,watch1,highest_diff,,watch2,False,5,c,1784881572013,
1784881572334,watch2,78,72,6,6,playing,watch1,highest_diff,,watch2,True,5,c,1784881572013,
1784881573555,watch1,78,71,7,7,playing,watch1,highest_diff,,watch2,False,10,c,1784881573205,
1784881573555,watch2,78,72,6,6,playing,watch1,highest_diff,,watch2,True,10,c,1784881573205,
1784881574747,watch1,78,71,7,7,playing,watch1,highest_diff,,watch2,False,15,c,1784881574400,
1784881574747,watch2,78,72,6,6,playing,watch1,highest_diff,,watch2,True,15,c,1784881574400,
1784881575916,watch1,78,71,7,7,playing,watch1,highest_diff,,watch2,False,20,c,1784881575579,
1784881575916,watch2,78,72,6,6,playing,watch1,highest_diff,,watch2,True,20,c,1784881575579,
1784881577114,watch1,78,71,7,7,playing,watch1,highest_diff,,watch1,True,30,c,1784881576772,
1784881577114,watch2,77,72,5,5,playing,watch1,highest_diff,,watch1,False,30,c,1784881576276,
1784881578306,watch1,77,71,6,6,playing,watch1,highest_diff,,watch2,False,5,a,1784881577238,
1784881578306,watch2,77,72,5,5,playing,watch1,highest_diff,,watch2,True,5,a,1784881577879,
1784881579484,watch1,77,71,6,6,playing,watch1,highest_diff,,watch2,False,10,c,1784881578993,
1784881579484,watch2,78,72,6,6,playing,watch1,highest_diff,,watch2,True,10,c,1784881579283,
1784881580655,watch1,77,71,6,6,playing,watch1,highest_diff,,watch2,False,15,c,1784881580237,
1784881580655,watch2,78,72,6,6,playing,watch1,highest_diff,,watch2,True,15,c,1784881579283,
1784881581837,watch1,78,71,7,7,playing,watch1,highest_diff,,watch2,False,20,c,1784881581271,
1784881581837,watch2,78,72,6,6,playing,watch1,highest_diff,,watch2,True,20,c,1784881581353,
1784881583033,watch1,78,71,7,7,playing,watch1,highest_diff,,watch2,False,30,c,1784881582602,
1784881583033,watch2,79,72,7,7,playing,watch1,highest_diff,,watch2,True,30,c,1784881582602,
1784881584254,watch1,79,71,8,8,playing,watch1,highest_diff,,watch2,False,5,c,1784881583295,
1784881584254,watch2,79,72,7,7,playing,watch1,highest_diff,,watch2,True,5,c,1784881583793,
1784881585453,watch1,79,71,8,8,playing,watch1,highest_diff,,watch2,False,10,c,1784881584868,
1784881585453,watch2,79,72,7,7,playing,watch1,highest_diff,,watch2,True,10,c,1784881584868,
1784881586634,watch1,79,71,8,8,playing,watch1,highest_diff,,watch2,False,15,c,1784881586060,
1784881586634,watch2,79,72,7,7,playing,watch1,highest_diff,,watch2,True,15,c,1784881586060,
1784881587807,watch1,79,71,8,8,playing,watch1,highest_diff,,watch2,False,20,c,1784881587255,
1784881587807,watch2,79,72,7,7,playing,watch1,highest_diff,,watch2,True,20,c,1784881587255,
1784881589002,watch1,78,71,7,7,playing,watch1,highest_diff,,watch2,False,25,a,1784881588347,
1784881589002,watch2,78,72,6,6,playing,watch1,highest_diff,,watch2,True,25,a,1784881588527,
1784881590179,watch1,78,71,7,7,playing,watch1,highest_diff,,watch2,False,5,a,1784881589602,
1784881590179,watch2,78,72,6,6,playing,watch1,highest_diff,,watch2,True,5,a,1784881589602,
1784881591477,watch1,77,71,6,6,playing,watch1,highest_diff,,watch1,True,10,a,1784881590391,
1784881591477,watch2,76,72,4,4,playing,watch1,highest_diff,,watch1,False,10,a,1784881591319,
1784881592725,watch1,76,71,5,5,playing,watch1,highest_diff,,watch2,False,15,a,1784881592407,
1784881592725,watch2,76,72,4,4,playing,watch1,highest_diff,,watch2,True,15,a,1784881591319,
1784881593949,watch1,76,71,5,5,playing,watch1,highest_diff,,watch2,False,20,a,1784881592407,
1784881593949,watch2,76,72,4,4,playing,watch1,highest_diff,,watch2,True,20,a,1784881592886,
1784881595546,watch1,76,71,5,5,playing,watch1,highest_diff,,watch2,False,30,a,1784881595274,
1784881595546,watch2,76,72,4,4,playing,watch1,highest_diff,,watch2,True,30,a,1784881595274,
1784881597157,watch1,76,71,5,5,playing,watch1,highest_diff,,watch2,False,10,c,1784881596610,
1784881597157,watch2,76,72,4,4,playing,watch1,highest_diff,,watch2,True,10,c,1784881596610,
1784881598356,watch1,76,71,5,5,playing,watch1,highest_diff,,watch2,False,15,c,1784881598119,
1784881598356,watch2,76,72,4,4,playing,watch1,highest_diff,,watch2,True,15,c,1784881598119,
1784881599542,watch1,76,71,5,5,playing,watch1,highest_diff,,watch2,False,20,c,1784881599307,
1784881599542,watch2,76,72,4,4,playing,watch1,highest_diff,,watch2,True,20,c,1784881599307,
1784881600800,watch1,76,71,5,5,playing,watch1,highest_diff,,watch2,False,25,c,1784881600494,
1784881600800,watch2,76,72,4,4,playing,watch1,highest_diff,,watch2,True,25,c,1784881600494,
1784881602013,watch1,76,71,5,5,playing,watch1,highest_diff,,watch2,False,30,c,1784881601750,
1784881602013,watch2,76,72,4,4,playing,watch1,highest_diff,,watch2,True,30,c,1784881601750,
1784881603196,watch1,76,71,5,5,playing,watch1,highest_diff,,watch1,True,10,c,1784881602937,
1784881603196,watch2,75,72,3,3,playing,watch1,highest_diff,,watch1,False,10,c,1784881602339,
1784881604377,watch1,75,71,4,4,playing,watch1,highest_diff,,watch2,False,15,c,1784881603444,
1784881604377,watch2,75,72,3,3,playing,watch1,highest_diff,,watch2,True,15,c,1784881604051,
1784881605752,watch1,75,71,4,4,playing,watch1,highest_diff,,watch2,False,20,c,1784881605160,
1784881605752,watch2,75,72,3,3,playing,watch1,highest_diff,,watch2,True,20,c,1784881605160,
1784881606975,watch1,75,71,4,4,playing,watch1,highest_diff,,watch2,False,25,c,1784881606303,
1784881606975,watch2,75,72,3,3,playing,watch1,highest_diff,,watch2,True,25,c,1784881606303,
1784881608171,watch1,75,71,4,4,playing,watch1,highest_diff,,watch2,False,5,c,1784881607482,
1784881608171,watch2,75,72,3,3,playing,watch1,highest_diff,,watch2,True,5,c,1784881607482,
1784881610814,watch1,76,71,5,5,playing,watch1,highest_diff,,watch2,False,15,c,1784881609535,
1784881610814,watch2,76,72,4,4,playing,watch1,highest_diff,,watch2,True,15,c,1784881609356,
1784881612975,watch1,78,71,7,7,playing,watch1,highest_diff,,watch1,True,25,c,1784881612763,
1784881612975,watch2,77,72,5,5,playing,watch1,highest_diff,,watch1,False,25,c,1784881612763,
1784881614268,watch1,78,71,7,7,playing,watch1,highest_diff,,watch1,True,5,c,1784881613994,
1784881614268,watch2,77,72,5,5,playing,watch1,highest_diff,,watch1,False,5,c,1784881613994,
1784881615447,watch1,78,71,7,7,playing,watch1,highest_diff,,watch1,True,10,c,1784881615190,
1784881615447,watch2,77,72,5,5,playing,watch1,highest_diff,,watch1,False,10,c,1784881615190,
1784881616629,watch1,78,71,7,7,playing,watch1,highest_diff,,watch1,True,15,c,1784881616359,
1784881616629,watch2,77,72,5,5,playing,watch1,highest_diff,,watch1,False,15,c,1784881616359,
1784881617807,watch1,78,71,7,7,playing,watch1,highest_diff,,watch1,True,20,c,1784881617574,
1784881617807,watch2,77,72,5,5,playing,watch1,highest_diff,,watch1,False,20,c,1784881617574,
1784881619041,watch1,78,71,7,7,playing,watch1,highest_diff,,watch1,True,30,c,1784881618718,
1784881619041,watch2,77,72,5,5,playing,watch1,highest_diff,,watch1,False,30,c,1784881618718,
1784881620271,watch1,78,71,7,7,playing,watch1,highest_diff,,watch1,True,5,c,1784881619858,
1784881620271,watch2,77,72,5,5,playing,watch1,highest_diff,,watch1,False,5,c,1784881619858,
1784881621492,watch1,78,71,7,7,playing,watch1,highest_diff,,watch1,True,10,c,1784881621007,
1784881621492,watch2,77,72,5,5,playing,watch1,highest_diff,,watch1,False,10,c,1784881621007,
1784881623789,watch1,78,71,7,7,playing,watch1,highest_diff,,watch1,True,20,c,1784881622167,
1784881623789,watch2,77,72,5,5,playing,watch1,highest_diff,,watch1,False,20,c,1784881622167,
1784881624995,watch1,78,71,7,7,playing,watch1,highest_diff,,watch2,False,25,c,1784881624748,
1784881624995,watch2,78,72,6,6,playing,watch1,highest_diff,,watch2,True,25,c,1784881624393,
1784881626175,watch1,78,71,7,7,playing,watch1,highest_diff,,watch2,False,5,c,1784881625819,
1784881626175,watch2,78,72,6,6,playing,watch1,highest_diff,,watch2,True,5,c,1784881625819,
1784881627372,watch1,79,71,8,8,playing,watch1,highest_diff,,watch1,True,10,a,1784881626573,
1784881627372,watch2,78,72,6,6,playing,watch1,highest_diff,,watch1,False,10,a,1784881627014,
1784881628561,watch1,79,71,8,8,playing,watch1,highest_diff,,watch2,False,15,c,1784881628108,
1784881628561,watch2,79,72,7,7,playing,watch1,highest_diff,,watch2,True,15,c,1784881628398,
1784881629742,watch1,79,71,8,8,playing,watch1,highest_diff,,watch2,False,20,c,1784881629296,
1784881629742,watch2,79,72,7,7,playing,watch1,highest_diff,,watch2,True,20,c,1784881628398,
1784881630922,watch1,79,71,8,8,playing,watch1,highest_diff,,watch2,False,25,c,1784881630368,
1784881630922,watch2,79,72,7,7,playing,watch1,highest_diff,,watch2,True,25,c,1784881630368,
1784881632162,watch1,79,71,8,8,playing,watch1,highest_diff,,watch2,False,5,c,1784881631554,
1784881632162,watch2,79,72,7,7,playing,watch1,highest_diff,,watch2,True,5,c,1784881631554,
1784881633335,watch1,79,71,8,8,playing,watch1,highest_diff,,watch2,False,10,c,1784881632737,
1784881633335,watch2,79,72,7,7,playing,watch1,highest_diff,,watch2,True,10,c,1784881632737,
1784881634781,watch1,80,71,9,9,playing,watch1,highest_diff,,watch2,False,15,c,1784881634643,
1784881634781,watch2,80,72,8,8,playing,watch1,highest_diff,,watch2,True,15,c,1784881633411,
1784881635989,watch1,80,71,9,9,playing,watch1,highest_diff,,watch2,False,20,c,1784881634643,
1784881635989,watch2,81,72,9,9,playing,watch1,highest_diff,,watch2,True,20,c,1784881635414,
1784881637323,watch1,81,71,10,10,playing,watch1,highest_diff,,watch2,False,30,c,1784881636642,
1784881637323,watch2,81,72,9,9,playing,watch1,highest_diff,,watch2,True,30,c,1784881637176,
1784881638496,watch1,81,71,10,10,playing,watch1,highest_diff,,watch1,True,5,c,1784881638284,
1784881638496,watch2,80,72,8,8,playing,watch1,highest_diff,,watch1,False,5,c,1784881637432,
1784881639715,watch1,80,71,9,9,playing,watch1,highest_diff,,watch2,False,10,c,1784881638715,
1784881639715,watch2,80,72,8,8,playing,watch1,highest_diff,,watch2,True,10,c,1784881639359,
1784881640879,watch1,79,71,8,8,playing,watch1,highest_diff,,watch2,False,15,c,1784881640726,
1784881640879,watch2,80,72,8,8,playing,watch1,highest_diff,,watch2,True,15,c,1784881640437,
1784881642557,watch1,79,71,8,8,playing,watch1,highest_diff,,watch1,True,25,c,1784881640726,
1784881642557,watch2,79,72,7,7,playing,watch1,highest_diff,,watch1,False,25,c,1784881641435,
1784881644002,watch1,80,71,9,9,playing,watch1,highest_diff,,watch1,True,30,c,1784881643769,
1784881644002,watch2,79,72,7,7,playing,watch1,highest_diff,,watch1,False,30,c,1784881643854,
1784881645245,watch1,80,71,9,9,playing,watch1,highest_diff,,watch1,True,10,c,1784881644956,
1784881645245,watch2,79,72,7,7,playing,watch1,highest_diff,,watch1,False,10,c,1784881644956,
1784881646474,watch1,80,71,9,9,playing,watch1,highest_diff,,watch1,True,15,c,1784881646106,
1784881646474,watch2,79,72,7,7,playing,watch1,highest_diff,,watch1,False,15,c,1784881646106,
1784881647709,watch1,80,71,9,9,playing,watch1,highest_diff,,watch1,True,20,c,1784881647247,
1784881647709,watch2,79,72,7,7,playing,watch1,highest_diff,,watch1,False,20,c,1784881647247,
1784881648935,watch1,79,71,8,8,playing,watch1,highest_diff,,watch1,True,25,c,1784881647828,
1784881648935,watch2,79,72,7,7,playing,watch1,highest_diff,,watch1,False,25,c,1784881648447,
1784881650157,watch1,79,71,8,8,playing,watch1,highest_diff,,watch1,True,5,c,1784881649518,
1784881650157,watch2,79,72,7,7,playing,watch1,highest_diff,,watch1,False,5,c,1784881649518,
1784881651374,watch1,79,71,8,8,playing,watch1,highest_diff,,watch1,True,10,c,1784881650668,
1784881651374,watch2,79,72,7,7,playing,watch1,highest_diff,,watch1,False,10,c,1784881650668,
1784881652660,watch1,79,71,8,8,playing,watch1,highest_diff,,watch2,False,15,c,1784881651826,
1784881652660,watch2,80,72,8,8,playing,watch1,highest_diff,,watch2,True,15,c,1784881652452,
1784881653935,watch1,81,71,10,10,playing,watch1,highest_diff,,watch2,False,20,a,1784881653853,
1784881653935,watch2,81,72,9,9,playing,watch1,highest_diff,,watch2,True,20,a,1784881653461,
1784881656954,watch1,83,71,12,12,playing,watch1,highest_diff,,watch2,False,5,a,1784881656693,
1784881656954,watch2,81,72,9,9,playing,watch1,highest_diff,,watch2,True,5,a,1784881655053,
1784881658255,watch1,83,71,12,12,playing,watch1,highest_diff,,watch1,True,15,a,1784881657810,
1784881658255,watch2,82,72,10,10,playing,watch1,highest_diff,,watch1,False,15,a,1784881657810,
1784881659472,watch1,83,71,12,12,playing,watch1,highest_diff,,watch1,True,20,a,1784881659023,
1784881659472,watch2,82,72,10,10,playing,watch1,highest_diff,,watch1,False,20,a,1784881659023,
1784881660823,watch1,82,71,11,11,playing,watch1,highest_diff,,watch1,True,25,a,1784881659926,
1784881660823,watch2,82,72,10,10,playing,watch1,highest_diff,,watch1,False,25,a,1784881660172,
1784881662066,watch1,82,71,11,11,playing,watch1,highest_diff,,watch2,False,5,a,1784881661246,
1784881662066,watch2,83,72,11,11,playing,watch1,highest_diff,,watch2,True,5,a,1784881661502,
1784881663355,watch1,82,71,11,11,playing,watch1,highest_diff,,watch2,False,10,c,1784881662404,
1784881663355,watch2,83,72,11,11,playing,watch1,highest_diff,,watch2,True,10,c,1784881661502,
1784881664549,watch1,82,71,11,11,playing,watch1,highest_diff,,watch2,False,15,c,1784881663475,
1784881664549,watch2,83,72,11,11,playing,watch1,highest_diff,,watch2,True,15,c,1784881663475,
1784881665763,watch1,82,71,11,11,playing,watch2,highest_diff,,watch2,False,30,a,1784881664673,
1784881665763,watch2,81,72,9,9,playing,watch2,highest_diff,,watch2,True,30,a,1784881665515,
1784881667188,watch1,82,71,11,11,playing,watch2,highest_diff,,watch2,False,20,a,1784881666965,
1784881667188,watch2,79,72,7,7,playing,watch2,highest_diff,,watch2,True,20,a,1784881666517,
1784881668447,watch1,79,71,8,8,playing,watch2,highest_diff,,watch1,True,20,a,1784881668208,
1784881668447,watch2,77,72,5,5,playing,watch2,highest_diff,,watch1,False,20,a,1784881667518,
1784881669678,watch1,77,71,6,6,playing,watch2,highest_diff,,watch2,False,20,a,1784881668973,
1784881669678,watch2,76,72,4,4,playing,watch2,highest_diff,,watch2,True,20,a,1784881669524,
1784881670884,watch1,77,71,6,6,playing,watch2,highest_diff,,watch2,False,20,a,1784881670464,
1784881670884,watch2,76,72,4,4,playing,watch2,highest_diff,,watch2,True,20,a,1784881669524,
1784881672068,watch1,75,71,4,4,playing,watch2,highest_diff,,watch2,False,20,a,1784881671016,
1784881672068,watch2,76,72,4,4,playing,watch2,highest_diff,,watch2,True,20,a,1784881671582,
1784881673264,watch1,75,71,4,4,playing,watch2,highest_diff,,watch2,False,10,a,1784881672757,
1784881673264,watch2,74,72,2,2,playing,watch2,highest_diff,,watch2,True,10,a,1784881672540,
1784881674445,watch1,75,71,4,4,playing,watch2,highest_diff,,watch2,False,10,a,1784881673840,
1784881674445,watch2,74,72,2,2,playing,watch2,highest_diff,,watch2,True,10,a,1784881673840,
1784881675718,watch1,75,71,4,4,playing,watch2,highest_diff,,watch2,False,20,a,1784881675082,
1784881675718,watch2,75,72,3,3,playing,watch2,highest_diff,,watch2,True,20,a,1784881675573,
1784881676967,watch1,75,71,4,4,playing,watch2,highest_diff,,watch2,False,20,a,1784881676279,
1784881676967,watch2,75,72,3,3,playing,watch2,highest_diff,,watch2,True,20,a,1784881675573,
1784881678157,watch1,75,71,4,4,playing,watch2,highest_diff,,watch2,False,20,a,1784881677355,
1784881678157,watch2,76,72,4,4,playing,watch2,highest_diff,,watch2,True,20,a,1784881677577,
1784881679344,watch1,76,71,5,5,playing,watch2,highest_diff,,watch2,False,20,a,1784881679039,
1784881679344,watch2,76,72,4,4,playing,watch2,highest_diff,,watch2,True,20,a,1784881677577,
1784881680568,watch1,76,71,5,5,playing,watch2,highest_diff,,watch2,False,20,a,1784881679039,
1784881680568,watch2,77,72,5,5,playing,watch2,highest_diff,,watch2,True,20,a,1784881679659,
1784881681804,watch1,78,71,7,7,playing,watch2,highest_diff,,watch2,False,20,a,1784881681030,
1784881681804,watch2,78,72,6,6,playing,watch2,highest_diff,,watch2,True,20,a,1784881681610,
1784881683172,watch1,80,71,9,9,playing,watch2,highest_diff,,watch1,True,30,a,1784881683049,
1784881683172,watch2,78,72,6,6,playing,watch2,highest_diff,,watch1,False,30,a,1784881682850,
1784881684403,watch1,80,71,9,9,playing,watch2,highest_diff,,watch2,False,30,a,1784881683049,
1784881684403,watch2,80,72,8,8,playing,watch2,highest_diff,,watch2,True,30,a,1784881683617,
1784881685771,watch1,82,71,11,11,playing,watch2,highest_diff,,watch2,False,30,a,1784881685171,
1784881685771,watch2,81,72,9,9,playing,watch2,highest_diff,,watch2,True,30,a,1784881684645,
1784881686957,watch1,83,71,12,12,playing,watch2,highest_diff,,watch2,False,30,a,1784881686058,
1784881686957,watch2,83,72,11,11,playing,watch2,highest_diff,,watch2,True,30,a,1784881686630,
1784881688270,watch1,84,71,13,13,playing,watch2,highest_diff,,watch2,False,30,a,1784881688106,
1784881688270,watch2,83,72,11,11,playing,watch2,highest_diff,,watch2,True,30,a,1784881686630,
1784881689609,watch1,84,71,13,13,playing,watch2,highest_diff,,watch2,False,30,a,1784881688106,
1784881689609,watch2,83,72,11,11,playing,watch2,highest_diff,,watch2,True,30,a,1784881689468,
1784881690988,watch1,85,71,14,14,playing,watch2,highest_diff,,watch1,True,30,a,1784881690128,
1784881690988,watch2,83,72,11,11,playing,watch2,highest_diff,,watch1,False,30,a,1784881690654,
1784881692214,watch1,85,71,14,14,playing,watch1,highest_diff,,watch2,False,10,c,1784881691782,
1784881692214,watch2,84,72,12,12,playing,watch1,highest_diff,,watch2,True,10,c,1784881691658,
1784881693418,watch1,85,71,14,14,playing,watch1,highest_diff,,watch2,False,10,c,1784881692887,
1784881693418,watch2,84,72,12,12,playing,watch1,highest_diff,,watch2,True,10,c,1784881692887,
1784881694636,watch1,86,71,15,15,playing,watch1,highest_diff,,watch2,False,10,c,1784881694159,
1784881694636,watch2,85,72,13,13,playing,watch1,highest_diff,,watch2,True,10,c,1784881693680,
1784881695963,watch1,86,71,15,15,playing,watch1,highest_diff,,watch2,False,30,c,1784881695159,
1784881695963,watch2,94,72,22,22,playing,watch1,highest_diff,,watch2,True,30,c,1784881695702,
1784881697185,watch1,86,71,15,15,playing,watch1,highest_diff,,watch2,False,30,c,1784881696234,
1784881697185,watch2,94,72,22,22,playing,watch1,highest_diff,,watch2,True,30,c,1784881695702,
1784881698384,watch1,87,71,16,16,playing,watch2,highest_diff,,watch2,False,40,a,1784881698194,
1784881698384,watch2,93,72,21,21,playing,watch2,highest_diff,,watch2,True,40,a,1784881697708,
1784881699626,watch1,87,71,16,16,playing,watch2,highest_diff,,watch1,True,40,a,1784881699493,
1784881699626,watch2,92,72,20,20,playing,watch2,highest_diff,,watch1,False,40,a,1784881698715,
1784881700982,watch1,86,71,15,15,playing,watch2,highest_diff,,watch1,True,30,a,1784881700227,
1784881700982,watch2,86,72,14,14,playing,watch2,highest_diff,,watch1,False,30,a,1784881700721,
1784881702206,watch1,86,71,15,15,playing,watch2,highest_diff,,watch1,True,30,a,1784881701569,
1784881702206,watch2,86,72,14,14,playing,watch2,highest_diff,,watch1,False,30,a,1784881700721,
1784881703408,watch1,86,71,15,15,playing,watch1,highest_diff,,watch1,True,30,a,1784881702642,
1784881703408,watch2,84,72,12,12,playing,watch1,highest_diff,,watch1,False,30,a,1784881702789,
1784881704600,watch1,85,71,14,14,playing,watch1,highest_diff,,watch2,False,10,c,1784881704228,
1784881704600,watch2,84,72,12,12,playing,watch1,highest_diff,,watch2,True,10,c,1784881703791,
1784881705802,watch1,86,71,15,15,playing,watch1,highest_diff,,watch2,False,10,c,1784881705236,
1784881705802,watch2,86,72,14,14,playing,watch1,highest_diff,,watch2,True,10,c,1784881704751,
1784881706994,watch1,86,71,15,15,playing,watch1,highest_diff,,watch2,False,10,c,1784881705236,
1784881706994,watch2,86,72,14,14,playing,watch1,highest_diff,,watch2,True,10,c,1784881706004,
1784881708220,watch1,85,71,14,14,playing,watch1,random_diff,下降,watch1,True,10,c,1784881707263,
1784881708220,watch2,85,72,13,13,playing,watch1,random_diff,下降,watch1,False,10,c,1784881707778,
1784881709517,watch1,85,71,14,14,playing,watch1,random_diff,下降,watch2,False,10,c,1784881709376,
1784881709517,watch2,83,72,11,11,playing,watch1,random_diff,下降,watch2,True,10,c,1784881708792,
1784881710759,watch1,83,71,12,12,playing,watch1,random_diff,下降,watch1,True,10,c,1784881710466,
1784881710759,watch2,83,72,11,11,playing,watch1,random_diff,下降,watch1,False,10,c,1784881710466,
1784881711958,watch1,80,71,9,9,playing,watch1,random_diff,下降,watch1,True,10,c,1784881711319,
1784881711958,watch2,82,72,10,10,playing,watch1,random_diff,下降,watch1,False,10,c,1784881711786,
1784881713156,watch1,80,71,9,9,playing,watch1,random_diff,下降,watch1,True,10,c,1784881712773,
1784881713156,watch2,82,72,10,10,playing,watch1,random_diff,下降,watch1,False,10,c,1784881711786,
1784881714344,watch1,79,71,8,8,playing,watch1,random_diff,下降,watch1,True,10,a,1784881713338,
1784881714344,watch2,82,72,10,10,playing,watch1,random_diff,下降,watch1,False,10,a,1784881713862,
1784881715536,watch1,80,71,9,9,playing,watch1,random_diff,下降,watch1,True,10,c,1784881715357,
1784881715536,watch2,83,72,11,11,playing,watch1,random_diff,下降,watch1,False,10,c,1784881714970,
1784881716832,watch1,80,71,9,9,playing,watch1,random_diff,下降,watch1,True,10,c,1784881715357,
1784881716832,watch2,83,72,11,11,playing,watch1,random_diff,下降,watch1,False,10,c,1784881716124,
1784881718103,watch1,81,71,10,10,playing,watch1,random_diff,下降,watch1,True,10,a,1784881717370,
1784881718103,watch2,83,72,11,11,playing,watch1,random_diff,下降,watch1,False,10,a,1784881717843,
1784881720375,watch1,80,71,9,9,playing,watch1,random_diff,下降,watch1,True,10,c,1784881719401,
1784881720375,watch2,81,72,9,9,playing,watch1,random_diff,下降,watch1,False,10,c,1784881719861,
1784881721756,watch1,79,71,8,8,playing,watch1,random_diff,下降,watch1,True,10,c,1784881721542,
1784881721756,watch2,81,72,9,9,playing,watch1,random_diff,下降,watch1,False,10,c,1784881721395,
1784881722962,watch1,79,71,8,8,playing,watch1,random_diff,下降,watch1,True,10,c,1784881722635,
1784881722962,watch2,80,72,8,8,playing,watch1,random_diff,下降,watch1,False,10,c,1784881721869,
1784881724164,watch1,79,71,8,8,playing,watch1,random_diff,下降,watch1,True,10,c,1784881723717,
1784881724164,watch2,80,72,8,8,playing,watch1,random_diff,下降,watch1,False,10,c,1784881723717,
1784881725364,watch1,80,71,9,9,playing,watch1,random_diff,下降,watch1,True,10,c,1784881724445,
1784881725364,watch2,80,72,8,8,playing,watch1,random_diff,下降,watch1,False,10,c,1784881724889,
1784881726681,watch1,82,71,11,11,playing,watch1,random_diff,下降,watch1,True,10,a,1784881726489,
1784881726681,watch2,81,72,9,9,playing,watch1,random_diff,下降,watch1,False,10,a,1784881726052,
1784881729046,watch1,84,71,13,13,playing,watch1,random_diff,下降,watch1,True,20,a,1784881728502,
1784881729046,watch2,84,72,12,12,playing,watch1,random_diff,下降,watch1,False,20,a,1784881728916,
1784881730248,watch1,84,71,13,13,playing,watch1,random_diff,下降,watch1,True,20,a,1784881728502,
1784881730248,watch2,84,72,12,12,playing,watch1,random_diff,下降,watch1,False,20,a,1784881728916,
1784881731448,watch1,88,71,17,17,playing,watch1,random_diff,下降,watch2,False,20,a,1784881730526,
1784881731448,watch2,85,72,13,13,playing,watch1,random_diff,下降,watch2,True,20,a,1784881730930,
1784881732802,watch1,90,71,19,19,playing,watch1,random_diff,下降,watch2,False,20,a,1784881732562,
1784881732802,watch2,85,72,13,13,playing,watch1,random_diff,下降,watch2,True,20,a,1784881732680,
1784881734154,watch1,90,71,19,19,playing,watch1,random_diff,下降,watch2,False,20,a,1784881733801,
1784881734154,watch2,86,72,14,14,playing,watch1,random_diff,下降,watch2,True,20,a,1784881732942,
1784881735350,watch1,88,71,17,17,playing,watch1,random_diff,下降,watch2,False,20,a,1784881734561,
1784881735350,watch2,86,72,14,14,playing,watch1,random_diff,下降,watch2,True,20,a,1784881734884,
1784881736550,watch1,88,71,17,17,playing,watch1,random_diff,下降,watch2,False,10,c,1784881735958,
1784881736550,watch2,86,72,14,14,playing,watch1,random_diff,下降,watch2,True,10,c,1784881735958,
1784881737874,watch1,87,71,16,16,playing,watch1,random_diff,下降,watch1,True,10,c,1784881736588,
1784881737874,watch2,86,72,14,14,playing,watch1,random_diff,下降,watch1,False,10,c,1784881737105,
1784881739126,watch1,87,71,16,16,playing,watch1,random_diff,下降,watch1,True,10,c,1784881738176,
1784881739126,watch2,87,72,15,15,playing,watch1,random_diff,下降,watch1,False,10,c,1784881738963,
1784881740336,watch1,87,71,16,16,playing,watch1,random_diff,下降,watch1,True,10,c,1784881739255,
1784881740336,watch2,87,72,15,15,playing,watch1,random_diff,下降,watch1,False,10,c,1784881738963,
1784881741701,watch1,87,71,16,16,playing,watch1,random_diff,下降,watch2,False,10,c,1784881741566,
1784881741701,watch2,85,72,13,13,playing,watch1,random_diff,下降,watch2,True,10,c,1784881740967,
1784881742957,watch1,87,71,16,16,playing,watch1,random_diff,下降,watch2,False,10,a,1784881742649,
1784881742957,watch2,84,72,12,12,playing,watch1,random_diff,下降,watch2,True,10,a,1784881741979,
1784881744184,watch1,87,71,16,16,playing,watch1,random_diff,下降,watch2,False,10,c,1784881743723,
1784881744184,watch2,84,72,12,12,playing,watch1,random_diff,下降,watch2,True,10,c,1784881743723,
1784881745379,watch1,87,71,16,16,playing,watch1,random_diff,下降,watch2,False,10,c,1784881744900,
1784881745379,watch2,84,72,12,12,playing,watch1,random_diff,下降,watch2,True,10,c,1784881744900,
1784881746607,watch1,86,71,15,15,playing,watch1,random_diff,下降,watch2,False,10,c,1784881745636,
1784881746607,watch2,84,72,12,12,playing,watch1,random_diff,下降,watch2,True,10,c,1784881746073,
1784881747823,watch1,85,71,14,14,playing,watch1,random_diff,下降,watch1,True,10,c,1784881747668,
1784881747823,watch2,85,72,13,13,playing,watch1,random_diff,下降,watch1,False,10,c,1784881747008,
1784881749026,watch1,85,71,14,14,playing,watch1,random_diff,下降,watch1,True,10,c,1784881747668,
1784881749026,watch2,84,72,12,12,playing,watch1,random_diff,下降,watch1,False,10,c,1784881748011,
1784881750227,watch1,85,71,14,14,playing,watch1,random_diff,下降,watch1,True,10,c,1784881749226,
1784881750227,watch2,84,72,12,12,playing,watch1,random_diff,下降,watch1,False,10,c,1784881749226,
1784881751435,watch1,85,71,14,14,playing,watch1,random_diff,下降,watch1,True,10,c,1784881750379,
1784881751435,watch2,84,72,12,12,playing,watch1,random_diff,下降,watch1,False,10,c,1784881750379,
1784881752652,watch1,84,71,13,13,playing,watch1,random_diff,下降,watch2,False,10,c,1784881751706,
1784881752652,watch2,82,72,10,10,playing,watch1,random_diff,下降,watch2,True,10,c,1784881752038,
1784881754001,watch1,84,71,13,13,playing,watch1,random_diff,下降,watch2,False,10,a,1784881753839,
1784881754001,watch2,81,72,9,9,playing,watch1,random_diff,下降,watch2,True,10,a,1784881753044,
1784881755208,watch1,82,71,11,11,playing,watch1,random_diff,下降,watch1,True,10,c,1784881754952,
1784881755208,watch2,81,72,9,9,playing,watch1,random_diff,下降,watch1,False,10,c,1784881754952,
1784881756408,watch1,80,71,9,9,playing,watch1,random_diff,下降,watch1,True,10,c,1784881755735,
1784881756408,watch2,81,72,9,9,playing,watch1,random_diff,下降,watch1,False,10,c,1784881756104,
1784881757605,watch1,80,71,9,9,playing,watch1,random_diff,下降,watch1,True,10,c,1784881757359,
1784881757605,watch2,79,72,7,7,playing,watch1,random_diff,下降,watch1,False,10,c,1784881757068,
1784881758811,watch1,78,71,7,7,playing,watch1,random_diff,下降,watch1,True,10,a,1784881757770,
1784881758811,watch2,79,72,7,7,playing,watch1,random_diff,下降,watch1,False,10,a,1784881758441,
1784881760070,watch1,78,71,7,7,playing,watch1,random_diff,下降,watch1,True,10,a,1784881759518,
1784881760070,watch2,79,72,7,7,playing,watch1,random_diff,下降,watch1,False,10,a,1784881759518,
1784881761276,watch1,78,71,7,7,playing,watch1,random_diff,下降,watch1,True,10,c,1784881760675,
1784881761276,watch2,79,72,7,7,playing,watch1,random_diff,下降,watch1,False,10,c,1784881760675,
1784881762477,watch1,79,71,8,8,playing,watch1,random_diff,下降,watch1,True,10,c,1784881761811,
1784881762477,watch2,79,72,7,7,playing,watch1,random_diff,下降,watch1,False,10,c,1784881761857,
1784881763677,watch1,79,71,8,8,playing,watch1,random_diff,下降,watch1,True,10,c,1784881762977,
1784881763677,watch2,79,72,7,7,playing,watch1,random_diff,下降,watch1,False,10,c,1784881762977,
1784881764960,watch1,78,71,7,7,playing,watch1,random_diff,下降,watch1,True,10,a,1784881764830,
1784881764960,watch2,79,72,7,7,playing,watch1,random_diff,下降,watch1,False,10,a,1784881764136,
1784881766164,watch1,78,71,7,7,playing,watch1,random_diff,下降,watch1,True,10,a,1784881764830,
1784881766164,watch2,78,72,6,6,playing,watch1,random_diff,下降,watch1,False,10,a,1784881765388,
1784881767370,watch1,77,71,6,6,playing,watch1,random_diff,下降,watch1,True,10,a,1784881766856,
1784881767370,watch2,78,72,6,6,playing,watch1,random_diff,下降,watch1,False,10,a,1784881766466,
1784881768568,watch1,77,71,6,6,playing,watch1,random_diff,下降,watch1,True,10,c,1784881766856,
1784881768568,watch2,78,72,6,6,playing,watch1,random_diff,下降,watch1,False,10,c,1784881767614,
1784881769786,watch1,77,71,6,6,playing,watch1,random_diff,下降,watch1,True,10,c,1784881768691,
1784881769786,watch2,78,72,6,6,playing,watch1,random_diff,下降,watch1,False,10,c,1784881768691,
1784881771051,watch1,77,71,6,6,playing,watch1,random_diff,下降,watch1,True,10,c,1784881769867,
1784881771051,watch2,78,72,6,6,playing,watch1,random_diff,下降,watch1,False,10,c,1784881769867,
1784881772533,watch1,77,71,6,6,playing,watch1,random_diff,下降,watch1,True,10,c,1784881772333,
1784881772533,watch2,78,72,6,6,playing,watch1,random_diff,下降,watch1,False,10,c,1784881772333,
1784881773771,watch1,77,71,6,6,playing,watch1,random_diff,下降,watch1,True,10,c,1784881773532,
1784881773771,watch2,77,72,5,5,playing,watch1,random_diff,下降,watch1,False,10,c,1784881773118,
1784881774979,watch1,77,71,6,6,playing,watch1,random_diff,下降,watch1,True,10,c,1784881774608,
1784881774979,watch2,77,72,5,5,playing,watch1,random_diff,下降,watch1,False,10,c,1784881774608,
1784881776256,watch1,77,71,6,6,playing,watch1,random_diff,下降,watch1,True,10,c,1784881775815,
1784881776256,watch2,77,72,5,5,playing,watch1,random_diff,下降,watch1,False,10,c,1784881776152,
1784881777460,watch1,77,71,6,6,playing,watch1,random_diff,下降,watch1,True,10,c,1784881776894,
1784881777460,watch2,77,72,5,5,playing,watch1,random_diff,下降,watch1,False,10,c,1784881776152,
1784881778662,watch1,77,71,6,6,playing,watch1,random_diff,下降,watch1,True,10,c,1784881777969,
1784881778662,watch2,77,72,5,5,playing,watch1,random_diff,下降,watch1,False,10,c,1784881777969,
1784881780089,watch1,77,71,6,6,playing,watch1,random_diff,下降,watch1,True,10,c,1784881779121,
1784881780089,watch2,77,72,5,5,playing,watch1,random_diff,下降,watch1,False,10,c,1784881779121,
1784881781324,watch1,77,71,6,6,playing,watch1,random_diff,下降,watch1,True,10,c,1784881780285,
1784881781324,watch2,77,72,5,5,playing,watch1,random_diff,下降,watch1,False,10,c,1784881780285,
1784881782538,watch1,77,71,6,6,playing,watch1,random_diff,下降,watch1,True,10,c,1784881781434,
1784881782538,watch2,77,72,5,5,playing,watch1,random_diff,下降,watch1,False,10,c,1784881781434,
1784881783818,watch1,77,71,6,6,playing,watch1,random_diff,下降,watch1,True,10,c,1784881782600,
1784881783818,watch2,77,72,5,5,playing,watch1,random_diff,下降,watch1,False,10,c,1784881782600,
1784881785390,watch1,77,71,6,6,playing,watch1,random_diff,下降,watch1,True,10,c,1784881785099,
1784881785390,watch2,77,72,5,5,playing,watch1,random_diff,下降,watch1,False,10,c,1784881785099,
1784881786623,watch1,77,71,6,6,playing,watch1,random_diff,下降,watch1,True,10,c,1784881786416,
1784881786623,watch2,77,72,5,5,playing,watch1,random_diff,下降,watch1,False,10,c,1784881786416,
1784881787840,watch1,77,71,6,6,playing,watch1,random_diff,下降,watch1,True,10,c,1784881787571,
1784881787840,watch2,77,72,5,5,playing,watch1,random_diff,下降,watch1,False,10,c,1784881787571,
1784881789039,watch1,77,71,6,6,playing,watch1,random_diff,下降,watch1,True,10,c,1784881788725,
1784881789039,watch2,77,72,5,5,playing,watch1,random_diff,下降,watch1,False,10,c,1784881788725,
1784881790255,watch1,77,71,6,6,playing,watch1,random_diff,下降,watch1,True,10,c,1784881789890,
1784881790255,watch2,77,72,5,5,playing,watch1,random_diff,下降,watch1,False,10,c,1784881789890,
1784881791459,watch1,77,71,6,6,playing,watch1,random_diff,下降,watch1,True,10,c,1784881791054,
1784881791459,watch2,77,72,5,5,playing,watch1,random_diff,下降,watch1,False,10,c,1784881791054,
1784881792661,watch1,77,71,6,6,playing,watch1,random_diff,下降,watch1,True,10,c,1784881792281,
1784881792661,watch2,77,72,5,5,playing,watch1,random_diff,下降,watch1,False,10,c,1784881792281,
1784881793883,watch1,77,71,6,6,playing,watch1,random_diff,下降,watch1,True,10,c,1784881793435,
1784881793883,watch2,77,72,5,5,playing,watch1,random_diff,下降,watch1,False,10,c,1784881793435,
1784881795084,watch1,77,71,6,6,playing,watch1,random_diff,下降,watch1,True,10,c,1784881794590,
1784881795084,watch2,76,72,4,4,playing,watch1,random_diff,下降,watch1,False,10,c,1784881794204,
1784881796329,watch1,77,71,6,6,playing,watch1,random_diff,下降,watch1,True,10,c,1784881795670,
1784881796329,watch2,76,72,4,4,playing,watch1,random_diff,下降,watch1,False,10,c,1784881795670,
1784881797557,watch1,77,71,6,6,playing,watch1,random_diff,下降,watch1,True,10,c,1784881796843,
1784881797557,watch2,76,72,4,4,playing,watch1,random_diff,下降,watch1,False,10,c,1784881796843,
1784881798762,watch1,77,71,6,6,playing,watch1,random_diff,下降,watch1,True,10,c,1784881798000,
1784881798762,watch2,76,72,4,4,playing,watch1,random_diff,下降,watch1,False,10,c,1784881798000,
1784881799985,watch1,76,71,5,5,playing,watch1,random_diff,下降,watch1,True,10,c,1784881799235,
1784881799985,watch2,76,72,4,4,playing,watch1,random_diff,下降,watch1,False,10,c,1784881799235,
1784881801185,watch1,76,71,5,5,playing,watch1,random_diff,下降,watch1,True,10,c,1784881800403,
1784881801185,watch2,76,72,4,4,playing,watch1,random_diff,下降,watch1,False,10,c,1784881800403,
1784881802389,watch1,76,71,5,5,playing,watch1,random_diff,下降,watch1,True,10,c,1784881801558,
1784881802389,watch2,76,72,4,4,playing,watch1,random_diff,下降,watch1,False,10,c,1784881801558,
1784881803761,watch1,76,71,5,5,playing,watch1,random_diff,下降,watch1,True,10,c,1784881802777,
1784881803761,watch2,76,72,4,4,playing,watch1,random_diff,下降,watch1,False,10,c,1784881802777,
1784881804965,watch1,76,71,5,5,playing,watch1,random_diff,下降,watch1,True,10,c,1784881803938,
1784881804965,watch2,76,72,4,4,playing,watch1,random_diff,下降,watch1,False,10,c,1784881803938,
1784881806175,watch1,76,71,5,5,playing,watch1,random_diff,下降,watch1,True,10,c,1784881805098,
1784881806175,watch2,76,72,4,4,playing,watch1,random_diff,下降,watch1,False,10,c,1784881805098,
1784881807452,watch1,76,71,5,5,playing,watch1,random_diff,下降,watch1,True,10,c,1784881806276,
1784881807452,watch2,76,72,4,4,playing,watch1,random_diff,下降,watch1,False,10,c,1784881806276,
1784881808959,watch1,76,71,5,5,playing,watch1,random_diff,下降,watch1,True,10,c,1784881808723,
1784881808959,watch2,76,72,4,4,playing,watch1,random_diff,下降,watch1,False,10,c,1784881808723,
1784881810163,watch1,76,71,5,5,playing,watch1,random_diff,下降,watch1,True,10,c,1784881809918,
1784881810163,watch2,76,72,4,4,playing,watch1,random_diff,下降,watch1,False,10,c,1784881809918,
1784881811372,watch1,76,71,5,5,playing,watch1,random_diff,下降,watch1,True,10,c,1784881811076,
1784881811372,watch2,76,72,4,4,playing,watch1,random_diff,下降,watch1,False,10,c,1784881811076,
1784881812619,watch1,76,71,5,5,playing,watch1,random_diff,下降,watch1,True,10,c,1784881812234,
1784881812619,watch2,76,72,4,4,playing,watch1,random_diff,下降,watch1,False,10,c,1784881812234,
1784881813869,watch1,76,71,5,5,playing,watch1,random_diff,下降,watch1,True,10,c,1784881813395,
1784881813869,watch2,76,72,4,4,playing,watch1,random_diff,下降,watch1,False,10,c,1784881813395,
1784881815072,watch1,76,71,5,5,playing,watch1,random_diff,下降,watch1,True,10,c,1784881814555,
1784881815072,watch2,76,72,4,4,playing,watch1,random_diff,下降,watch1,False,10,c,1784881814555,
1784881816285,watch1,76,71,5,5,playing,watch1,random_diff,下降,watch1,True,10,c,1784881815730,
1784881816285,watch2,76,72,4,4,playing,watch1,random_diff,下降,watch1,False,10,c,1784881815730,
1784881817495,watch1,76,71,5,5,playing,watch1,random_diff,下降,watch1,True,10,c,1784881816915,
1784881817495,watch2,76,72,4,4,playing,watch1,random_diff,下降,watch1,False,10,c,1784881816915,
1784881818702,watch1,76,71,5,5,playing,watch1,random_diff,下降,watch1,True,10,c,1784881818081,
1784881818702,watch2,76,72,4,4,playing,watch1,random_diff,下降,watch1,False,10,c,1784881818081,
1784881819930,watch1,76,71,5,5,playing,watch1,random_diff,下降,watch1,True,10,c,1784881819297,
1784881819930,watch2,76,72,4,4,playing,watch1,random_diff,下降,watch1,False,10,c,1784881819297,
1784881821135,watch1,76,71,5,5,playing,watch1,random_diff,下降,watch1,True,10,c,1784881820464,
1784881821135,watch2,76,72,4,4,playing,watch1,random_diff,下降,watch1,False,10,c,1784881820464,
1784881822572,watch1,76,71,5,5,playing,watch1,random_diff,下降,watch1,True,10,c,1784881821622,
1784881822572,watch2,76,72,4,4,playing,watch1,random_diff,下降,watch1,False,10,c,1784881822296,
1784881823924,watch1,77,71,6,6,playing,watch1,random_diff,下降,watch1,True,10,a,1784881823166,
1784881823924,watch2,76,72,4,4,playing,watch1,random_diff,下降,watch1,False,10,a,1784881823807,
1784881825149,watch1,77,71,6,6,playing,watch1,random_diff,下降,watch1,True,10,a,1784881824946,
1784881825149,watch2,76,72,4,4,playing,watch1,random_diff,下降,watch1,False,10,a,1784881824946,
1784881826486,watch1,77,71,6,6,playing,watch1,random_diff,下降,watch1,True,10,c,1784881826099,
1784881826486,watch2,76,72,4,4,playing,watch1,random_diff,下降,watch1,False,10,c,1784881826099,
1784881827688,watch1,77,71,6,6,playing,watch1,random_diff,下降,watch1,True,10,c,1784881827272,
1784881827688,watch2,76,72,4,4,playing,watch1,random_diff,下降,watch1,False,10,c,1784881827272,
1784881828958,watch1,77,71,6,6,playing,watch1,random_diff,下降,watch1,True,10,c,1784881828429,
1784881828958,watch2,76,72,4,4,playing,watch1,random_diff,下降,watch1,False,10,c,1784881828429,
1784881830191,watch1,77,71,6,6,playing,watch1,random_diff,下降,watch1,True,10,c,1784881829583,
1784881830191,watch2,77,72,5,5,playing,watch1,random_diff,下降,watch1,False,10,c,1784881829312,
1784881831400,watch1,77,71,6,6,playing,watch1,random_diff,下降,watch1,True,10,c,1784881830664,
1784881831400,watch2,77,72,5,5,playing,watch1,random_diff,下降,watch1,False,10,c,1784881830664,
1784881832607,watch1,78,71,7,7,playing,watch1,random_diff,下降,watch1,True,10,c,1784881832220,
1784881832607,watch2,78,72,6,6,playing,watch1,random_diff,下降,watch1,False,10,c,1784881832332,
1784881833822,watch1,78,71,7,7,playing,watch1,random_diff,下降,watch1,True,10,c,1784881832220,
1784881833822,watch2,78,72,6,6,playing,watch1,random_diff,下降,watch1,False,10,c,1784881832332,
1784881835052,watch1,79,71,8,8,playing,watch1,random_diff,下降,watch1,True,10,c,1784881834265,
1784881835052,watch2,78,72,6,6,playing,watch1,random_diff,下降,watch1,False,10,c,1784881833999,
1784881836266,watch1,79,71,8,8,playing,watch1,random_diff,下降,watch1,True,10,c,1784881834265,
1784881836266,watch2,78,72,6,6,playing,watch1,random_diff,下降,watch1,False,10,c,1784881835222,
1784881837637,watch1,79,71,8,8,playing,watch1,random_diff,下降,watch1,True,10,c,1784881834265,
1784881837637,watch2,79,72,7,7,playing,watch1,random_diff,下降,watch1,False,10,c,1784881837546,
1784881839001,watch1,79,71,8,8,playing,watch1,random_diff,下降,watch1,True,10,c,1784881838779,
1784881839001,watch2,79,72,7,7,playing,watch1,random_diff,下降,watch1,False,10,c,1784881838779,
1784881840238,watch1,79,71,8,8,playing,watch1,random_diff,下降,watch1,True,10,c,1784881839946,
1784881840238,watch2,79,72,7,7,playing,watch1,random_diff,下降,watch1,False,10,c,1784881839946,
1784881841523,watch1,79,71,8,8,playing,watch1,random_diff,下降,watch1,True,10,c,1784881841171,
1784881841523,watch2,80,72,8,8,playing,watch1,random_diff,下降,watch1,False,10,c,1784881841383,
1784881842745,watch1,79,71,8,8,playing,watch1,random_diff,下降,watch1,True,10,c,1784881842339,
1784881842745,watch2,80,72,8,8,playing,watch1,random_diff,下降,watch1,False,10,c,1784881841383,
1784881843957,watch1,80,71,9,9,playing,watch1,random_diff,下降,watch1,True,10,a,1784881843488,
1784881843957,watch2,79,72,7,7,playing,watch1,random_diff,下降,watch1,False,10,a,1784881843378,
1784881845206,watch1,80,71,9,9,playing,watch1,random_diff,下降,watch1,True,10,a,1784881844569,
1784881845206,watch2,80,72,8,8,playing,watch1,random_diff,下降,watch1,False,10,a,1784881844386,
1784881846451,watch1,80,71,9,9,playing,watch1,random_diff,下降,watch1,True,10,c,1784881845652,
1784881846451,watch2,80,72,8,8,playing,watch1,random_diff,下降,watch1,False,10,c,1784881845652,
1784881847664,watch1,79,71,8,8,playing,watch1,random_diff,下降,watch1,True,10,a,1784881847338,
1784881847664,watch2,80,72,8,8,playing,watch1,random_diff,下降,watch1,False,10,a,1784881846834,
1784881849025,watch1,79,71,8,8,playing,watch1,random_diff,下降,watch1,True,10,c,1784881847338,
1784881849025,watch2,79,72,7,7,playing,watch1,random_diff,下降,watch1,False,10,c,1784881848406,
1784881850463,watch1,79,71,8,8,playing,watch1,random_diff,下降,watch1,True,10,c,1784881850198,
1784881850463,watch2,79,72,7,7,playing,watch1,random_diff,下降,watch1,False,10,c,1784881850198,
1784881851718,watch1,79,71,8,8,playing,watch1,random_diff,下降,watch1,True,10,c,1784881851423,
1784881851718,watch2,79,72,7,7,playing,watch1,random_diff,下降,watch1,False,10,c,1784881851423,
1784881852949,watch1,79,71,8,8,playing,watch1,random_diff,下降,watch1,True,10,c,1784881852669,
1784881852949,watch2,80,72,8,8,playing,watch1,random_diff,下降,watch1,False,10,c,1784881852669,
1784881854158,watch1,80,71,9,9,playing,watch1,random_diff,下降,watch1,True,10,a,1784881853383,
1784881854158,watch2,80,72,8,8,playing,watch1,random_diff,下降,watch1,False,10,a,1784881853849,
1784881855376,watch1,80,71,9,9,playing,watch1,random_diff,下降,watch1,True,10,a,1784881854936,
1784881855376,watch2,81,72,9,9,playing,watch1,random_diff,下降,watch1,False,10,a,1784881854426,
1784881856701,watch1,82,71,11,11,playing,watch1,random_diff,下降,watch1,True,10,a,1784881855433,
1784881856701,watch2,81,72,9,9,playing,watch1,random_diff,下降,watch1,False,10,a,1784881856021,
1784881857930,watch1,82,71,11,11,playing,watch1,random_diff,下降,watch1,True,10,a,1784881857106,
1784881857930,watch2,82,72,10,10,playing,watch1,random_diff,下降,watch1,False,10,a,1784881857441,
1784881859137,watch1,82,71,11,11,playing,watch1,random_diff,下降,watch1,True,10,c,1784881858266,
1784881859137,watch2,81,72,9,9,playing,watch1,random_diff,下降,watch1,False,10,c,1784881858445,
1784881860346,watch1,81,71,10,10,playing,watch1,random_diff,下降,watch1,True,10,a,1784881859466,
1784881860346,watch2,81,72,9,9,playing,watch1,random_diff,下降,watch1,False,10,a,1784881858445,
1784881861915,watch1,81,71,10,10,playing,watch1,random_diff,下降,watch1,True,10,c,1784881861601,
1784881861915,watch2,81,72,9,9,playing,watch1,random_diff,下降,watch1,False,10,c,1784881861601,
1784881863131,watch1,81,71,10,10,playing,watch1,random_diff,下降,watch1,True,10,c,1784881862874,
1784881863131,watch2,80,72,8,8,playing,watch1,random_diff,下降,watch1,False,10,c,1784881862462,
1784881864355,watch1,81,71,10,10,playing,watch1,random_diff,下降,watch1,True,10,c,1784881863957,
1784881864355,watch2,80,72,8,8,playing,watch1,random_diff,下降,watch1,False,10,c,1784881863957,
1784881865652,watch1,82,71,11,11,playing,watch1,random_diff,下降,watch1,True,10,a,1784881865504,
1784881865652,watch2,81,72,9,9,playing,watch1,random_diff,下降,watch1,False,10,a,1784881864482,
1784881866934,watch1,82,71,11,11,playing,watch1,random_diff,下降,watch1,True,10,a,1784881865504,
1784881866934,watch2,81,72,9,9,playing,watch1,random_diff,下降,watch1,False,10,a,1784881866192,
1784881868169,watch1,82,71,11,11,playing,watch1,random_diff,下降,watch1,True,10,a,1784881867276,
1784881868169,watch2,81,72,9,9,playing,watch1,random_diff,下降,watch1,False,10,a,1784881867276,
1784881869378,watch1,81,71,10,10,playing,watch1,random_diff,下降,watch1,True,10,c,1784881868681,
1784881869378,watch2,81,72,9,9,playing,watch1,random_diff,下降,watch1,False,10,c,1784881868435,
1784881871688,watch1,80,71,9,9,playing,watch1,random_diff,下降,watch1,True,10,c,1784881870573,
1784881871688,watch2,79,72,7,7,playing,watch1,random_diff,下降,watch1,False,10,c,1784881871504,
1784881872924,watch1,79,71,8,8,playing,watch1,random_diff,下降,watch1,True,10,c,1784881872589,
1784881872924,watch2,79,72,7,7,playing,watch1,random_diff,下降,watch1,False,10,c,1784881871504,
1784881874136,watch1,79,71,8,8,playing,watch1,random_diff,下降,watch1,True,10,c,1784881872589,
1784881874136,watch2,78,72,6,6,playing,watch1,random_diff,下降,watch1,False,10,c,1784881873508,
1784881875347,watch1,78,71,7,7,playing,watch1,random_diff,下降,watch1,True,10,c,1784881874612,
1784881875347,watch2,78,72,6,6,playing,watch1,random_diff,下降,watch1,False,10,c,1784881873508,
1784881876672,watch1,78,71,7,7,playing,watch1,random_diff,下降,watch1,True,10,c,1784881874612,
1784881876672,watch2,78,72,6,6,playing,watch1,random_diff,下降,watch1,False,10,c,1784881876578,
1784881878263,watch1,77,71,6,6,playing,watch1,random_diff,下降,watch1,True,10,c,1784881877968,
1784881878263,watch2,78,72,6,6,playing,watch1,random_diff,下降,watch1,False,10,c,1784881877968,
1784881879474,watch1,77,71,6,6,playing,watch1,random_diff,下降,watch1,True,10,c,1784881879209,
1784881879474,watch2,77,72,5,5,playing,watch1,random_diff,下降,watch1,False,10,c,1784881878529,
1784881880698,watch1,77,71,6,6,playing,watch1,random_diff,下降,watch1,True,10,c,1784881880300,
1784881880698,watch2,77,72,5,5,playing,watch1,random_diff,下降,watch1,False,10,c,1784881880300,
1784881881935,watch1,77,71,6,6,playing,watch1,random_diff,下降,watch1,True,10,c,1784881881464,
1784881881935,watch2,77,72,5,5,playing,watch1,random_diff,下降,watch1,False,10,c,1784881881464,
1784881883185,watch1,77,71,6,6,playing,watch1,random_diff,下降,watch1,True,10,c,1784881882706,
1784881883185,watch2,76,72,4,4,playing,watch1,random_diff,下降,watch1,False,10,c,1784881882706,
1784881884414,watch1,77,71,6,6,playing,watch1,random_diff,下降,watch1,True,10,c,1784881883895,
1784881884414,watch2,76,72,4,4,playing,watch1,random_diff,下降,watch1,False,10,c,1784881883895,
1784881885625,watch1,77,71,6,6,playing,watch1,random_diff,下降,watch1,True,10,c,1784881885056,
1784881885625,watch2,76,72,4,4,playing,watch1,random_diff,下降,watch1,False,10,c,1784881885056,
1784881886853,watch1,77,71,6,6,playing,watch1,random_diff,下降,watch1,True,10,c,1784881886217,
1784881886853,watch2,76,72,4,4,playing,watch1,random_diff,下降,watch1,False,10,c,1784881886217,
1784881888076,watch1,76,71,5,5,playing,watch1,random_diff,下降,watch1,True,10,a,1784881887721,
1784881888076,watch2,76,72,4,4,playing,watch1,random_diff,下降,watch1,False,10,a,1784881887384,
1784881889292,watch1,76,71,5,5,playing,watch1,random_diff,下降,watch1,True,10,a,1784881887721,
1784881889292,watch2,76,72,4,4,playing,watch1,random_diff,下降,watch1,False,10,a,1784881888552,
1784881890499,watch1,76,71,5,5,playing,watch1,random_diff,下降,watch1,True,10,c,1784881889673,
1784881890499,watch2,76,72,4,4,playing,watch1,random_diff,下降,watch1,False,10,c,1784881889673,
1784881891836,watch1,76,71,5,5,playing,watch1,random_diff,下降,watch1,True,10,c,1784881890844,
1784881891836,watch2,75,72,3,3,playing,watch1,random_diff,下降,watch1,False,10,c,1784881891550,
1784881893073,watch1,76,71,5,5,playing,watch1,random_diff,下降,watch1,True,10,c,1784881892000,
1784881893073,watch2,76,72,4,4,playing,watch1,random_diff,下降,watch1,False,10,c,1784881892560,
1784881894488,watch1,76,71,5,5,playing,watch1,random_diff,下降,watch1,True,10,c,1784881894207,
1784881894488,watch2,76,72,4,4,playing,watch1,random_diff,下降,watch1,False,10,c,1784881894207,
1784881895791,watch1,76,71,5,5,playing,watch1,random_diff,下降,watch1,True,10,c,1784881895448,
1784881895791,watch2,77,72,5,5,playing,watch1,random_diff,下降,watch1,False,10,c,1784881895610,
1784881897079,watch1,77,71,6,6,playing,watch1,random_diff,下降,watch1,True,10,c,1784881895782,
1784881897079,watch2,77,72,5,5,playing,watch1,random_diff,下降,watch1,False,10,c,1784881896611,
1784881898301,watch1,77,71,6,6,playing,watch1,random_diff,下降,watch1,True,10,c,1784881897769,
1784881898301,watch2,76,72,4,4,playing,watch1,random_diff,下降,watch1,False,10,c,1784881897769,
1784881899576,watch1,77,71,6,6,playing,watch1,random_diff,下降,watch1,True,10,c,1784881898934,
1784881899576,watch2,76,72,4,4,playing,watch1,random_diff,下降,watch1,False,10,c,1784881898934,
1784881900823,watch1,77,71,6,6,playing,watch1,random_diff,下降,watch1,True,10,c,1784881900103,
1784881900823,watch2,76,72,4,4,playing,watch1,random_diff,下降,watch1,False,10,c,1784881900103,
1784881902046,watch1,76,71,5,5,playing,watch1,random_diff,下降,watch1,True,10,c,1784881901834,
1784881902046,watch2,77,72,5,5,playing,watch1,random_diff,下降,watch1,False,10,c,1784881901622,
1784881903273,watch1,76,71,5,5,playing,watch1,random_diff,下降,watch1,True,10,c,1784881901834,
1784881903273,watch2,76,72,4,4,playing,watch1,random_diff,下降,watch1,False,10,c,1784881902624,
1784881904488,watch1,76,71,5,5,playing,watch1,random_diff,下降,watch1,True,10,c,1784881903437,
1784881904488,watch2,76,72,4,4,playing,watch1,random_diff,下降,watch1,False,10,c,1784881902624,
1784881906077,watch1,76,71,5,5,playing,watch1,random_diff,下降,watch1,True,10,c,1784881905863,
1784881906077,watch2,76,72,4,4,playing,watch1,random_diff,下降,watch1,False,10,c,1784881905863,
1784881907327,watch1,76,71,5,5,playing,watch1,random_diff,下降,watch1,True,10,c,1784881907104,
1784881907327,watch2,76,72,4,4,playing,watch1,random_diff,下降,watch1,False,10,c,1784881907104,
1784881908540,watch1,76,71,5,5,playing,watch1,random_diff,下降,watch1,True,10,c,1784881908265,
1784881908540,watch2,76,72,4,4,playing,watch1,random_diff,下降,watch1,False,10,c,1784881908265,
1784881909792,watch1,76,71,5,5,playing,watch1,random_diff,下降,watch1,True,10,c,1784881909428,
1784881909792,watch2,76,72,4,4,playing,watch1,random_diff,下降,watch1,False,10,c,1784881909428,
1784881911037,watch1,76,71,5,5,playing,watch1,random_diff,下降,watch1,True,10,c,1784881910590,
1784881911037,watch2,76,72,4,4,playing,watch1,random_diff,下降,watch1,False,10,c,1784881910590,
1784881912256,watch1,76,71,5,5,playing,watch1,random_diff,下降,watch1,True,10,c,1784881911765,
1784881912256,watch2,76,72,4,4,playing,watch1,random_diff,下降,watch1,False,10,c,1784881911765,
1784881913474,watch1,76,71,5,5,playing,watch1,random_diff,下降,watch1,True,10,c,1784881912944,
1784881913474,watch2,76,72,4,4,playing,watch1,random_diff,下降,watch1,False,10,c,1784881912944,
1784881914918,watch1,76,71,5,5,playing,watch1,random_diff,下降,watch1,True,10,c,1784881914104,
1784881914918,watch2,76,72,4,4,playing,watch1,random_diff,下降,watch1,False,10,c,1784881914104,
1784881916156,watch1,76,71,5,5,playing,watch1,random_diff,下降,watch1,True,10,c,1784881915274,
1784881916156,watch2,76,72,4,4,playing,watch1,random_diff,下降,watch1,False,10,c,1784881915274,
1784881917376,watch1,76,71,5,5,playing,watch1,random_diff,下降,watch1,True,10,c,1784881916441,
1784881917376,watch2,76,72,4,4,playing,watch1,random_diff,下降,watch1,False,10,c,1784881916441,
1784881918586,watch1,76,71,5,5,playing,watch1,random_diff,下降,watch1,True,10,c,1784881917610,
1784881918586,watch2,76,72,4,4,playing,watch1,random_diff,下降,watch1,False,10,c,1784881917610,
1784881919886,watch1,75,71,4,4,playing,watch1,random_diff,下降,watch1,True,10,c,1784881918945,
1784881919886,watch2,76,72,4,4,playing,watch1,random_diff,下降,watch1,False,10,c,1784881918770,
1784881921226,watch1,75,71,4,4,playing,watch1,random_diff,下降,watch1,True,10,c,1784881920026,
1784881921226,watch2,76,72,4,4,playing,watch1,random_diff,下降,watch1,False,10,c,1784881920678,
1784881922643,watch1,75,71,4,4,playing,watch1,random_diff,下降,watch1,True,10,c,1784881922430,
1784881922643,watch2,76,72,4,4,playing,watch1,random_diff,下降,watch1,False,10,c,1784881922430,
1784881923928,watch1,75,71,4,4,playing,watch1,random_diff,下降,watch1,True,10,c,1784881923601,
1784882973260,watch1,78,71,7,7,playing,watch1,random_diff,下降,watch1,True,20,a,1784882972918,
1784882973260,watch2,83,72,11,11,playing,watch1,random_diff,下降,watch1,False,20,a,1784882972918,
1784882974525,watch1,78,71,7,7,playing,watch1,random_diff,下降,watch1,True,20,a,1784882974224,
1784882974525,watch2,83,72,11,11,playing,watch1,random_diff,下降,watch1,False,20,a,1784882974224,
1784882975826,watch1,80,71,9,9,playing,watch1,random_diff,下降,watch1,True,30,a,1784882974771,
1784882975826,watch2,83,72,11,11,playing,watch1,random_diff,下降,watch1,False,30,a,1784882975456,
1784882977057,watch1,80,71,9,9,playing,watch1,random_diff,下降,watch1,True,30,a,1784882976731,
1784882977057,watch2,82,72,10,10,playing,watch1,random_diff,下降,watch1,False,30,a,1784882976438,
1784882978300,watch1,80,71,9,9,playing,watch1,random_diff,下降,watch1,True,30,a,1784882977841,
1784882978300,watch2,82,72,10,10,playing,watch1,random_diff,下降,watch1,False,30,a,1784882977841,
1784882979719,watch1,81,71,10,10,playing,watch1,random_diff,下降,watch1,True,30,a,1784882978804,
1784882979719,watch2,83,72,11,11,playing,watch1,random_diff,下降,watch1,False,30,a,1784882979448,
1784882981551,watch1,82,71,11,11,playing,watch1,random_diff,下降,watch1,True,30,a,1784882980832,
1784882981551,watch2,84,72,12,12,playing,watch1,random_diff,下降,watch1,False,30,a,1784882980450,
1784882983044,watch1,81,71,10,10,playing,watch1,random_diff,下降,watch1,True,30,a,1784882982898,
1784882983044,watch2,84,72,12,12,playing,watch1,random_diff,下降,watch1,False,30,a,1784882982513,
1784882984275,watch1,81,71,10,10,playing,watch1,random_diff,下降,watch1,True,30,a,1784882982898,
1784882984275,watch2,83,72,11,11,playing,watch1,random_diff,下降,watch1,False,30,a,1784882983883,
1784882986724,watch1,79,71,8,8,playing,watch1,random_diff,下降,watch1,True,30,a,1784882986209,
1784882986724,watch2,83,72,11,11,playing,watch1,random_diff,下降,watch1,False,30,a,1784882985509,
1784882988007,watch1,78,71,7,7,playing,watch1,random_diff,下降,watch1,True,20,a,1784882986908,
1784882988007,watch2,82,72,10,10,playing,watch1,random_diff,下降,watch1,False,20,a,1784882987502,
1784882989212,watch1,78,71,7,7,playing,watch1,random_diff,下降,watch1,True,20,a,1784882988483,
1784882989212,watch2,81,72,9,9,playing,watch1,random_diff,下降,watch1,False,20,a,1784882988614,
1784882990416,watch1,77,71,6,6,playing,watch1,random_diff,下降,watch1,True,20,a,1784882989928,
1784882990416,watch2,84,72,12,12,playing,watch1,random_diff,下降,watch1,False,20,a,1784882989515,
1784882991640,watch1,77,71,6,6,playing,watch1,random_diff,下降,watch1,True,20,a,1784882989928,
1784882991640,watch2,84,72,12,12,playing,watch1,random_diff,下降,watch1,False,20,a,1784882990786,
1784882992841,watch1,75,71,4,4,playing,watch1,random_diff,下降,watch1,True,20,a,1784882991941,
1784882992841,watch2,84,72,12,12,playing,watch1,random_diff,下降,watch1,False,20,a,1784882991980,
1784882994054,watch1,75,71,4,4,playing,watch1,random_diff,下降,watch1,True,20,a,1784882993293,
1784882994054,watch2,84,72,12,12,playing,watch1,random_diff,下降,watch1,False,20,a,1784882993293,
1784882995256,watch1,75,71,4,4,playing,watch1,random_diff,下降,watch1,True,20,a,1784882994917,
1784882995256,watch2,84,72,12,12,playing,watch1,random_diff,下降,watch1,False,20,a,1784882994520,
1784882996459,watch1,75,71,4,4,playing,watch1,random_diff,下降,watch1,True,20,a,1784882996038,
1784882996459,watch2,84,72,12,12,playing,watch1,random_diff,下降,watch1,False,20,a,1784882996038,
1784882997820,watch1,75,71,4,4,playing,watch1,random_diff,下降,watch1,True,20,a,1784882997272,
1784882997820,watch2,83,72,11,11,playing,watch1,random_diff,下降,watch1,False,20,a,1784882996528,
1784882999082,watch1,76,71,5,5,playing,watch1,random_diff,下降,watch1,True,20,a,1784882997958,
1784882999082,watch2,79,72,7,7,playing,watch1,random_diff,下降,watch1,False,20,a,1784882998552,
1784883000349,watch1,77,71,6,6,playing,watch1,random_diff,下降,watch1,True,20,a,1784882999970,
1784883000349,watch2,79,72,7,7,playing,watch1,random_diff,下降,watch1,False,20,a,1784882999553,
1784883001565,watch1,77,71,6,6,playing,watch1,random_diff,下降,watch1,True,20,a,1784882999970,
1784883001565,watch2,79,72,7,7,playing,watch1,random_diff,下降,watch1,False,20,a,1784883000810,
1784883002872,watch1,79,71,8,8,playing,watch1,random_diff,下降,watch2,False,20,a,1784883001986,
1784883002872,watch2,77,72,5,5,playing,watch1,random_diff,下降,watch2,True,20,a,1784883002568,
1784883004103,watch1,79,71,8,8,playing,watch1,random_diff,下降,watch2,False,20,a,1784883003180,
1784883004103,watch2,79,72,7,7,playing,watch1,random_diff,下降,watch2,True,20,a,1784883003578,
1784883005337,watch1,79,71,8,8,playing,watch1,random_diff,下降,watch2,False,20,a,1784883004301,
1784883005337,watch2,78,72,6,6,playing,watch1,random_diff,下降,watch2,True,20,a,1784883004583,
1784883006788,watch1,78,71,7,7,playing,watch1,random_diff,下降,watch2,False,20,a,1784883006028,
1784883006788,watch2,75,72,3,3,playing,watch1,random_diff,下降,watch2,True,20,a,1784883006610,
1784883008126,watch1,77,71,6,6,playing,watch1,random_diff,下降,watch2,False,20,a,1784883007156,
1784883008126,watch2,77,72,5,5,playing,watch1,random_diff,下降,watch2,True,20,a,1784883007598,
1784883009412,watch1,76,71,5,5,playing,watch1,random_diff,下降,watch1,True,20,a,1784883009144,
1784883009412,watch2,78,72,6,6,playing,watch1,random_diff,下降,watch1,False,20,a,1784883008599,
1784883010756,watch1,76,71,5,5,playing,watch1,random_diff,下降,watch1,True,20,a,1784883010144,
1784883010756,watch2,77,72,5,5,playing,watch1,random_diff,下降,watch1,False,20,a,1784883010622,
1784883012081,watch1,76,71,5,5,playing,watch1,random_diff,下降,watch1,True,20,a,1784883011415,
1784883012081,watch2,79,72,7,7,playing,watch1,random_diff,下降,watch1,False,20,a,1784883011618,
1784883013348,watch1,75,71,4,4,playing,watch1,random_diff,下降,watch1,True,20,a,1784883013068,
1784883013348,watch2,82,72,10,10,playing,watch1,random_diff,下降,watch1,False,20,a,1784883012726,
1784883014623,watch1,75,71,4,4,playing,watch1,random_diff,下降,watch1,True,20,a,1784883013068,
1784883014623,watch2,82,72,10,10,playing,watch1,random_diff,下降,watch1,False,20,a,1784883013727,
1784883015895,watch1,75,71,4,4,playing,watch1,random_diff,下降,watch1,True,20,a,1784883014914,
1784883015895,watch2,80,72,8,8,playing,watch1,random_diff,下降,watch1,False,20,a,1784883014914,
1784883017409,watch1,74,71,3,3,playing,watch1,random_diff,下降,watch1,True,10,a,1784883017100,
1784883017409,watch2,78,72,6,6,playing,watch1,random_diff,下降,watch1,False,10,a,1784883016648,
1784883018698,watch1,74,71,3,3,playing,watch1,random_diff,下降,watch1,True,10,a,1784883018516,
1784883018698,watch2,77,72,5,5,playing,watch1,random_diff,下降,watch1,False,10,a,1784883017656,
1784883019987,watch1,73,71,2,2,playing,watch1,random_diff,下降,watch1,True,10,a,1784883019124,
1784883019987,watch2,77,72,5,5,playing,watch1,random_diff,下降,watch1,False,10,a,1784883019641,
1784883021254,watch1,73,71,2,2,playing,watch1,random_diff,下降,watch1,True,10,a,1784883020760,
1784883021254,watch2,77,72,5,5,playing,watch1,random_diff,下降,watch1,False,10,a,1784883020760,
1784883022487,watch1,73,71,2,2,playing,watch1,random_diff,下降,watch1,True,10,a,1784883022132,
1784883022487,watch2,76,72,4,4,playing,watch1,random_diff,下降,watch1,False,10,a,1784883021684,
1784883023783,watch1,73,71,2,2,playing,watch1,random_diff,下降,watch1,True,10,a,1784883023294,
1784883023783,watch2,75,72,3,3,playing,watch1,random_diff,下降,watch1,False,10,a,1784883022689,
1784883025068,watch1,73,71,2,2,playing,watch1,random_diff,下降,watch1,True,10,a,1784883024521,
1784883025068,watch2,80,72,8,8,playing,watch1,random_diff,下降,watch1,False,10,a,1784883024793,
1784883026443,watch1,72,71,1,1,playing,watch1,random_diff,下降,watch1,True,10,a,1784883025161,
1784883026443,watch2,80,72,8,8,playing,watch1,random_diff,下降,watch1,False,10,a,1784883025793,
1784883028884,watch1,72,71,1,1,playing,watch1,random_diff,下降,watch1,True,10,a,1784883028123,
1784883028884,watch2,82,72,10,10,playing,watch1,random_diff,下降,watch1,False,10,a,1784883027722,
1784883030145,watch1,72,71,1,1,playing,watch1,random_diff,下降,watch1,True,10,a,1784883029238,
1784883030145,watch2,79,72,7,7,playing,watch1,random_diff,下降,watch1,False,10,a,1784883029731,
1784883031376,watch1,72,71,1,1,playing,watch1,random_diff,下降,watch1,True,10,a,1784883030495,
1784883031376,watch2,80,72,8,8,playing,watch1,random_diff,下降,watch1,False,10,a,1784883030723,
1784883032612,watch1,73,71,2,2,playing,watch1,random_diff,下降,watch1,True,10,a,1784883032201,
1784883032612,watch2,79,72,7,7,playing,watch1,random_diff,下降,watch1,False,10,a,1784883031746,
1784883033941,watch1,73,71,2,2,playing,watch1,random_diff,下降,watch1,True,10,a,1784883033747,
1784883033941,watch2,78,72,6,6,playing,watch1,random_diff,下降,watch1,False,10,a,1784883032750,
1784883035173,watch1,74,71,3,3,playing,watch1,random_diff,下降,watch1,True,10,a,1784883034216,
1784883035173,watch2,79,72,7,7,playing,watch1,random_diff,下降,watch1,False,10,a,1784883034756,
1784883036418,watch1,73,71,2,2,playing,watch1,random_diff,下降,watch1,True,10,a,1784883036243,
1784883036418,watch2,79,72,7,7,playing,watch1,random_diff,下降,watch1,False,10,a,1784883035879,
1784883037648,watch1,73,71,2,2,playing,watch1,random_diff,下降,watch1,True,10,a,1784883036243,
1784883037648,watch2,79,72,7,7,playing,watch1,random_diff,下降,watch1,False,10,a,1784883036789,
1784883038984,watch1,73,71,2,2,playing,watch1,random_diff,下降,watch1,True,10,a,1784883038161,
1784883038984,watch2,80,72,8,8,playing,watch1,random_diff,下降,watch1,False,10,a,1784883038791,
1784883040219,watch1,74,71,3,3,playing,watch1,random_diff,下降,watch1,True,10,a,1784883039564,
1784883040219,watch2,80,72,8,8,playing,watch1,random_diff,下降,watch1,False,10,a,1784883038791,
1784883041560,watch1,73,71,2,2,playing,watch1,random_diff,下降,watch1,True,10,a,1784883040261,
1784883041560,watch2,77,72,5,5,playing,watch1,random_diff,下降,watch1,False,10,a,1784883040804,
1784883042999,watch1,73,71,2,2,playing,watch1,random_diff,下降,watch1,True,10,a,1784883040261,
1784883042999,watch2,78,72,6,6,playing,watch1,random_diff,下降,watch1,False,10,a,1784883041928,
1784883046063,watch1,73,71,2,2,playing,watch1,random_diff,下降,watch1,True,10,a,1784883043097,
1784883046063,watch2,79,72,7,7,playing,watch1,random_diff,下降,watch1,False,10,a,1784883045834,
1784883047554,watch1,74,71,3,3,playing,watch1,random_diff,下降,watch1,True,10,a,1784883047344,
1784883047554,watch2,82,72,10,10,playing,watch1,random_diff,下降,watch1,False,10,a,1784883046844,
1784883048819,watch1,74,71,3,3,playing,watch1,self_fast,,watch1,True,10,c,1784883048503,
1784883048819,watch2,82,72,10,10,playing,watch1,self_fast,,watch1,False,10,c,1784883048503,
1784883050165,watch1,74,71,3,3,playing,watch1,self_fast,,watch1,True,10,c,1784883049756,
1784883050165,watch2,80,72,8,8,playing,watch1,self_fast,,watch1,False,10,c,1784883048847,
1784883051560,watch1,74,71,3,3,playing,watch1,self_fast,,watch1,True,10,c,1784883050872,
1784883051560,watch2,80,72,8,8,playing,watch1,self_fast,,watch1,False,10,c,1784883050872,
1784883052806,watch1,74,71,3,3,playing,watch1,self_fast,,watch1,True,10,c,1784883052519,
1784883052806,watch2,79,72,7,7,playing,watch1,self_fast,,watch1,False,10,c,1784883052519,
1784883054163,watch1,74,71,3,3,playing,watch1,self_fast,,watch1,True,10,c,1784883053744,
1784883054163,watch2,78,72,6,6,playing,watch1,self_fast,,watch1,False,10,c,1784883053865,
1784883056504,watch1,73,71,2,2,playing,watch1,self_fast,,watch1,True,10,c,1784883055376,
1784883056504,watch2,77,72,5,5,playing,watch1,self_fast,,watch1,False,10,c,1784883055990,
1784883057768,watch1,73,71,2,2,playing,watch1,self_fast,,watch1,True,10,c,1784883057198,
1784883057768,watch2,74,72,2,2,playing,watch1,self_fast,,watch1,False,10,c,1784883057198,
1784883059137,watch1,73,71,2,2,playing,watch1,self_fast,,watch1,True,10,c,1784883058460,
1784883059137,watch2,78,72,6,6,playing,watch1,self_fast,,watch1,False,10,c,1784883058891,
1784883060434,watch1,73,71,2,2,playing,watch1,self_fast,,watch1,True,10,c,1784883059801,
1784883060434,watch2,76,72,4,4,playing,watch1,self_fast,,watch1,False,10,c,1784883059950,
1784883061643,watch1,74,71,3,3,playing,watch1,self_fast,,watch1,True,10,c,1784883061408,
1784883061643,watch2,78,72,6,6,playing,watch1,self_fast,,watch1,False,10,c,1784883060916,
1784883063043,watch1,74,71,3,3,playing,watch1,self_fast,,watch1,True,10,c,1784883061408,
1784883063043,watch2,80,72,8,8,playing,watch1,self_fast,,watch1,False,10,c,1784883062922,
1784883064261,watch1,74,71,3,3,playing,watch1,self_fast,,watch1,True,10,c,1784883063377,
1784883064261,watch2,74,72,2,2,playing,watch1,self_fast,,watch1,False,10,c,1784883063972,
1784883065501,watch1,74,71,3,3,playing,watch1,self_fast,,watch1,True,10,c,1784883064566,
1784883065501,watch2,74,72,2,2,playing,watch1,self_fast,,watch1,False,10,c,1784883063972,
1784883066712,watch1,74,71,3,3,playing,watch1,self_fast,,watch1,True,10,c,1784883065685,
1784883066712,watch2,74,72,2,2,playing,watch1,self_fast,,watch1,False,10,c,1784883065685,
1784883068133,watch1,73,71,2,2,playing,watch1,self_fast,,watch1,True,10,c,1784883067448,
1784883068133,watch2,72,72,0,0,playing,watch1,self_fast,,watch1,False,10,c,1784883067937,
1784883069605,watch1,74,71,3,3,playing,watch1,self_fast,,watch1,True,10,c,1784883069488,
1784883069605,watch2,73,72,1,1,playing,watch1,self_fast,,watch1,False,10,c,1784883068947,
1784883070858,watch1,74,71,3,3,playing,watch1,self_fast,,watch1,True,10,c,1784883069488,
1784883070858,watch2,76,72,4,4,playing,watch1,self_fast,,watch1,False,10,c,1784883069949,
1784883072141,watch1,74,71,3,3,playing,watch1,self_fast,,watch1,True,10,c,1784883071461,
1784883072141,watch2,75,72,3,3,playing,watch1,self_fast,,watch1,False,10,c,1784883071957,
1784883073369,watch1,77,71,6,6,playing,watch1,self_fast,,watch1,True,20,c,1784883072543,
1784883073369,watch2,76,72,4,4,playing,watch1,self_fast,,watch1,False,20,c,1784883072954,
1784883075791,watch1,79,71,8,8,playing,watch1,self_fast,,watch1,True,30,c,1784883074573,
1784883075791,watch2,76,72,4,4,playing,watch1,self_fast,,watch1,False,30,c,1784883074967,
1784883077152,watch1,83,71,12,12,playing,watch1,self_fast,,watch1,True,30,c,1784883076566,
1784883077152,watch2,78,72,6,6,playing,watch1,self_fast,,watch1,False,30,c,1784883076975,
1784883078520,watch1,83,71,12,12,playing,watch1,self_fast,,watch1,True,30,c,1784883078333,
1784883078520,watch2,79,72,7,7,playing,watch1,self_fast,,watch1,False,30,c,1784883077971,
1784883079877,watch1,82,71,11,11,playing,watch1,self_fast,,watch1,True,30,c,1784883078596,
1784883079877,watch2,79,72,7,7,playing,watch1,self_fast,,watch1,False,30,c,1784883079451,
1784883081162,watch1,82,71,11,11,playing,watch1,self_fast,,watch1,True,30,c,1784883080577,
1784883081162,watch2,79,72,7,7,playing,watch1,self_fast,,watch1,False,30,c,1784883080577,
1784883082405,watch1,86,71,15,15,playing,watch1,self_fast,,watch1,True,40,c,1784883081933,
1784883082405,watch2,79,72,7,7,playing,watch1,self_fast,,watch1,False,40,c,1784883081933,
1784883083669,watch1,89,71,18,18,playing,watch1,self_fast,,watch1,True,40,c,1784883082647,
1784883083669,watch2,82,72,10,10,playing,watch1,self_fast,,watch1,False,40,c,1784883082986,
1784883085172,watch1,90,71,19,19,playing,watch1,self_fast,,watch1,True,40,c,1784883084676,
1784883085172,watch2,80,72,8,8,playing,watch1,self_fast,,watch1,False,40,c,1784883083994,
1784883087854,watch1,90,71,19,19,playing,watch1,self_fast,,watch1,True,40,c,1784883084676,
1784883087854,watch2,79,72,7,7,playing,watch1,self_fast,,watch1,False,40,c,1784883087155,
1784883089257,watch1,90,71,19,19,playing,watch1,self_fast,,watch1,True,40,c,1784883088700,
1784883089257,watch2,80,72,8,8,playing,watch1,self_fast,,watch1,False,40,c,1784883089012,
1784883090499,watch1,83,71,12,12,playing,watch1,self_fast,,watch1,True,30,c,1784883089732,
1784883090499,watch2,80,72,8,8,playing,watch1,self_fast,,watch1,False,30,c,1784883089012,
1784883092086,watch1,83,71,12,12,playing,watch1,self_fast,,watch1,True,30,c,1784883091825,
1784883092086,watch2,79,72,7,7,playing,watch1,self_fast,,watch1,False,30,c,1784883091017,
1784883093516,watch1,81,71,10,10,playing,watch1,self_fast,,watch1,True,30,c,1784883093143,
1784883093516,watch2,84,72,12,12,playing,watch1,self_fast,,watch1,False,30,c,1784883093030,
1784883094752,watch1,81,71,10,10,playing,watch1,self_fast,,watch1,True,30,c,1784883094347,
1784883094752,watch2,84,72,12,12,playing,watch1,self_fast,,watch1,False,30,c,1784883094347,
1784883096029,watch1,84,71,13,13,playing,watch1,self_fast,,watch1,True,30,c,1784883095766,
1784883096029,watch2,83,72,11,11,playing,watch1,self_fast,,watch1,False,30,c,1784883095036,
1784883097471,watch1,84,71,13,13,playing,watch1,self_fast,,watch1,True,30,c,1784883095766,
1784883097471,watch2,87,72,15,15,playing,watch1,self_fast,,watch1,False,30,c,1784883097051,
1784883098720,watch1,88,71,17,17,playing,watch1,self_fast,,watch1,True,40,c,1784883097884,
1784883098720,watch2,83,72,11,11,playing,watch1,self_fast,,watch1,False,40,c,1784883098064,
1784883100258,watch1,91,71,20,20,playing,watch1,self_fast,,watch1,True,40,c,1784883099838,
1784883100258,watch2,83,72,11,11,playing,watch1,self_fast,,watch1,False,40,c,1784883099887,
1784883101509,watch1,91,71,20,20,playing,watch1,self_fast,,watch1,True,40,c,1784883101184,
1784883101509,watch2,83,72,11,11,playing,watch1,self_fast,,watch1,False,40,c,1784883101184,
1784883102779,watch1,92,71,21,21,playing,watch1,self_fast,,watch1,True,40,c,1784883101828,
1784883102779,watch2,80,72,8,8,playing,watch1,self_fast,,watch1,False,40,c,1784883102073,
1784883104041,watch1,92,71,21,21,playing,watch1,self_fast,,watch1,True,40,c,1784883103426,
1784883104041,watch2,81,72,9,9,playing,watch1,self_fast,,watch1,False,40,c,1784883103063,
1784883105348,watch1,92,71,21,21,playing,watch1,self_fast,,watch1,True,40,c,1784883104549,
1784883105348,watch2,83,72,11,11,playing,watch1,self_fast,,watch1,False,40,c,1784883105072,
1784883106587,watch1,90,71,19,19,playing,watch1,self_fast,,watch1,True,40,c,1784883105945,
1784883106587,watch2,80,72,8,8,playing,watch1,self_fast,,watch1,False,40,c,1784883106080,
1784883107868,watch1,90,71,19,19,playing,watch1,self_fast,,watch1,True,40,c,1784883106945,
1784883107868,watch2,81,72,9,9,playing,watch1,self_fast,,watch1,False,40,c,1784883107089,
1784883109339,watch1,91,71,20,20,playing,watch1,self_fast,,watch1,True,40,c,1784883108878,
1784883109339,watch2,79,72,7,7,playing,watch1,self_fast,,watch1,False,40,c,1784883109096,
1784883110571,watch1,91,71,20,20,playing,watch1,self_fast,,watch1,True,40,c,1784883110319,
1784883110571,watch2,75,72,3,3,playing,watch1,self_fast,,watch1,False,40,c,1784883110107,
1784883111805,watch1,92,71,21,21,playing,watch1,self_fast,,watch1,True,40,c,1784883110899,
1784883111805,watch2,76,72,4,4,playing,watch1,self_fast,,watch1,False,40,c,1784883111107,
1784883113126,watch1,91,71,20,20,playing,watch1,self_fast,,watch1,True,40,c,1784883112919,
1784883113126,watch2,76,72,4,4,playing,watch1,self_fast,,watch1,False,40,c,1784883112497,
1784883114358,watch1,91,71,20,20,playing,watch1,self_fast,,watch1,True,40,c,1784883112919,
1784883114358,watch2,77,72,5,5,playing,watch1,self_fast,,watch1,False,40,c,1784883114120,
1784883115675,watch1,88,71,17,17,playing,watch1,self_fast,,watch1,True,40,c,1784883115034,
1784883115675,watch2,77,72,5,5,playing,watch1,self_fast,,watch1,False,40,c,1784883114120,
1784883117143,watch1,84,71,13,13,playing,watch1,self_fast,,watch1,True,30,c,1784883116942,
1784883117143,watch2,82,72,10,10,playing,watch1,self_fast,,watch1,False,30,c,1784883116155,
1784883118693,watch1,84,71,13,13,playing,watch1,self_fast,,watch1,True,30,c,1784883118389,
1784883118693,watch2,79,72,7,7,playing,watch1,self_fast,,watch1,False,30,c,1784883118389,
1784883119986,watch1,86,71,15,15,playing,watch1,self_fast,,watch1,True,40,c,1784883118957,
1784883119986,watch2,82,72,10,10,playing,watch1,self_fast,,watch1,False,40,c,1784883119152,
1784883121399,watch1,84,71,13,13,playing,watch1,self_fast,,watch1,True,30,c,1784883121015,
1784883121399,watch2,77,72,5,5,playing,watch1,self_fast,,watch1,False,30,c,1784883121169,
1784883122641,watch1,84,71,13,13,playing,watch1,self_fast,,watch1,True,30,c,1784883121015,
1784883122641,watch2,77,72,5,5,playing,watch1,self_fast,,watch1,False,30,c,1784883121169,
1784883123935,watch1,84,71,13,13,playing,watch1,self_fast,,watch1,True,30,c,1784883123000,
1784883123935,watch2,77,72,5,5,playing,watch1,self_fast,,watch1,False,30,c,1784883123000,
1784883125360,watch1,83,71,12,12,playing,watch1,self_fast,,watch1,True,30,c,1784883125029,
1784883125360,watch2,76,72,4,4,playing,watch1,self_fast,,watch1,False,30,c,1784883125186,
1784883126699,watch1,83,71,12,12,playing,watch1,self_fast,,watch1,True,30,c,1784883126524,
1784883126699,watch2,75,72,3,3,playing,watch1,self_fast,,watch1,False,30,c,1784883126174,
1784883127991,watch1,84,71,13,13,playing,watch1,self_fast,,watch1,True,30,c,1784883127056,
1784883127991,watch2,75,72,3,3,playing,watch1,self_fast,,watch1,False,30,c,1784883127646,
1784883129388,watch1,85,71,14,14,playing,watch1,self_fast,,watch1,True,30,c,1784883128063,
1784883129388,watch2,82,72,10,10,playing,watch1,self_fast,,watch1,False,30,c,1784883129189,
1784883130665,watch1,86,71,15,15,playing,watch1,self_fast,,watch1,True,40,c,1784883130073,
1784883130665,watch2,81,72,9,9,playing,watch1,self_fast,,watch1,False,40,c,1784883130224,
1784883132029,watch1,86,71,15,15,playing,watch1,self_fast,,watch1,True,40,c,1784883131885,
1784883132029,watch2,82,72,10,10,playing,watch1,self_fast,,watch1,False,40,c,1784883131205,
1784883133525,watch1,86,71,15,15,playing,watch1,self_fast,,watch1,True,40,c,1784883133057,
1784883133525,watch2,78,72,6,6,playing,watch1,self_fast,,watch1,False,40,c,1784883133342,
1784883134772,watch1,87,71,16,16,playing,watch1,self_fast,,watch1,True,40,c,1784883134095,
1784883134772,watch2,78,72,6,6,playing,watch1,self_fast,,watch1,False,40,c,1784883134342,
1784883136050,watch1,87,71,16,16,playing,watch1,self_fast,,watch1,True,40,c,1784883135536,
1784883136050,watch2,81,72,9,9,playing,watch1,self_fast,,watch1,False,40,c,1784883135225,
1784883137469,watch1,86,71,15,15,playing,watch1,self_fast,,watch1,True,40,c,1784883136125,
1784883137469,watch2,79,72,7,7,playing,watch1,self_fast,,watch1,False,40,c,1784883137239,
1784883138715,watch1,85,71,14,14,playing,watch1,self_fast,,watch1,True,30,c,1784883138143,
1784883138715,watch2,79,72,7,7,playing,watch1,self_fast,,watch1,False,30,c,1784883137239,
1784883139979,watch1,85,71,14,14,playing,watch1,self_fast,,watch1,True,30,c,1784883138143,
1784883139979,watch2,86,72,14,14,playing,watch1,self_fast,,watch1,False,30,c,1784883139256,
1784883141279,watch1,85,71,14,14,playing,watch1,self_fast,,watch1,True,30,c,1784883140170,
1784883141279,watch2,86,72,14,14,playing,watch1,self_fast,,watch1,False,30,c,1784883139256,
1784883142595,watch1,89,71,18,18,playing,watch1,self_fast,,watch1,True,40,c,1784883142167,
1784883142595,watch2,86,72,14,14,playing,watch1,self_fast,,watch1,False,40,c,1784883142330,
1784883144047,watch1,89,71,18,18,playing,watch1,self_fast,,watch1,True,40,c,1784883143870,
1784883144047,watch2,84,72,12,12,playing,watch1,self_fast,,watch1,False,40,c,1784883143292,
1784883145564,watch1,92,71,21,21,playing,watch1,self_fast,,watch1,True,40,c,1784883144206,
1784883145564,watch2,79,72,7,7,playing,watch1,self_fast,,watch1,False,40,c,1784883145293,
1784883146846,watch1,93,71,22,22,playing,watch1,self_fast,,watch1,True,40,c,1784883146230,
1784883146846,watch2,79,72,7,7,playing,watch1,self_fast,,watch1,False,40,c,1784883145293,
1784883148236,watch1,91,71,20,20,playing,watch1,self_fast,,watch1,True,40,c,1784883147346,
1784883148236,watch2,79,72,7,7,playing,watch1,self_fast,,watch1,False,40,c,1784883147229,
1784883150446,watch1,91,71,20,20,playing,watch1,self_fast,,watch1,True,40,c,1784883147346,
1784883150446,watch2,78,72,6,6,playing,watch1,self_fast,,watch1,False,40,c,1784883149930,
1784883151893,watch1,88,71,17,17,playing,watch1,self_fast,,watch1,True,40,c,1784883151294,
1784883151893,watch2,84,72,12,12,playing,watch1,self_fast,,watch1,False,40,c,1784883151679,
1784883153201,watch1,88,71,17,17,playing,watch1,self_fast,,watch1,True,40,c,1784883152468,
1784883153201,watch2,79,72,7,7,playing,watch1,self_fast,,watch1,False,40,c,1784883152329,
1784883154590,watch1,86,71,15,15,playing,watch1,self_fast,,watch1,True,40,c,1784883153303,
1784883154590,watch2,82,72,10,10,playing,watch1,self_fast,,watch1,False,40,c,1784883154347,
1784883155896,watch1,85,71,14,14,playing,watch1,self_fast,,watch1,True,30,c,1784883155325,
1784883155896,watch2,82,72,10,10,playing,watch1,self_fast,,watch1,False,30,c,1784883154347,
1784883157428,watch1,85,71,14,14,playing,watch1,self_fast,,watch1,True,30,c,1784883157269,
1784883157428,watch2,77,72,5,5,playing,watch1,self_fast,,watch1,False,30,c,1784883156363,
1784883158982,watch1,84,71,13,13,playing,watch1,self_fast,,watch1,True,30,c,1784883158459,
1784883158982,watch2,77,72,5,5,playing,watch1,self_fast,,watch1,False,30,c,1784883158459,
1784883160264,watch1,83,71,12,12,playing,watch1,self_fast,,watch1,True,30,c,1784883159522,
1784883160264,watch2,76,72,4,4,playing,watch1,self_fast,,watch1,False,30,c,1784883159366,
1784883161825,watch1,82,71,11,11,playing,watch1,self_fast,,watch1,True,30,c,1784883161587,
1784883161825,watch2,78,72,6,6,playing,watch1,self_fast,,watch1,False,30,c,1784883161380,
1784883163104,watch1,82,71,11,11,playing,watch1,self_fast,,watch1,True,30,c,1784883161587,
1784883163104,watch2,82,72,10,10,playing,watch1,self_fast,,watch1,False,30,c,1784883162389,
1784883164850,watch1,82,71,11,11,playing,watch1,self_fast,,watch1,True,30,c,1784883164306,
1784883164850,watch2,82,72,10,10,playing,watch1,self_fast,,watch1,False,30,c,1784883164306,
1784883166167,watch1,80,71,9,9,playing,watch1,self_fast,,watch1,True,30,c,1784883165553,
1784883166167,watch2,84,72,12,12,playing,watch1,self_fast,,watch1,False,30,c,1784883165403,
1784883171437,watch1,80,71,9,9,playing,watch1,self_fast,,watch1,True,30,c,1784883170710,
1784883171437,watch2,86,72,14,14,playing,watch1,self_fast,,watch1,False,30,c,1784883170435,
1784883172846,watch1,80,71,9,9,playing,watch1,self_fast,,watch1,True,30,c,1784883172335,
1784883172846,watch2,84,72,12,12,playing,watch1,self_fast,,watch1,False,30,c,1784883171469,
1784883174126,watch1,80,71,9,9,playing,watch1,self_fast,,watch1,True,30,c,1784883173464,
1784883174126,watch2,84,72,12,12,playing,watch1,self_fast,,watch1,False,30,c,1784883173464,
1784883175366,watch1,79,71,8,8,playing,watch1,self_fast,,watch1,True,30,c,1784883174502,
1784883175366,watch2,86,72,14,14,playing,watch1,self_fast,,watch1,False,30,c,1784883174906,
1784883176820,watch1,79,71,8,8,playing,watch1,self_fast,,watch1,True,30,c,1784883176045,
1784883176820,watch2,88,72,16,16,playing,watch1,self_fast,,watch1,False,30,c,1784883176460,
1784883178116,watch1,79,71,8,8,playing,watch1,self_fast,,watch1,True,30,c,1784883177213,
1784883178116,watch2,87,72,15,15,playing,watch1,self_fast,,watch1,False,30,c,1784883177469,
1784883179393,watch1,79,71,8,8,playing,watch1,self_fast,,watch1,True,30,c,1784883178340,
1784883179393,watch2,83,72,11,11,playing,watch1,self_fast,,watch1,False,30,c,1784883178484,
1784883182822,watch1,78,71,7,7,playing,watch1,self_fast,,watch1,True,30,c,1784883182592,
1784883182822,watch2,82,72,10,10,playing,watch1,self_fast,,watch1,False,30,c,1784883182491,
1784883184219,watch1,78,71,7,7,playing,watch1,self_fast,,watch1,True,20,c,1784883183854,
1784883184219,watch2,82,72,10,10,playing,watch1,self_fast,,watch1,False,20,c,1784883183854,
1784883185913,watch1,78,71,7,7,playing,watch2,self_fast,,watch2,False,30,c,1784883183854,
1784883185913,watch2,84,72,12,12,playing,watch2,self_fast,,watch2,True,30,c,1784883185604,
1784883187169,watch1,78,71,7,7,playing,watch2,self_fast,,watch2,False,30,c,1784883186777,
1784883187169,watch2,82,72,10,10,playing,watch2,self_fast,,watch2,True,30,c,1784883186515,
1784883188458,watch1,78,71,7,7,playing,watch2,self_fast,,watch2,False,30,c,1784883187894,
1784883188458,watch2,81,72,9,9,playing,watch2,self_fast,,watch2,True,30,c,1784883187574,
1784883189823,watch1,77,71,6,6,playing,watch2,self_fast,,watch2,False,30,c,1784883189617,
1784883189823,watch2,81,72,9,9,playing,watch2,self_fast,,watch2,True,30,c,1784883189064,
1784883191112,watch1,77,71,6,6,playing,watch2,self_fast,,watch2,False,20,c,1784883189617,
1784883191112,watch2,77,72,5,5,playing,watch2,self_fast,,watch2,True,20,c,1784883190558,
1784883192359,watch1,77,71,6,6,playing,watch2,self_fast,,watch2,False,20,c,1784883191544,
1784883192359,watch2,77,72,5,5,playing,watch2,self_fast,,watch2,True,20,c,1784883190558,
1784883193627,watch1,77,71,6,6,playing,watch2,self_fast,,watch2,False,20,c,1784883192708,
1784883193627,watch2,77,72,5,5,playing,watch2,self_fast,,watch2,True,20,c,1784883192708,
1784883194905,watch1,77,71,6,6,playing,watch2,self_fast,,watch2,False,20,c,1784883193977,
1784883194905,watch2,75,72,3,3,playing,watch2,self_fast,,watch2,True,20,c,1784883194566,
1784883196161,watch1,77,71,6,6,playing,watch2,self_fast,,watch2,False,20,c,1784883195271,
1784883196161,watch2,76,72,4,4,playing,watch2,self_fast,,watch2,True,20,c,1784883195558,
1784883197439,watch1,77,71,6,6,playing,watch2,self_fast,,watch2,False,30,c,1784883196393,
1784883197439,watch2,81,72,9,9,playing,watch2,self_fast,,watch2,True,30,c,1784883196579,
1784883199051,watch1,77,71,6,6,playing,watch2,self_fast,,watch2,False,30,c,1784883198702,
1784883199051,watch2,81,72,9,9,playing,watch2,self_fast,,watch2,True,30,c,1784883198702,
1784883200293,watch1,78,71,7,7,playing,watch2,self_fast,,watch2,False,30,c,1784883199715,
1784883200293,watch2,80,72,8,8,playing,watch2,self_fast,,watch2,True,30,c,1784883199581,
1784883201548,watch1,78,71,7,7,playing,watch2,next_fast,,watch1,True,20,c,1784883201009,
1784883201548,watch2,79,72,7,7,playing,watch2,next_fast,,watch1,False,20,c,1784883200597,
1784883202897,watch1,77,71,6,6,playing,watch2,next_fast,,watch1,True,20,c,1784883201855,
1784883202897,watch2,76,72,4,4,playing,watch2,next_fast,,watch1,False,20,c,1784883201602,
1784883204144,watch1,76,71,5,5,playing,watch2,next_fast,,watch1,True,20,c,1784883203756,
1784883204144,watch2,78,72,6,6,playing,watch2,next_fast,,watch1,False,20,c,1784883203599,
1784883205559,watch1,76,71,5,5,playing,watch2,next_fast,,watch1,True,20,c,1784883205388,
1784883205559,watch2,80,72,8,8,playing,watch2,next_fast,,watch1,False,20,c,1784883204634,
1784883206929,watch1,76,71,5,5,playing,watch2,next_fast,,watch1,True,20,c,1784883206592,
1784883206929,watch2,77,72,5,5,playing,watch2,next_fast,,watch1,False,20,c,1784883206718,
1784883208229,watch1,76,71,5,5,playing,watch2,next_fast,,watch1,True,20,c,1784883207717,
1784883208229,watch2,77,72,5,5,playing,watch2,next_fast,,watch1,False,20,c,1784883206718,
1784883209547,watch1,76,71,5,5,playing,watch2,next_fast,,watch1,True,20,c,1784883208843,
1784883209547,watch2,78,72,6,6,playing,watch2,next_fast,,watch1,False,20,c,1784883208636,
1784883211129,watch1,76,71,5,5,playing,watch2,next_fast,,watch1,True,20,c,1784883210873,
1784883211129,watch2,79,72,7,7,playing,watch2,next_fast,,watch1,False,20,c,1784883210661,
1784883212663,watch1,76,71,5,5,playing,watch2,next_fast,,watch1,True,20,c,1784883212232,
1784883212663,watch2,79,72,7,7,playing,watch2,next_fast,,watch1,False,20,c,1784883212232,
1784883214111,watch1,75,71,4,4,playing,watch2,next_fast,,watch1,True,20,c,1784883212860,
1784883214111,watch2,75,72,3,3,playing,watch2,next_fast,,watch1,False,20,c,1784883213687,
1784883215360,watch1,75,71,4,4,playing,watch2,next_fast,,watch1,True,20,c,1784883214599,
1784883215360,watch2,78,72,6,6,playing,watch2,next_fast,,watch1,False,20,c,1784883214735,
1784883216676,watch1,75,71,4,4,playing,watch2,next_fast,,watch1,True,20,c,1784883215735,
1784883216676,watch2,78,72,6,6,playing,watch2,next_fast,,watch1,False,20,c,1784883215735,
1784883218192,watch1,76,71,5,5,playing,watch2,next_fast,,watch1,True,20,c,1784883216817,
1784883218192,watch2,75,72,3,3,playing,watch2,next_fast,,watch1,False,20,c,1784883217693,
1784883219572,watch1,77,71,6,6,playing,watch2,next_fast,,watch1,True,20,c,1784883218862,
1784883219572,watch2,77,72,5,5,playing,watch2,next_fast,,watch1,False,20,c,1784883218697,
1784883221111,watch1,78,71,7,7,playing,watch2,next_fast,,watch1,True,20,c,1784883220854,
1784883221111,watch2,76,72,4,4,playing,watch2,next_fast,,watch1,False,20,c,1784883220700,
1784883222399,watch1,78,71,7,7,playing,watch2,next_fast,,watch1,True,20,c,1784883220854,
1784883222399,watch2,76,72,4,4,playing,watch2,next_fast,,watch1,False,20,c,1784883220700,
1784883223678,watch1,77,71,6,6,playing,watch2,highest_diff,,watch1,True,10,a,1784883222885,
1784883223678,watch2,76,72,4,4,playing,watch2,highest_diff,,watch1,False,10,a,1784883222573,
1784883224938,watch1,77,71,6,6,playing,watch2,highest_diff,,watch1,True,10,a,1784883222885,
1784883224938,watch2,72,72,0,0,playing,watch2,highest_diff,,watch1,False,10,a,1784883224715,
1784883226433,watch1,77,71,6,6,playing,watch2,highest_diff,,watch1,True,10,a,1784883226173,
1784883226433,watch2,75,72,3,3,playing,watch2,highest_diff,,watch1,False,10,a,1784883225732,
1784883227748,watch1,76,71,5,5,playing,watch2,highest_diff,,watch1,True,10,a,1784883226897,
1784883227748,watch2,75,72,3,3,playing,watch2,highest_diff,,watch1,False,10,a,1784883227375,
1784883229186,watch1,77,71,6,6,playing,watch2,highest_diff,,watch1,True,10,a,1784883227942,
1784883229186,watch2,74,72,2,2,playing,watch2,highest_diff,,watch1,False,10,a,1784883228744,
1784883230440,watch1,77,71,6,6,playing,watch2,highest_diff,,watch1,True,10,a,1784883229519,
1784883230440,watch2,77,72,5,5,playing,watch2,highest_diff,,watch1,False,10,a,1784883229756,
1784883231933,watch1,77,71,6,6,playing,watch2,highest_diff,,watch1,True,10,a,1784883230639,
1784883231933,watch2,77,72,5,5,playing,watch2,highest_diff,,watch1,False,10,a,1784883231774,
1784883233687,watch1,76,71,5,5,playing,watch2,highest_diff,,watch1,True,10,a,1784883233209,
1784883233687,watch2,77,72,5,5,playing,watch2,highest_diff,,watch1,False,10,a,1784883232766,
1784883235120,watch1,76,71,5,5,playing,watch2,highest_diff,,watch1,True,10,a,1784883234618,
1784883235120,watch2,80,72,8,8,playing,watch2,highest_diff,,watch1,False,10,a,1784883234873,
1784883236373,watch1,76,71,5,5,playing,watch2,highest_diff,,watch1,True,10,a,1784883235873,
1784883236373,watch2,80,72,8,8,playing,watch2,highest_diff,,watch1,False,10,a,1784883235873,
1784883237649,watch1,75,71,4,4,playing,watch2,highest_diff,,watch1,True,10,a,1784883237315,
1784883237649,watch2,76,72,4,4,playing,watch2,highest_diff,,watch1,False,10,a,1784883236780,
1784883239041,watch1,76,71,5,5,playing,watch2,highest_diff,,watch1,True,10,a,1784883238004,
1784883239041,watch2,81,72,9,9,playing,watch2,highest_diff,,watch1,False,10,a,1784883238795,
1784883240290,watch1,76,71,5,5,playing,watch2,highest_diff,,watch1,True,10,a,1784883239430,
1784883240290,watch2,78,72,6,6,playing,watch2,highest_diff,,watch1,False,10,a,1784883239798,
1784883241580,watch1,76,71,5,5,playing,watch2,highest_diff,,watch1,True,10,a,1784883240571,
1784883241580,watch2,78,72,6,6,playing,watch2,highest_diff,,watch1,False,10,a,1784883239798,
