timestamp,device_id,heartbeat,baseline,diff,abs_diff,game_phase,current_turn,control_mode,random_extreme,target_watch,is_target,rpm,direction,source_timestamp,collapse,attackers,attack_count,attack_mode,challenge_direction,score,score_change,score_reason,series_id,game_number
1788169997461,watch1,79,74,5,5,playing,watch1,attack_challenge,,watch2,False,10,c,1788169996224,,,0,attack_challenge,up,0,,,20260831_185316,1
1788169997461,watch2,79,79,0,0,playing,watch1,attack_challenge,,watch2,True,10,c,1788169996266,,,0,attack_challenge,up,0,,,20260831_185316,1
1788169997461,watch3,82,82,0,0,playing,watch1,attack_challenge,,watch2,False,10,c,1788169996607,,,0,attack_challenge,up,0,,,20260831_185316,1
1788169997461,watch4,107,89,18,18,playing,watch1,attack_challenge,,watch2,False,10,c,1788169994562,,,0,attack_challenge,up,0,,,20260831_185316,1
1788169997586,watch4,106,89,17,17,playing,watch1,attack_challenge,,,False,,,1788169997586,,,,,,0,,,,
1788169998228,watch1,80,74,6,6,playing,watch1,attack_challenge,,,False,,,1788169998228,,,,,,0,,,,
1788169998278,watch2,81,79,2,2,playing,watch1,attack_challenge,,watch2,True,10,c,1788169998278,,,0,attack_challenge,up,0,,,,
1788169998560,watch1,80,74,6,6,playing,watch1,attack_challenge,,watch2,False,10,c,1788169998228,,,0,attack_challenge,up,0,,,20260831_185316,1
1788169998560,watch2,81,79,2,2,playing,watch1,attack_challenge,,watch2,True,10,c,1788169998278,,,0,attack_challenge,up,0,,,20260831_185316,1
1788169998560,watch3,82,82,0,0,playing,watch1,attack_challenge,,watch2,False,10,c,1788169997643,,,0,attack_challenge,up,0,,,20260831_185316,1
1788169998560,watch4,106,89,17,17,playing,watch1,attack_challenge,,watch2,False,10,c,1788169997586,,,0,attack_challenge,up,0,,,20260831_185316,1
1788169998594,watch3,83,82,1,1,playing,watch1,attack_challenge,,,False,,,1788169998594,,,,,,0,,,,
1788169999664,watch1,80,74,6,6,playing,watch1,attack_challenge,,watch2,False,10,c,1788169998228,,,0,attack_challenge,up,0,,,20260831_185316,1
1788169999664,watch2,81,79,2,2,playing,watch1,attack_challenge,,watch2,True,10,c,1788169998278,,,0,attack_challenge,up,0,,,20260831_185316,1
1788169999664,watch3,83,82,1,1,playing,watch1,attack_challenge,,watch2,False,10,c,1788169998594,,,0,attack_challenge,up,0,,,20260831_185316,1
1788169999664,watch4,106,89,17,17,playing,watch1,attack_challenge,,watch2,False,10,c,1788169998726,,,0,attack_challenge,up,0,,,20260831_185316,1
1788170000234,watch1,79,74,5,5,playing,watch1,attack_challenge,,,False,,,1788170000234,,,,,,0,,,,
1788170000290,watch2,82,79,3,3,playing,watch1,attack_challenge,,watch2,True,10,c,1788170000290,,,0,attack_challenge,up,0,,,,
1788170000594,watch4,94,89,5,5,playing,watch1,attack_challenge,,,False,,,1788170000594,,,,,,0,,,,
1788170000622,watch3,84,82,2,2,playing,watch1,attack_challenge,,,False,,,1788170000622,,,,,,0,,,,
1788170000757,watch1,79,74,5,5,playing,watch1,attack_challenge,,watch2,False,10,c,1788170000234,,,0,attack_challenge,up,0,,,20260831_185316,1
1788170000757,watch2,82,79,3,3,playing,watch1,attack_challenge,,watch2,True,10,c,1788170000290,,,0,attack_challenge,up,0,,,20260831_185316,1
1788170000757,watch3,84,82,2,2,playing,watch1,attack_challenge,,watch2,False,10,c,1788170000622,,,0,attack_challenge,up,0,,,20260831_185316,1
1788170000757,watch4,94,89,5,5,playing,watch1,attack_challenge,,watch2,False,10,c,1788170000594,,,0,attack_challenge,up,0,,,20260831_185316,1
1788170001874,watch1,79,74,5,5,playing,watch1,attack_challenge,,watch2,False,10,c,1788170000234,,,0,attack_challenge,up,0,,,20260831_185316,1
1788170001874,watch2,82,79,3,3,playing,watch1,attack_challenge,,watch2,True,10,c,1788170000290,,,0,attack_challenge,up,0,,,20260831_185316,1
1788170001874,watch3,84,82,2,2,playing,watch1,attack_challenge,,watch2,False,10,c,1788170000622,,,0,attack_challenge,up,0,,,20260831_185316,1
1788170001874,watch4,94,89,5,5,playing,watch1,attack_challenge,,watch2,False,10,c,1788170001856,,,0,attack_challenge,up,0,,,20260831_185316,1
1788170002260,watch1,80,74,6,6,playing,watch1,attack_challenge,,,False,,,1788170002260,,,,,,0,,,,
1788170002319,watch2,83,79,4,4,playing,watch1,attack_challenge,,watch2,True,10,c,1788170002319,,,0,attack_challenge,up,0,,,,
1788170002589,watch4,95,89,6,6,playing,watch1,attack_challenge,,,False,,,1788170002589,,,,,,0,,,,
1788170003096,watch1,80,74,6,6,playing,watch1,attack_challenge,,watch2,False,10,c,1788170002260,,,0,attack_challenge,up,0,,,20260831_185316,1
1788170003096,watch2,83,79,4,4,playing,watch1,attack_challenge,,watch2,True,10,c,1788170002319,,,0,attack_challenge,up,0,,,20260831_185316,1
1788170003096,watch3,84,82,2,2,playing,watch1,attack_challenge,,watch2,False,10,c,1788170002961,,,0,attack_challenge,up,0,,,20260831_185316,1
1788170003096,watch4,95,89,6,6,playing,watch1,attack_challenge,,watch2,False,10,c,1788170002589,,,0,attack_challenge,up,0,,,20260831_185316,1
1788170004248,watch1,80,74,6,6,playing,watch1,attack_challenge,,watch2,False,10,c,1788170004014,,,0,attack_challenge,up,0,,,20260831_185316,1
1788170004248,watch2,83,79,4,4,playing,watch1,attack_challenge,,watch2,True,10,c,1788170004014,,,0,attack_challenge,up,0,,,20260831_185316,1
1788170004248,watch3,84,82,2,2,playing,watch1,attack_challenge,,watch2,False,10,c,1788170004014,,,0,attack_challenge,up,0,,,20260831_185316,1
1788170004248,watch4,95,89,6,6,playing,watch1,attack_challenge,,watch2,False,10,c,1788170004014,,,0,attack_challenge,up,0,,,20260831_185316,1
1788170004278,watch1,79,74,5,5,playing,watch1,attack_challenge,,,False,,,1788170004278,,,,,,0,,,,
1788170005374,watch1,79,74,5,5,playing,watch1,attack_challenge,,watch2,False,10,c,1788170004278,,,0,attack_challenge,up,0,,,20260831_185316,1
1788170005374,watch2,83,79,4,4,playing,watch1,attack_challenge,,watch2,True,10,c,1788170005168,,,0,attack_challenge,up,0,,,20260831_185316,1
1788170005374,watch3,84,82,2,2,playing,watch1,attack_challenge,,watch2,False,10,c,1788170005168,,,0,attack_challenge,up,0,,,20260831_185316,1
1788170005374,watch4,95,89,6,6,playing,watch1,attack_challenge,,watch2,False,10,c,1788170005168,,,0,attack_challenge,up,0,,,20260831_185316,1
1788170006294,watch1,80,74,6,6,playing,watch1,attack_challenge,,,False,,,1788170006294,,,,,,0,,,,
1788170006509,watch1,79,74,5,5,playing,watch1,attack_challenge,,watch2,False,10,c,1788170006240,,,0,attack_challenge,up,0,,,20260831_185316,1
1788170006509,watch2,83,79,4,4,playing,watch1,attack_challenge,,watch2,True,10,c,1788170006240,,,0,attack_challenge,up,0,,,20260831_185316,1
1788170006509,watch3,84,82,2,2,playing,watch1,attack_challenge,,watch2,False,10,c,1788170006240,,,0,attack_challenge,up,0,,,20260831_185316,1
1788170006509,watch4,95,89,6,6,playing,watch1,attack_challenge,,watch2,False,10,c,1788170006240,,,0,attack_challenge,up,0,,,20260831_185316,1
1788170007711,watch1,80,74,6,6,playing,watch1,attack_challenge,,watch2,False,10,c,1788170007429,,,0,attack_challenge,up,0,,,20260831_185316,1
1788170007711,watch2,83,79,4,4,playing,watch1,attack_challenge,,watch2,True,10,c,1788170007429,,,0,attack_challenge,up,0,,,20260831_185316,1
1788170007711,watch3,83,82,1,1,playing,watch1,attack_challenge,,watch2,False,10,c,1788170007622,,,0,attack_challenge,up,0,,,20260831_185316,1
1788170007711,watch4,95,89,6,6,playing,watch1,attack_challenge,,watch2,False,10,c,1788170007429,,,0,attack_challenge,up,0,,,20260831_185316,1
1788170008330,watch2,80,79,1,1,playing,watch1,attack_challenge,,watch2,True,10,c,1788170008330,,,0,attack_challenge,up,0,,,,
1788170008835,watch1,80,74,6,6,playing,watch1,attack_challenge,,watch2,False,10,c,1788170008588,,,0,attack_challenge,up,0,,,20260831_185316,1
1788170008835,watch2,80,79,1,1,playing,watch1,attack_challenge,,watch2,True,10,c,1788170008330,,,0,attack_challenge,up,0,,,20260831_185316,1
1788170008835,watch3,83,82,1,1,playing,watch1,attack_challenge,,watch2,False,10,c,1788170007622,,,0,attack_challenge,up,0,,,20260831_185316,1
1788170008835,watch4,95,89,6,6,playing,watch1,attack_challenge,,watch2,False,10,c,1788170008588,,,0,attack_challenge,up,0,,,20260831_185316,1
1788170009637,watch3,82,82,0,0,playing,watch2,attack_challenge,,,False,,,1788170009637,,,,,,0,,,,
1788170009990,watch1,80,74,6,6,playing,watch2,attack_challenge,,watch3,False,10,c,1788170009645,,,0,attack_challenge,up,0,,,20260831_185316,1
1788170009990,watch2,80,79,1,1,playing,watch2,attack_challenge,,watch3,False,10,c,1788170009645,,,0,attack_challenge,up,0,,,20260831_185316,1
1788170009990,watch3,82,82,0,0,playing,watch2,attack_challenge,,watch3,True,10,c,1788170009645,,,0,attack_challenge,up,0,,,20260831_185316,1
1788170009990,watch4,95,89,6,6,playing,watch2,attack_challenge,,watch3,False,10,c,1788170009645,,,0,attack_challenge,up,0,,,20260831_185316,1
1788170010313,watch1,81,74,7,7,playing,watch2,attack_challenge,,,False,,,1788170010313,,,,,,0,,,,
1788170010373,watch2,81,79,2,2,playing,watch2,attack_challenge,,watch2,True,10,c,1788170010373,,,0,attack_challenge,up,0,,,,
1788170011113,watch1,81,74,7,7,playing,watch2,attack_challenge,,watch3,False,10,c,1788170010313,,,0,attack_challenge,up,0,,,20260831_185316,1
1788170011113,watch2,81,79,2,2,playing,watch2,attack_challenge,,watch3,False,10,c,1788170010373,,,0,attack_challenge,up,0,,,20260831_185316,1
1788170011113,watch3,82,82,0,0,playing,watch2,attack_challenge,,watch3,True,10,c,1788170010838,,,0,attack_challenge,up,0,,,20260831_185316,1
1788170011113,watch4,95,89,6,6,playing,watch2,attack_challenge,,watch3,False,10,c,1788170010838,,,0,attack_challenge,up,0,,,20260831_185316,1
1788170012233,watch1,81,74,7,7,playing,watch2,attack_challenge,,watch3,False,10,c,1788170011970,,,0,attack_challenge,up,0,,,20260831_185316,1
1788170012233,watch2,81,79,2,2,playing,watch2,attack_challenge,,watch3,False,10,c,1788170011970,,,0,attack_challenge,up,0,,,20260831_185316,1
1788170012233,watch3,82,82,0,0,playing,watch2,attack_challenge,,watch3,True,10,c,1788170011970,,,0,attack_challenge,up,0,,,20260831_185316,1
1788170012233,watch4,95,89,6,6,playing,watch2,attack_challenge,,watch3,False,10,c,1788170011970,,,0,attack_challenge,up,0,,,20260831_185316,1
1788170012335,watch1,80,74,6,6,playing,watch2,attack_challenge,,,False,,,1788170012335,,,,,,0,,,,
1788170012406,watch2,87,79,8,8,playing,watch2,attack_challenge,,watch2,True,10,c,1788170012406,,,0,attack_challenge,up,0,,,,
1788170012628,watch4,96,89,7,7,playing,watch2,attack_challenge,,,False,,,1788170012628,,,,,,0,,,,
1788170013345,watch1,80,74,6,6,playing,watch2,attack_challenge,,watch3,False,10,c,1788170012335,,,0,attack_challenge,up,0,,,20260831_185316,1
1788170013345,watch2,87,79,8,8,playing,watch2,attack_challenge,,watch3,False,10,c,1788170012406,,,0,attack_challenge,up,0,,,20260831_185316,1
1788170013345,watch3,82,82,0,0,playing,watch2,attack_challenge,,watch3,True,10,c,1788170013073,,,0,attack_challenge,up,0,,,20260831_185316,1
1788170013345,watch4,96,89,7,7,playing,watch2,attack_challenge,,watch3,False,10,c,1788170012628,,,0,attack_challenge,up,0,,,20260831_185316,1
1788170013366,watch1,79,74,5,5,playing,watch2,attack_challenge,,,False,,,1788170013366,,,,,,0,,,,
1788170013660,watch4,95,89,6,6,playing,watch2,attack_challenge,,,False,,,1788170013660,,,,,,0,,,,
1788170014383,watch2,85,79,6,6,playing,watch2,attack_challenge,,watch2,True,10,c,1788170014383,,,0,attack_challenge,up,0,,,,
1788170014583,watch1,79,74,5,5,playing,watch2,attack_challenge,,watch3,False,10,c,1788170013366,,,0,attack_challenge,up,0,,,20260831_185316,1
1788170014583,watch2,85,79,6,6,playing,watch2,attack_challenge,,watch3,False,10,c,1788170014383,,,0,attack_challenge,up,0,,,20260831_185316,1
1788170014583,watch3,82,82,0,0,playing,watch2,attack_challenge,,watch3,True,10,c,1788170014104,,,0,attack_challenge,up,0,,,20260831_185316,1
1788170014583,watch4,95,89,6,6,playing,watch2,attack_challenge,,watch3,False,10,c,1788170013660,,,0,attack_challenge,up,0,,,20260831_185316,1
1788170014635,watch4,94,89,5,5,playing,watch2,attack_challenge,,,False,,,1788170014635,,,,,,0,,,,
1788170014684,watch3,81,82,-1,1,playing,watch2,attack_challenge,,watch3,True,10,c,1788170014684,,,0,attack_challenge,up,0,,,,
1788170015390,watch2,88,79,9,9,playing,watch2,attack_challenge,,watch2,True,10,c,1788170015390,,,0,attack_challenge,up,0,,,,
1788170015640,watch4,95,89,6,6,playing,watch2,attack_challenge,,,False,,,1788170015640,,,,,,0,,,,
1788170015845,watch1,79,74,5,5,playing,watch2,attack_challenge,,watch3,False,10,c,1788170015152,,,0,attack_challenge,up,0,,,20260831_185316,1
1788170015845,watch2,88,79,9,9,playing,watch2,attack_challenge,,watch3,False,10,c,1788170015390,,,0,attack_challenge,up,0,,,20260831_185316,1
1788170015845,watch3,81,82,-1,1,playing,watch2,attack_challenge,,watch3,True,10,c,1788170014684,,,0,attack_challenge,up,0,,,20260831_185316,1
1788170015845,watch4,95,89,6,6,playing,watch2,attack_challenge,,watch3,False,10,c,1788170015640,,,0,attack_challenge,up,0,,,20260831_185316,1
1788170016676,watch4,96,89,7,7,playing,watch2,attack_challenge,,,False,,,1788170016676,,,,,,0,,,,
1788170016967,watch1,79,74,5,5,playing,watch2,attack_challenge,,watch3,False,10,c,1788170016200,,,0,attack_challenge,up,0,,,20260831_185316,1
1788170016967,watch2,88,79,9,9,playing,watch2,attack_challenge,,watch3,False,10,c,1788170015390,,,0,attack_challenge,up,0,,,20260831_185316,1
1788170016967,watch3,81,82,-1,1,playing,watch2,attack_challenge,,watch3,True,10,c,1788170016200,,,0,attack_challenge,up,0,,,20260831_185316,1
1788170016967,watch4,96,89,7,7,playing,watch2,attack_challenge,,watch3,False,10,c,1788170016676,,,0,attack_challenge,up,0,,,20260831_185316,1
1788170017370,watch1,81,74,7,7,playing,watch2,attack_challenge,,,False,,,1788170017370,,,,,,0,,,,
1788170017397,watch2,87,79,8,8,playing,watch2,attack_challenge,,watch2,True,10,c,1788170017397,,,0,attack_challenge,up,0,,,,
1788170018152,watch1,81,74,7,7,playing,watch2,attack_challenge,,watch3,False,10,c,1788170017370,,,0,attack_challenge,up,0,,,20260831_185316,1
1788170018152,watch2,87,79,8,8,playing,watch2,attack_challenge,,watch3,False,10,c,1788170017397,,,0,attack_challenge,up,0,,,20260831_185316,1
1788170018152,watch3,81,82,-1,1,playing,watch2,attack_challenge,,watch3,True,10,c,1788170017253,,,0,attack_challenge,up,0,,,20260831_185316,1
1788170018152,watch4,96,89,7,7,playing,watch2,attack_challenge,,watch3,False,10,c,1788170016676,,,0,attack_challenge,up,0,,,20260831_185316,1
1788170019300,watch1,81,74,7,7,playing,watch2,attack_challenge,,watch3,False,10,c,1788170017370,,,0,attack_challenge,up,0,,,20260831_185316,1
1788170019300,watch2,87,79,8,8,playing,watch2,attack_challenge,,watch3,False,10,c,1788170017397,,,0,attack_challenge,up,0,,,20260831_185316,1
1788170019300,watch3,81,82,-1,1,playing,watch2,attack_challenge,,watch3,True,10,c,1788170018337,,,0,attack_challenge,up,0,,,20260831_185316,1
1788170019300,watch4,96,89,7,7,playing,watch2,attack_challenge,,watch3,False,10,c,1788170018337,,,0,attack_challenge,up,0,,,20260831_185316,1
1788170019389,watch1,82,74,8,8,playing,watch2,attack_challenge,,,False,,,1788170019389,,,,,,0,,,,
1788170019653,watch3,82,82,0,0,playing,watch2,attack_challenge,,watch3,True,10,c,1788170019653,,,0,attack_challenge,up,0,,,,
1788170020470,watch1,82,74,8,8,playing,watch2,attack_challenge,,watch3,False,10,c,1788170019428,,,0,attack_challenge,up,0,,,20260831_185316,1
1788170020470,watch2,87,79,8,8,playing,watch2,attack_challenge,,watch3,False,10,c,1788170019428,,,0,attack_challenge,up,0,,,20260831_185316,1
1788170020470,watch3,82,82,0,0,playing,watch2,attack_challenge,,watch3,True,10,c,1788170019653,,,0,attack_challenge,up,0,,,20260831_185316,1
1788170020470,watch4,96,89,7,7,playing,watch2,attack_challenge,,watch3,False,10,c,1788170019428,,,0,attack_challenge,up,0,,,20260831_185316,1
1788170020650,watch3,83,82,1,1,playing,watch2,attack_challenge,,watch3,True,10,c,1788170020650,,,0,attack_challenge,up,0,,,,
1788170021430,watch2,89,79,10,10,playing,watch2,attack_challenge,,watch2,True,10,c,1788170021430,,,0,attack_challenge,up,0,,,,
1788170021673,watch4,95,89,6,6,playing,watch2,attack_challenge,,,False,,,1788170021673,,,,,,0,,,,
1788170022790,watch1,82,74,8,8,playing,watch2,attack_challenge,,watch3,False,10,c,1788170021904,,,0,attack_challenge,up,0,,,20260831_185316,1
1788170022790,watch2,89,79,10,10,playing,watch2,attack_challenge,,watch3,False,10,c,1788170021430,,,0,attack_challenge,up,0,,,20260831_185316,1
1788170022790,watch3,83,82,1,1,playing,watch2,attack_challenge,,watch3,True,10,c,1788170021904,,,0,attack_challenge,up,0,,,20260831_185316,1
1788170022790,watch4,95,89,6,6,playing,watch2,attack_challenge,,watch3,False,10,c,1788170021673,,,0,attack_challenge,up,0,,,20260831_185316,1
1788170023435,watch2,91,79,12,12,playing,watch2,attack_challenge,,watch2,True,10,c,1788170023435,,,0,attack_challenge,up,0,,,,
1788170023660,watch3,84,82,2,2,playing,watch2,attack_challenge,,watch3,True,10,c,1788170023660,,,0,attack_challenge,up,0,,,,
1788170023685,watch4,96,89,7,7,playing,watch2,attack_challenge,,,False,,,1788170023685,,,,,,0,,,,
1788170023973,watch1,82,74,8,8,playing,watch2,attack_challenge,,watch3,False,10,c,1788170022961,,,0,attack_challenge,up,0,,,20260831_185316,1
1788170023973,watch2,91,79,12,12,playing,watch2,attack_challenge,,watch3,False,10,c,1788170023435,,,0,attack_challenge,up,0,,,20260831_185316,1
1788170023973,watch3,84,82,2,2,playing,watch2,attack_challenge,,watch3,True,10,c,1788170023660,,,0,attack_challenge,up,0,,,20260831_185316,1
1788170023973,watch4,96,89,7,7,playing,watch2,attack_challenge,,watch3,False,10,c,1788170023685,,,0,attack_challenge,up,0,,,20260831_185316,1
1788170025687,watch4,97,89,8,8,playing,watch2,attack_challenge,,,False,,,1788170025687,,,,,,0,,,,
1788170026264,watch1,82,74,8,8,playing,watch2,attack_challenge,,watch3,False,10,c,1788170025100,,,0,attack_challenge,up,0,,,20260831_185316,1
1788170026264,watch2,91,79,12,12,playing,watch2,attack_challenge,,watch3,False,10,c,1788170025100,,,0,attack_challenge,up,0,,,20260831_185316,1
1788170026264,watch3,84,82,2,2,playing,watch2,attack_challenge,,watch3,True,10,c,1788170025100,,,0,attack_challenge,up,0,,,20260831_185316,1
1788170026264,watch4,97,89,8,8,playing,watch2,attack_challenge,,watch3,False,10,c,1788170025687,,,0,attack_challenge,up,0,,,20260831_185316,1
1788170026694,watch4,98,89,9,9,playing,watch2,attack_challenge,,,False,,,1788170026694,,,,,,0,,,,
1788170027455,watch1,82,74,8,8,playing,watch2,attack_challenge,,watch3,False,10,c,1788170027386,,,0,attack_challenge,up,0,,,20260831_185316,1
1788170027455,watch2,91,79,12,12,playing,watch2,attack_challenge,,watch3,False,10,c,1788170027386,,,0,attack_challenge,up,0,,,20260831_185316,1
1788170027455,watch3,84,82,2,2,playing,watch2,attack_challenge,,watch3,True,10,c,1788170026271,,,0,attack_challenge,up,0,,,20260831_185316,1
1788170027455,watch4,98,89,9,9,playing,watch2,attack_challenge,,watch3,False,10,c,1788170026694,,,0,attack_challenge,up,0,,,20260831_185316,1
1788170027457,watch1,81,74,7,7,playing,watch2,attack_challenge,,,False,,,1788170027457,,,,,,0,,,,
1788170027588,watch2,88,79,9,9,playing,watch2,attack_challenge,,watch2,True,10,c,1788170027588,,,0,attack_challenge,up,0,,,,
1788170027713,watch4,101,89,12,12,playing,watch2,attack_challenge,,,False,,,1788170027713,,,,,,0,,,,
1788170028710,watch4,105,89,16,16,playing,watch2,attack_challenge,,,False,,,1788170028710,,,,,,0,,,,
1788170029040,watch1,81,74,7,7,playing,watch2,attack_challenge,,watch3,False,10,c,1788170028588,,watch4,1,attack_challenge,up,0,,,20260831_185316,1
1788170029040,watch2,88,79,9,9,playing,watch2,attack_challenge,,watch3,False,10,c,1788170028588,,watch4,1,attack_challenge,up,0,,,20260831_185316,1
1788170029040,watch3,84,82,2,2,playing,watch2,attack_challenge,,watch3,True,10,c,1788170027386,,watch4,1,attack_challenge,up,0,,,20260831_185316,1
1788170029040,watch4,105,89,16,16,playing,watch2,attack_challenge,,watch3,False,10,c,1788170028710,,watch4,1,attack_challenge,up,0,,,20260831_185316,1
1788170029479,watch2,84,79,5,5,playing,watch2,attack_challenge,,watch2,True,10,c,1788170029479,,,0,attack_challenge,up,0,,,,
1788170029678,watch3,85,82,3,3,playing,watch2,attack_challenge,,watch3,True,10,c,1788170029678,,watch4,1,attack_challenge,up,0,,,,
1788170030183,watch1,81,74,7,7,playing,watch2,attack_challenge,,watch3,False,10,c,1788170029756,,watch4,1,attack_challenge,up,0,,,20260831_185316,1
1788170030183,watch2,84,79,5,5,playing,watch2,attack_challenge,,watch3,False,10,c,1788170029479,,watch4,1,attack_challenge,up,0,,,20260831_185316,1
1788170030183,watch3,85,82,3,3,playing,watch2,attack_challenge,,watch3,True,10,c,1788170029678,,watch4,1,attack_challenge,up,0,,,20260831_185316,1
1788170030183,watch4,105,89,16,16,playing,watch2,attack_challenge,,watch3,False,10,c,1788170029756,,watch4,1,attack_challenge,up,0,,,20260831_185316,1
1788170030685,watch3,86,82,4,4,playing,watch2,attack_challenge,,watch3,True,10,c,1788170030685,,watch4,1,attack_challenge,up,0,,,,
1788170030719,watch4,108,89,19,19,playing,watch2,attack_challenge,,,False,,,1788170030719,,,,,,0,,,,
1788170031364,watch1,81,74,7,7,playing,watch2,attack_challenge,,watch3,False,10,c,1788170030857,,watch4,1,attack_challenge,up,0,,,20260831_185316,1
1788170031364,watch2,84,79,5,5,playing,watch2,attack_challenge,,watch3,False,10,c,1788170030857,,watch4,1,attack_challenge,up,0,,,20260831_185316,1
1788170031364,watch3,86,82,4,4,playing,watch2,attack_challenge,,watch3,True,10,c,1788170030685,,watch4,1,attack_challenge,up,0,,,20260831_185316,1
1788170031364,watch4,105,89,16,16,playing,watch2,attack_challenge,,watch3,False,10,c,1788170030857,,watch4,1,attack_challenge,up,0,,,20260831_185316,1
1788170031489,watch2,80,79,1,1,playing,watch2,attack_challenge,,watch2,True,10,c,1788170031489,,,0,attack_challenge,up,0,,,,
1788170031713,watch4,110,89,21,21,playing,watch2,attack_challenge,,,False,,,1788170031713,,,,,,0,,,,
1788170032462,watch1,82,74,8,8,playing,watch2,attack_challenge,,,False,,,1788170032462,,,,,,0,,,,
1788170032701,watch3,85,82,3,3,playing,watch2,attack_challenge,,watch3,True,10,c,1788170032701,,watch4,1,attack_challenge,up,0,,,,
1788170033672,watch1,82,74,8,8,playing,watch2,attack_challenge,,watch3,False,10,c,1788170032462,,watch4,1,attack_challenge,up,0,,,20260831_185316,1
1788170033672,watch2,80,79,1,1,playing,watch2,attack_challenge,,watch3,False,10,c,1788170033054,,watch4,1,attack_challenge,up,0,,,20260831_185316,1
1788170033672,watch3,85,82,3,3,playing,watch2,attack_challenge,,watch3,True,10,c,1788170032701,,watch4,1,attack_challenge,up,0,,,20260831_185316,1
1788170033672,watch4,110,89,21,21,playing,watch2,attack_challenge,,watch3,False,10,c,1788170033054,,watch4,1,attack_challenge,up,0,,,20260831_185316,1
1788170033698,watch3,87,82,5,5,playing,watch2,attack_challenge,,watch3,True,10,c,1788170033698,,watch4,1,attack_challenge,up,0,,,,
1788170034816,watch1,82,74,8,8,playing,watch2,attack_challenge,,watch3,False,10,c,1788170034147,,watch4,1,attack_challenge,up,0,,,20260831_185316,1
1788170034816,watch2,80,79,1,1,playing,watch2,attack_challenge,,watch3,False,10,c,1788170034147,,watch4,1,attack_challenge,up,0,,,20260831_185316,1
1788170034816,watch3,87,82,5,5,playing,watch2,attack_challenge,,watch3,True,10,c,1788170033698,,watch4,1,attack_challenge,up,0,,,20260831_185316,1
1788170034816,watch4,110,89,21,21,playing,watch2,attack_challenge,,watch3,False,10,c,1788170034147,,watch4,1,attack_challenge,up,0,,,20260831_185316,1
1788170035522,watch2,79,79,0,0,playing,watch2,attack_challenge,,watch2,True,10,c,1788170035522,,,0,attack_challenge,up,0,,,,
1788170035704,watch3,88,82,6,6,playing,watch2,attack_challenge,,watch3,True,10,c,1788170035704,,watch4,1,attack_challenge,up,0,,,,
1788170035996,watch1,82,74,8,8,playing,watch2,attack_challenge,,watch3,False,10,c,1788170035231,,watch4,1,attack_challenge,up,0,,,20260831_185316,1
1788170035996,watch2,79,79,0,0,playing,watch2,attack_challenge,,watch3,False,10,c,1788170035522,,watch4,1,attack_challenge,up,0,,,20260831_185316,1
1788170035996,watch3,88,82,6,6,playing,watch2,attack_challenge,,watch3,True,10,c,1788170035704,,watch4,1,attack_challenge,up,0,,,20260831_185316,1
1788170035996,watch4,110,89,21,21,playing,watch2,attack_challenge,,watch3,False,10,c,1788170035231,,watch4,1,attack_challenge,up,0,,,20260831_185316,1
1788170036744,watch4,111,89,22,22,playing,watch4,attack_challenge,,,False,,,1788170036744,,,,,,0,,,,
1788170037170,watch1,82,74,8,8,playing,watch4,attack_challenge,,watch1,True,10,c,1788170036337,,,0,attack_challenge,up,0,,,20260831_185316,1
1788170037170,watch2,79,79,0,0,playing,watch4,attack_challenge,,watch1,False,10,c,1788170035522,,,0,attack_challenge,up,0,,,20260831_185316,1
1788170037170,watch3,88,82,6,6,playing,watch4,attack_challenge,,watch1,False,10,c,1788170035704,,,0,attack_challenge,up,0,,,20260831_185316,1
1788170037170,watch4,111,89,22,22,playing,watch4,attack_challenge,,watch1,False,10,c,1788170036744,,,0,attack_challenge,up,0,,,20260831_185316,1
1788170037714,watch3,101,82,19,19,playing,watch4,attack_challenge,,watch3,True,10,c,1788170037714,,watch4,1,attack_challenge,up,0,,,,
1788170038306,watch1,82,74,8,8,playing,watch4,attack_challenge,,watch1,True,10,c,1788170037439,,,0,attack_challenge,up,0,,,20260831_185316,1
1788170038306,watch2,79,79,0,0,playing,watch4,attack_challenge,,watch1,False,10,c,1788170037439,,,0,attack_challenge,up,0,,,20260831_185316,1
1788170038306,watch3,101,82,19,19,playing,watch4,attack_challenge,,watch1,False,10,c,1788170037714,,,0,attack_challenge,up,0,,,20260831_185316,1
1788170038306,watch4,111,89,22,22,playing,watch4,attack_challenge,,watch1,False,10,c,1788170036744,,,0,attack_challenge,up,0,,,20260831_185316,1
1788170038552,watch2,80,79,1,1,playing,watch4,attack_challenge,,watch2,True,10,c,1788170038552,,,0,attack_challenge,up,0,,,,
1788170038747,watch3,109,82,27,27,playing,watch4,attack_challenge,,watch3,True,10,c,1788170038747,,watch4,1,attack_challenge,up,0,,,,
1788170039444,watch1,82,74,8,8,playing,watch4,attack_challenge,,watch1,True,10,c,1788170038556,,,0,attack_challenge,up,0,,,20260831_185316,1
1788170039444,watch2,80,79,1,1,playing,watch4,attack_challenge,,watch1,False,10,c,1788170038556,,,0,attack_challenge,up,0,,,20260831_185316,1
1788170039444,watch3,109,82,27,27,playing,watch4,attack_challenge,,watch1,False,10,c,1788170038747,,,0,attack_challenge,up,0,,,20260831_185316,1
1788170039444,watch4,111,89,22,22,playing,watch4,attack_challenge,,watch1,False,10,c,1788170038556,,,0,attack_challenge,up,0,,,20260831_185316,1
1788170039722,watch3,112,82,30,30,playing,watch4,attack_challenge,,watch3,True,10,c,1788170039722,,watch4,1,attack_challenge,up,0,,,,
1788170039815,watch4,113,89,24,24,playing,watch4,attack_challenge,,,False,,,1788170039815,,,,,,0,,,,
1788170040576,watch1,82,74,8,8,playing,watch4,attack_challenge,,watch1,True,10,c,1788170039747,,,0,attack_challenge,up,0,,,20260831_185316,1
1788170040576,watch2,80,79,1,1,playing,watch4,attack_challenge,,watch1,False,10,c,1788170039747,,,0,attack_challenge,up,0,,,20260831_185316,1
1788170040576,watch3,112,82,30,30,playing,watch4,attack_challenge,,watch1,False,10,c,1788170039747,,,0,attack_challenge,up,0,,,20260831_185316,1
1788170040576,watch4,111,89,22,22,playing,watch4,attack_challenge,,watch1,False,10,c,1788170039747,,,0,attack_challenge,up,0,,,20260831_185316,1
1788170040584,watch2,82,79,3,3,playing,watch4,attack_challenge,,watch2,True,10,c,1788170040584,,,0,attack_challenge,up,0,,,,
1788170040768,watch3,113,82,31,31,playing,watch4,attack_challenge,,watch3,True,10,c,1788170040768,,watch4,1,attack_challenge,up,0,,,,
1788170041780,watch1,82,74,8,8,playing,watch4,attack_challenge,,watch1,True,10,c,1788170041089,,,0,attack_challenge,up,0,,,20260831_185316,1
1788170041780,watch2,82,79,3,3,playing,watch4,attack_challenge,,watch1,False,10,c,1788170040584,,,0,attack_challenge,up,0,,,20260831_185316,1
1788170041780,watch3,113,82,31,31,playing,watch4,attack_challenge,,watch1,False,10,c,1788170040768,,,0,attack_challenge,up,0,,,20260831_185316,1
1788170041780,watch4,113,89,24,24,playing,watch4,attack_challenge,,watch1,False,10,c,1788170041089,,,0,attack_challenge,up,0,,,20260831_185316,1
1788170042490,watch1,81,74,7,7,playing,watch4,attack_challenge,,watch1,True,10,c,1788170042490,,,0,attack_challenge,up,0,,,,
1788170042732,watch3,112,82,30,30,playing,watch4,attack_challenge,,watch3,True,10,c,1788170042732,,watch4,1,attack_challenge,up,0,,,,
1788170042835,watch4,114,89,25,25,playing,watch4,attack_challenge,,,False,,,1788170042835,,,,,,0,,,,
1788170043037,watch1,81,74,7,7,playing,watch4,attack_challenge,,watch1,True,10,c,1788170042490,,,0,attack_challenge,up,0,,,20260831_185316,1
1788170043037,watch2,82,79,3,3,playing,watch4,attack_challenge,,watch1,False,10,c,1788170042190,,,0,attack_challenge,up,0,,,20260831_185316,1
1788170043037,watch3,112,82,30,30,playing,watch4,attack_challenge,,watch1,False,10,c,1788170042732,,,0,attack_challenge,up,0,,,20260831_185316,1
1788170043037,watch4,114,89,25,25,playing,watch4,attack_challenge,,watch1,False,10,c,1788170042835,,,0,attack_challenge,up,0,,,20260831_185316,1
1788170043737,watch3,110,82,28,28,playing,watch4,attack_challenge,,watch3,True,10,c,1788170043737,,watch4,1,attack_challenge,up,0,,,,
1788170044179,watch1,81,74,7,7,playing,watch4,attack_challenge,,watch1,True,10,c,1788170042490,,,0,attack_challenge,up,0,,,20260831_185316,1
1788170044179,watch2,82,79,3,3,playing,watch4,attack_challenge,,watch1,False,10,c,1788170043298,,,0,attack_challenge,up,0,,,20260831_185316,1
1788170044179,watch3,110,82,28,28,playing,watch4,attack_challenge,,watch1,False,10,c,1788170043737,,,0,attack_challenge,up,0,,,20260831_185316,1
1788170044179,watch4,114,89,25,25,playing,watch4,attack_challenge,,watch1,False,10,c,1788170042835,,,0,attack_challenge,up,0,,,20260831_185316,1
1788170044592,watch2,81,79,2,2,playing,watch4,attack_challenge,,watch2,True,10,c,1788170044592,,,0,attack_challenge,up,0,,,,
1788170044751,watch3,108,82,26,26,playing,watch4,attack_challenge,,watch3,True,10,c,1788170044751,,watch4,1,attack_challenge,up,0,,,,
1788170045322,watch1,81,74,7,7,playing,watch4,attack_challenge,,watch1,True,10,c,1788170044331,,,0,attack_challenge,up,0,,,20260831_185316,1
1788170045322,watch2,81,79,2,2,playing,watch4,attack_challenge,,watch1,False,10,c,1788170044592,,,0,attack_challenge,up,0,,,20260831_185316,1
1788170045322,watch3,108,82,26,26,playing,watch4,attack_challenge,,watch1,False,10,c,1788170044751,,,0,attack_challenge,up,0,,,20260831_185316,1
1788170045322,watch4,114,89,25,25,playing,watch4,attack_challenge,,watch1,False,10,c,1788170044331,,,0,attack_challenge,up,0,,,20260831_185316,1
1788170046542,watch1,80,74,6,6,playing,watch4,attack_challenge,,watch1,True,10,c,1788170046542,,,0,attack_challenge,up,0,,,,
1788170046684,watch2,80,79,1,1,playing,watch4,attack_challenge,,watch2,True,10,c,1788170046684,,,0,attack_challenge,up,0,,,,
1788170046785,watch3,106,82,24,24,playing,watch4,attack_challenge,,watch3,True,10,c,1788170046785,,watch4,1,attack_challenge,up,0,,,,
1788170047655,watch1,81,74,7,7,playing,watch4,attack_challenge,,watch1,True,10,c,1788170046461,,,0,attack_challenge,up,0,,,20260831_185316,1
1788170047655,watch2,80,79,1,1,playing,watch4,attack_challenge,,watch1,False,10,c,1788170046684,,,0,attack_challenge,up,0,,,20260831_185316,1
1788170047655,watch3,106,82,24,24,playing,watch4,attack_challenge,,watch1,False,10,c,1788170046785,,,0,attack_challenge,up,0,,,20260831_185316,1
1788170047655,watch4,114,89,25,25,playing,watch4,attack_challenge,,watch1,False,10,c,1788170046461,,,0,attack_challenge,up,0,,,20260831_185316,1
1788170047817,watch3,104,82,22,22,playing,watch4,attack_challenge,,watch3,True,10,c,1788170047817,,watch4,1,attack_challenge,up,0,,,,
1788170048630,watch2,82,79,3,3,playing,watch4,attack_challenge,,watch2,True,10,c,1788170048630,,,0,attack_challenge,up,0,,,,
1788170048869,watch1,80,74,6,6,playing,watch4,attack_challenge,,watch1,True,10,c,1788170047686,,,0,attack_challenge,up,0,,,20260831_185316,1
1788170048869,watch2,82,79,3,3,playing,watch4,attack_challenge,,watch1,False,10,c,1788170048630,,,0,attack_challenge,up,0,,,20260831_185316,1
1788170048869,watch3,102,82,20,20,playing,watch4,attack_challenge,,watch1,False,10,c,1788170048761,,,0,attack_challenge,up,0,,,20260831_185316,1
1788170048869,watch4,114,89,25,25,playing,watch4,attack_challenge,,watch1,False,10,c,1788170047686,,,0,attack_challenge,up,0,,,20260831_185316,1
1788170049769,watch3,101,82,19,19,playing,watch4,attack_challenge,,watch3,True,10,c,1788170049769,,watch4,1,attack_challenge,up,0,,,,
1788170049813,watch4,112,89,23,23,playing,watch4,attack_challenge,,,False,,,1788170049813,,,,,,0,,,,
1788170050170,watch1,80,74,6,6,playing,watch4,attack_challenge,,watch1,True,10,c,1788170050039,,,0,attack_challenge,up,0,,,20260831_185316,1
1788170050170,watch2,82,79,3,3,playing,watch4,attack_challenge,,watch1,False,10,c,1788170050039,,,0,attack_challenge,up,0,,,20260831_185316,1
1788170050170,watch3,101,82,19,19,playing,watch4,attack_challenge,,watch1,False,10,c,1788170049769,,,0,attack_challenge,up,0,,,20260831_185316,1
1788170050170,watch4,112,89,23,23,playing,watch4,attack_challenge,,watch1,False,10,c,1788170049813,,,0,attack_challenge,up,0,,,20260831_185316,1
1788170050521,watch1,79,74,5,5,playing,watch4,attack_challenge,,watch1,True,10,c,1788170050521,,,0,attack_challenge,up,0,,,,
1788170050654,watch2,84,79,5,5,playing,watch4,attack_challenge,,watch2,True,10,c,1788170050654,,,0,attack_challenge,up,0,,,,
1788170050803,watch4,111,89,22,22,playing,watch4,attack_challenge,,,False,,,1788170050803,,,,,,0,,,,
1788170051771,watch3,102,82,20,20,playing,watch1,attack_challenge,,watch3,True,10,c,1788170051771,,watch4,1,attack_challenge,up,0,,,,
1788170051874,watch4,110,89,21,21,playing,watch1,attack_challenge,,,False,,,1788170051874,,,,,,0,,,,
1788170052559,watch1,77,74,3,3,playing,watch1,attack_challenge,,watch1,True,10,c,1788170052559,,,0,attack_challenge,up,0,,,,
1788170052678,watch2,87,79,8,8,playing,watch1,attack_challenge,,watch2,True,10,c,1788170052678,,,0,attack_challenge,up,0,,,,
1788170052885,watch3,99,82,17,17,playing,watch1,attack_challenge,,watch3,True,10,c,1788170052885,,watch4,1,attack_challenge,up,0,,,,
1788170053138,watch1,77,74,3,3,playing,watch1,attack_challenge,,watch2,False,10,c,1788170052559,,,0,attack_challenge,up,0,,,20260831_185316,1
1788170053138,watch2,84,79,5,5,playing,watch1,attack_challenge,,watch2,True,10,c,1788170052737,,,0,attack_challenge,up,0,,,20260831_185316,1
1788170053138,watch3,99,82,17,17,playing,watch1,attack_challenge,,watch2,False,10,c,1788170052885,,,0,attack_challenge,up,0,,,20260831_185316,1
1788170053138,watch4,110,89,21,21,playing,watch1,attack_challenge,,watch2,False,10,c,1788170051874,,,0,attack_challenge,up,0,,,20260831_185316,1
1788170053778,watch3,100,82,18,18,playing,watch1,attack_challenge,,watch3,True,10,c,1788170053778,,watch4,1,attack_challenge,up,0,,,,
1788170054293,watch1,77,74,3,3,playing,watch1,attack_challenge,,watch2,False,10,c,1788170053884,,,0,attack_challenge,up,0,,,20260831_185316,1
1788170054293,watch2,87,79,8,8,playing,watch1,attack_challenge,,watch2,True,10,c,1788170053884,,,0,attack_challenge,up,0,,,20260831_185316,1
1788170054293,watch3,100,82,18,18,playing,watch1,attack_challenge,,watch2,False,10,c,1788170053778,,,0,attack_challenge,up,0,,,20260831_185316,1
1788170054293,watch4,110,89,21,21,playing,watch1,attack_challenge,,watch2,False,10,c,1788170053884,,,0,attack_challenge,up,0,,,20260831_185316,1
1788170054594,watch1,76,74,2,2,playing,watch1,attack_challenge,,watch1,True,10,c,1788170054594,,,0,attack_challenge,up,0,,,,
1788170054711,watch2,86,79,7,7,playing,watch1,attack_challenge,,watch2,True,10,c,1788170054711,,,0,attack_challenge,up,0,,,,
1788170054778,watch3,99,82,17,17,playing,watch1,attack_challenge,,watch3,True,10,c,1788170054778,,watch4,1,attack_challenge,up,0,,,,
1788170055486,watch1,76,74,2,2,playing,watch1,attack_challenge,,watch2,False,10,c,1788170054594,,,0,attack_challenge,up,0,,,20260831_185316,1
1788170055486,watch2,86,79,7,7,playing,watch1,attack_challenge,,watch2,True,10,c,1788170054711,,,0,attack_challenge,up,0,,,20260831_185316,1
1788170055486,watch3,99,82,17,17,playing,watch1,attack_challenge,,watch2,False,10,c,1788170054778,,,0,attack_challenge,up,0,,,20260831_185316,1
1788170055486,watch4,110,89,21,21,playing,watch1,attack_challenge,,watch2,False,10,c,1788170054991,,,0,attack_challenge,up,0,,,20260831_185316,1
1788170056661,watch1,76,74,2,2,playing,watch1,attack_challenge,,watch2,False,10,c,1788170056027,,,0,attack_challenge,up,0,,,20260831_185316,1
1788170056661,watch2,86,79,7,7,playing,watch1,attack_challenge,,watch2,True,10,c,1788170056027,,,0,attack_challenge,up,0,,,20260831_185316,1
1788170056661,watch3,99,82,17,17,playing,watch1,attack_challenge,,watch2,False,10,c,1788170056027,,,0,attack_challenge,up,0,,,20260831_185316,1
1788170056661,watch4,110,89,21,21,playing,watch1,attack_challenge,,watch2,False,10,c,1788170056027,,,0,attack_challenge,up,0,,,20260831_185316,1
1788170056692,watch2,87,79,8,8,playing,watch1,attack_challenge,,watch2,True,10,c,1788170056692,,,0,attack_challenge,up,0,,,,
1788170057796,watch3,98,82,16,16,playing,watch1,attack_challenge,,watch3,True,10,c,1788170057796,,watch4,1,attack_challenge,up,0,,,,
1788170057999,watch1,76,74,2,2,playing,watch1,attack_challenge,,watch2,False,10,c,1788170057143,,,0,attack_challenge,up,0,,,20260831_185316,1
1788170057999,watch2,87,79,8,8,playing,watch1,attack_challenge,,watch2,True,10,c,1788170056692,,,0,attack_challenge,up,0,,,20260831_185316,1
1788170057999,watch3,98,82,16,16,playing,watch1,attack_challenge,,watch2,False,10,c,1788170057796,,,0,attack_challenge,up,0,,,20260831_185316,1
1788170057999,watch4,110,89,21,21,playing,watch1,attack_challenge,,watch2,False,10,c,1788170057143,,,0,attack_challenge,up,0,,,20260831_185316,1
1788170058703,watch2,84,79,5,5,playing,watch1,attack_challenge,,watch2,True,10,c,1788170058703,,,0,attack_challenge,up,0,,,,
1788170059159,watch1,76,74,2,2,playing,watch1,attack_challenge,,watch2,False,10,c,1788170058229,,,0,attack_challenge,up,0,,,20260831_185316,1
1788170059159,watch2,84,79,5,5,playing,watch1,attack_challenge,,watch2,True,10,c,1788170058703,,,0,attack_challenge,up,0,,,20260831_185316,1
1788170059159,watch3,98,82,16,16,playing,watch1,attack_challenge,,watch2,False,10,c,1788170057796,,,0,attack_challenge,up,0,,,20260831_185316,1
1788170059159,watch4,110,89,21,21,playing,watch1,attack_challenge,,watch2,False,10,c,1788170058229,,,0,attack_challenge,up,0,,,20260831_185316,1
1788170059727,watch2,85,79,6,6,playing,watch1,attack_challenge,,watch2,True,10,c,1788170059727,,,0,attack_challenge,up,0,,,,
1788170059862,watch4,109,89,20,20,playing,watch1,attack_challenge,,,False,,,1788170059862,,,,,,0,,,,
1788170060317,watch1,76,74,2,2,playing,watch1,attack_challenge,,watch2,False,10,c,1788170059316,,,0,attack_challenge,up,0,,,20260831_185316,1
1788170060317,watch2,85,79,6,6,playing,watch1,attack_challenge,,watch2,True,10,c,1788170059727,,,0,attack_challenge,up,0,,,20260831_185316,1
1788170060317,watch3,98,82,16,16,playing,watch1,attack_challenge,,watch2,False,10,c,1788170059316,,,0,attack_challenge,up,0,,,20260831_185316,1
1788170060317,watch4,109,89,20,20,playing,watch1,attack_challenge,,watch2,False,10,c,1788170059862,,,0,attack_challenge,up,0,,,20260831_185316,1
1788170060796,watch3,97,82,15,15,playing,watch1,attack_challenge,,watch3,True,10,c,1788170060796,,watch4,1,attack_challenge,up,0,,,,
1788170060853,watch4,108,89,19,19,playing,watch1,attack_challenge,,,False,,,1788170060853,,,,,,0,,,,
1788170061505,watch1,76,74,2,2,playing,watch1,attack_challenge,,watch2,False,10,c,1788170060453,,,0,attack_challenge,up,0,,,20260831_185316,1
1788170061505,watch2,85,79,6,6,playing,watch1,attack_challenge,,watch2,True,10,c,1788170059727,,,0,attack_challenge,up,0,,,20260831_185316,1
1788170061505,watch3,97,82,15,15,playing,watch1,attack_challenge,,watch2,False,10,c,1788170060796,,,0,attack_challenge,up,0,,,20260831_185316,1
1788170061505,watch4,108,89,19,19,playing,watch1,attack_challenge,,watch2,False,10,c,1788170060853,,,0,attack_challenge,up,0,,,20260831_185316,1
1788170061644,watch1,75,74,1,1,playing,watch1,attack_challenge,,watch1,True,10,c,1788170061644,,,0,attack_challenge,up,0,,,,
1788170061764,watch2,84,79,5,5,playing,watch1,attack_challenge,,watch2,True,10,c,1788170061764,,,0,attack_challenge,up,0,,,,
1788170061826,watch3,96,82,14,14,playing,watch1,attack_challenge,,watch3,True,10,c,1788170061826,,watch4,1,attack_challenge,up,0,,,,
1788170062764,watch1,75,74,1,1,playing,watch1,attack_challenge,,watch2,False,10,c,1788170061644,,,0,attack_challenge,up,0,,,20260831_185316,1
1788170062764,watch2,84,79,5,5,playing,watch1,attack_challenge,,watch2,True,10,c,1788170061764,,,0,attack_challenge,up,0,,,20260831_185316,1
1788170062764,watch3,96,82,14,14,playing,watch1,attack_challenge,,watch2,False,10,c,1788170061826,,,0,attack_challenge,up,0,,,20260831_185316,1
1788170062764,watch4,108,89,19,19,playing,watch1,attack_challenge,,watch2,False,10,c,1788170062643,,,0,attack_challenge,up,0,,,20260831_185316,1
1788170062838,watch4,106,89,17,17,playing,watch1,attack_challenge,,,False,,,1788170062838,,,,,,0,,,,
1788170063813,watch3,95,82,13,13,playing,watch1,attack_challenge,,watch3,True,10,c,1788170063813,,watch4,1,attack_challenge,up,0,,,,
1788170064109,watch1,75,74,1,1,playing,watch1,attack_challenge,,watch2,False,10,c,1788170063690,,,0,attack_challenge,up,0,,,20260831_185316,1
1788170064109,watch2,84,79,5,5,playing,watch1,attack_challenge,,watch2,True,10,c,1788170063690,,,0,attack_challenge,up,0,,,20260831_185316,1
1788170064109,watch3,95,82,13,13,playing,watch1,attack_challenge,,watch2,False,10,c,1788170063813,,,0,attack_challenge,up,0,,,20260831_185316,1
1788170064109,watch4,104,89,15,15,playing,watch1,attack_challenge,,watch2,False,10,c,1788170063867,,,0,attack_challenge,up,0,,,20260831_185316,1
1788170065342,watch1,75,74,1,1,playing,watch1,attack_challenge,,watch2,False,10,c,1788170064810,,,0,attack_challenge,up,0,,,20260831_185316,1
1788170065342,watch2,84,79,5,5,playing,watch1,attack_challenge,,watch2,True,10,c,1788170064810,,,0,attack_challenge,up,0,,,20260831_185316,1
1788170065342,watch3,95,82,13,13,playing,watch1,attack_challenge,,watch2,False,10,c,1788170063813,,,0,attack_challenge,up,0,,,20260831_185316,1
1788170065342,watch4,104,89,15,15,playing,watch1,attack_challenge,,watch2,False,10,c,1788170063867,,,0,attack_challenge,up,0,,,20260831_185316,1
1788170065644,watch1,74,74,0,0,playing,watch1,attack_challenge,,watch1,True,10,c,1788170065644,,,0,attack_challenge,up,0,,,,
1788170065818,watch3,94,82,12,12,playing,watch1,attack_challenge,,watch3,True,10,c,1788170065818,,watch4,1,attack_challenge,up,0,,,,
1788170065874,watch4,103,89,14,14,playing,watch1,attack_challenge,,,False,,,1788170065874,,,,,,0,,,,
1788170066499,watch1,74,74,0,0,playing,watch1,attack_challenge,,watch2,False,10,c,1788170065644,,,0,attack_challenge,up,0,,,20260831_185316,1
1788170066499,watch2,84,79,5,5,playing,watch1,attack_challenge,,watch2,True,10,c,1788170065868,,,0,attack_challenge,up,0,,,20260831_185316,1
1788170066499,watch3,94,82,12,12,playing,watch1,attack_challenge,,watch2,False,10,c,1788170065868,,,0,attack_challenge,up,0,,,20260831_185316,1
1788170066499,watch4,103,89,14,14,playing,watch1,attack_challenge,,watch2,False,10,c,1788170065874,,,0,attack_challenge,up,0,,,20260831_185316,1
1788170066821,watch3,93,82,11,11,playing,watch1,attack_challenge,,watch3,True,10,c,1788170066821,,watch4,1,attack_challenge,up,0,,,,
1788170067670,watch1,75,74,1,1,playing,watch1,attack_challenge,,watch1,True,10,c,1788170067670,,,0,attack_challenge,up,0,,,,
1788170067781,watch2,86,79,7,7,playing,watch1,attack_challenge,,watch2,True,10,c,1788170067781,,,0,attack_challenge,up,0,,,,
1788170068804,watch1,75,74,1,1,playing,watch1,attack_challenge,,watch2,False,10,c,1788170067670,,,0,attack_challenge,up,0,,,20260831_185316,1
1788170068804,watch2,86,79,7,7,playing,watch1,attack_challenge,,watch2,True,10,c,1788170067781,,,0,attack_challenge,up,0,,,20260831_185316,1
1788170068804,watch3,93,82,11,11,playing,watch1,attack_challenge,,watch2,False,10,c,1788170068278,,,0,attack_challenge,up,0,,,20260831_185316,1
1788170068804,watch4,103,89,14,14,playing,watch1,attack_challenge,,watch2,False,10,c,1788170068278,,,0,attack_challenge,up,0,,,20260831_185316,1
1788170069771,watch2,85,79,6,6,playing,watch1,attack_challenge,,watch2,True,10,c,1788170069771,,,0,attack_challenge,up,0,,,,
1788170070026,watch1,75,74,1,1,playing,watch1,attack_challenge,,watch2,False,10,c,1788170069350,,,0,attack_challenge,up,0,,,20260831_185316,1
1788170070026,watch2,85,79,6,6,playing,watch1,attack_challenge,,watch2,True,10,c,1788170069771,,,0,attack_challenge,up,0,,,20260831_185316,1
1788170070026,watch3,93,82,11,11,playing,watch1,attack_challenge,,watch2,False,10,c,1788170069350,,,0,attack_challenge,up,0,,,20260831_185316,1
1788170070026,watch4,103,89,14,14,playing,watch1,attack_challenge,,watch2,False,10,c,1788170069350,,,0,attack_challenge,up,0,,,20260831_185316,1
1788170071227,watch1,75,74,1,1,playing,watch1,attack_challenge,,watch2,False,10,c,1788170070464,,,0,attack_challenge,up,0,,,20260831_185316,1
1788170071227,watch2,85,79,6,6,playing,watch1,attack_challenge,,watch2,True,10,c,1788170069771,,,0,attack_challenge,up,0,,,20260831_185316,1
1788170071227,watch3,93,82,11,11,playing,watch1,attack_challenge,,watch2,False,10,c,1788170070464,,,0,attack_challenge,up,0,,,20260831_185316,1
1788170071227,watch4,103,89,14,14,playing,watch1,attack_challenge,,watch2,False,10,c,1788170070464,,,0,attack_challenge,up,0,,,20260831_185316,1
1788170071697,watch1,76,74,2,2,playing,watch1,attack_challenge,,watch1,True,10,c,1788170071697,,,0,attack_challenge,up,0,,,,
1788170071802,watch2,86,79,7,7,playing,watch1,attack_challenge,,watch2,True,10,c,1788170071802,,,0,attack_challenge,up,0,,,,
1788170072391,watch1,76,74,2,2,playing,watch1,attack_challenge,,watch2,False,10,c,1788170071697,,,0,attack_challenge,up,0,,,20260831_185316,1
1788170072391,watch2,86,79,7,7,playing,watch1,attack_challenge,,watch2,True,10,c,1788170071802,,,0,attack_challenge,up,0,,,20260831_185316,1
1788170072391,watch3,93,82,11,11,playing,watch1,attack_challenge,,watch2,False,10,c,1788170071559,,,0,attack_challenge,up,0,,,20260831_185316,1
1788170072391,watch4,103,89,14,14,playing,watch1,attack_challenge,,watch2,False,10,c,1788170071559,,,0,attack_challenge,up,0,,,20260831_185316,1
1788170073550,watch1,76,74,2,2,playing,watch1,attack_challenge,,watch2,False,10,c,1788170071697,,,0,attack_challenge,up,0,,,20260831_185316,1
1788170073550,watch2,86,79,7,7,playing,watch1,attack_challenge,,watch2,True,10,c,1788170071802,,,0,attack_challenge,up,0,,,20260831_185316,1
1788170073550,watch3,93,82,11,11,playing,watch1,attack_challenge,,watch2,False,10,c,1788170072683,,,0,attack_challenge,up,0,,,20260831_185316,1
1788170073550,watch4,103,89,14,14,playing,watch1,attack_challenge,,watch2,False,10,c,1788170072683,,,0,attack_challenge,up,0,,,20260831_185316,1
1788170073821,watch2,87,79,8,8,playing,watch1,attack_challenge,,watch2,True,10,c,1788170073821,,,0,attack_challenge,up,0,,,,
1788170074731,watch1,,,,,set_end,watch1,,,,,,,,倒壊,,,,,0,0,SET 1 終了,20260831_185316,1
1788170151411,,,,,,game_start,,,,,,,,,,,,,,,,ジェンガ第2ゲーム開始,20260831_185316,2
1788170152030,watch1,77,74,3,3,playing,watch1,attack_challenge,,watch2,False,10,c,1788170151586,,,0,attack_challenge,down,0,,,20260831_185316,2
1788170152030,watch2,83,79,4,4,playing,watch1,attack_challenge,,watch2,True,10,c,1788170151586,,,0,attack_challenge,down,1,,,20260831_185316,2
1788170152030,watch3,89,82,7,7,playing,watch1,attack_challenge,,watch2,False,10,c,1788170151586,,,0,attack_challenge,down,1,,,20260831_185316,2
1788170152030,watch4,108,89,19,19,playing,watch1,attack_challenge,,watch2,False,10,c,1788170151127,,,0,attack_challenge,down,2,,,20260831_185316,2
1788170152151,watch4,104,89,15,15,playing,watch1,attack_challenge,,,False,,,1788170152151,,,,,,2,,,,
1788170152291,watch2,82,79,3,3,playing,watch1,attack_challenge,,watch2,True,10,c,1788170152291,,,0,attack_challenge,down,1,,,,
1788170153235,watch1,77,74,3,3,playing,watch1,attack_challenge,,watch2,False,10,c,1788170152782,,,0,attack_challenge,down,0,,,20260831_185316,2
1788170153235,watch2,82,79,3,3,playing,watch1,attack_challenge,,watch2,True,10,c,1788170152291,,,0,attack_challenge,down,1,,,20260831_185316,2
1788170153235,watch3,89,82,7,7,playing,watch1,attack_challenge,,watch2,False,10,c,1788170152782,,,0,attack_challenge,down,1,,,20260831_185316,2
1788170153235,watch4,104,89,15,15,playing,watch1,attack_challenge,,watch2,False,10,c,1788170152151,,,0,attack_challenge,down,2,,,20260831_185316,2
1788170154220,watch1,73,74,-1,1,playing,watch1,attack_challenge,,,False,,,1788170154220,,,,,,0,,,,
1788170154286,watch2,81,79,2,2,playing,watch1,attack_challenge,,watch2,True,10,c,1788170154286,,,0,attack_challenge,down,1,,,,
1788170154595,watch1,73,74,-1,1,playing,watch1,attack_challenge,,watch2,False,10,c,1788170154220,,,0,attack_challenge,down,0,,,20260831_185316,2
1788170154595,watch2,81,79,2,2,playing,watch1,attack_challenge,,watch2,True,10,c,1788170154286,,,0,attack_challenge,down,1,,,20260831_185316,2
1788170154595,watch3,89,82,7,7,playing,watch1,attack_challenge,,watch2,False,10,c,1788170153889,,,0,attack_challenge,down,1,,,20260831_185316,2
1788170154595,watch4,104,89,15,15,playing,watch1,attack_challenge,,watch2,False,10,c,1788170153889,,,0,attack_challenge,down,2,,,20260831_185316,2
1788170155767,watch1,73,74,-1,1,playing,watch1,attack_challenge,,watch2,False,10,c,1788170154220,,,0,attack_challenge,down,0,,,20260831_185316,2
1788170155767,watch2,81,79,2,2,playing,watch1,attack_challenge,,watch2,True,10,c,1788170154286,,,0,attack_challenge,down,1,,,20260831_185316,2
1788170155767,watch3,89,82,7,7,playing,watch1,attack_challenge,,watch2,False,10,c,1788170155018,,,0,attack_challenge,down,1,,,20260831_185316,2
1788170155767,watch4,104,89,15,15,playing,watch1,attack_challenge,,watch2,False,10,c,1788170155018,,,0,attack_challenge,down,2,,,20260831_185316,2
1788170156131,watch3,88,82,6,6,playing,watch1,attack_challenge,,,False,,,1788170156131,,,,,,1,,,,
1788170156198,watch4,103,89,14,14,playing,watch1,attack_challenge,,,False,,,1788170156198,,,,,,2,,,,
1788170157049,watch1,73,74,-1,1,playing,watch1,attack_challenge,,watch2,False,10,c,1788170156091,,,0,attack_challenge,down,0,,,20260831_185316,2
1788170157049,watch2,81,79,2,2,playing,watch1,attack_challenge,,watch2,True,10,c,1788170154286,,,0,attack_challenge,down,1,,,20260831_185316,2
1788170157049,watch3,89,82,7,7,playing,watch1,attack_challenge,,watch2,False,10,c,1788170156091,,,0,attack_challenge,down,1,,,20260831_185316,2
1788170157049,watch4,103,89,14,14,playing,watch1,attack_challenge,,watch2,False,10,c,1788170156198,,,0,attack_challenge,down,2,,,20260831_185316,2
1788170157173,watch4,97,89,8,8,playing,watch1,attack_challenge,,,False,,,1788170157173,,,,,,2,,,,
1788170157108,watch3,87,82,5,5,playing,watch1,attack_challenge,,,False,,,1788170157108,,,,,,1,,,,
1788170158168,watch4,95,89,6,6,playing,watch1,attack_challenge,,,False,,,1788170158168,,,,,,2,,,,
1788170158560,watch1,74,74,0,0,playing,watch1,attack_challenge,,watch2,False,10,c,1788170158264,,,0,attack_challenge,down,0,,,20260831_185316,2
1788170158560,watch2,79,79,0,0,playing,watch1,attack_challenge,,watch2,True,10,c,1788170158328,,,0,attack_challenge,down,1,,,20260831_185316,2
1788170158560,watch3,87,82,5,5,playing,watch1,attack_challenge,,watch2,False,10,c,1788170157108,,,0,attack_challenge,down,1,,,20260831_185316,2
1788170158560,watch4,95,89,6,6,playing,watch1,attack_challenge,,watch2,False,10,c,1788170158168,,,0,attack_challenge,down,2,,,20260831_185316,2
1788170158264,watch1,74,74,0,0,playing,watch1,attack_challenge,,,False,,,1788170158264,,,,,,0,,,,
1788170158328,watch2,79,79,0,0,playing,watch1,attack_challenge,,watch2,True,10,c,1788170158328,,,0,attack_challenge,down,1,,,,
1788170159258,watch1,75,74,1,1,playing,watch2,attack_challenge,,,False,,,1788170159258,,,,,,0,,,,
1788170159780,watch1,75,74,1,1,playing,watch2,attack_challenge,,watch3,False,10,c,1788170159258,,,0,attack_challenge,up,0,,,20260831_185316,2
1788170159780,watch2,81,79,2,2,playing,watch2,attack_challenge,,watch3,False,10,c,1788170158520,,,0,attack_challenge,up,1,,,20260831_185316,2
1788170159780,watch3,87,82,5,5,playing,watch2,attack_challenge,,watch3,True,10,c,1788170158520,,,0,attack_challenge,up,1,,,20260831_185316,2
1788170159780,watch4,95,89,6,6,playing,watch2,attack_challenge,,watch3,False,10,c,1788170158168,,,0,attack_challenge,up,2,,,20260831_185316,2
1788170160314,watch2,80,79,1,1,playing,watch2,attack_challenge,,watch2,True,10,c,1788170160314,,,0,attack_challenge,down,1,,,,
1788170160968,watch1,75,74,1,1,playing,watch2,attack_challenge,,watch3,False,10,c,1788170159258,,,0,attack_challenge,up,0,,,20260831_185316,2
1788170160968,watch2,80,79,1,1,playing,watch2,attack_challenge,,watch3,False,10,c,1788170160314,,,0,attack_challenge,up,1,,,20260831_185316,2
1788170160968,watch3,87,82,5,5,playing,watch2,attack_challenge,,watch3,True,10,c,1788170159971,,,0,attack_challenge,up,1,,,20260831_185316,2
1788170160968,watch4,95,89,6,6,playing,watch2,attack_challenge,,watch3,False,10,c,1788170159971,,,0,attack_challenge,up,2,,,20260831_185316,2
1788170161190,watch4,96,89,7,7,playing,watch2,attack_challenge,,,False,,,1788170161190,,,,,,2,,,,
1788170162150,watch1,75,74,1,1,playing,watch2,attack_challenge,,watch3,False,10,c,1788170161110,,,0,attack_challenge,up,0,,,20260831_185316,2
1788170162150,watch2,80,79,1,1,playing,watch2,attack_challenge,,watch3,False,10,c,1788170160314,,,0,attack_challenge,up,1,,,20260831_185316,2
1788170162150,watch3,87,82,5,5,playing,watch2,attack_challenge,,watch3,True,10,c,1788170161110,,,0,attack_challenge,up,1,,,20260831_185316,2
1788170162150,watch4,95,89,6,6,playing,watch2,attack_challenge,,watch3,False,10,c,1788170161110,,,0,attack_challenge,up,2,,,20260831_185316,2
1788170162342,watch2,79,79,0,0,playing,watch2,attack_challenge,,watch2,True,10,c,1788170162342,,,0,attack_challenge,down,1,,,,
1788170163286,watch1,80,74,6,6,playing,watch2,attack_challenge,,,False,,,1788170163286,,,,,,0,,,,
1788170163617,watch1,80,74,6,6,playing,watch2,attack_challenge,,watch3,False,10,c,1788170163286,,,0,attack_challenge,up,0,,,20260831_185316,2
1788170163617,watch2,80,79,1,1,playing,watch2,attack_challenge,,watch3,False,10,c,1788170163353,,,0,attack_challenge,up,1,,,20260831_185316,2
1788170163617,watch3,87,82,5,5,playing,watch2,attack_challenge,,watch3,True,10,c,1788170162389,,,0,attack_challenge,up,1,,,20260831_185316,2
1788170163617,watch4,96,89,7,7,playing,watch2,attack_challenge,,watch3,False,10,c,1788170162389,,,0,attack_challenge,up,2,,,20260831_185316,2
1788170164121,watch3,88,82,6,6,playing,watch2,attack_challenge,,watch3,True,10,c,1788170164121,,,0,attack_challenge,up,1,,,,
1788170164922,watch1,80,74,6,6,playing,watch2,attack_challenge,,watch3,False,10,c,1788170164758,,,0,attack_challenge,up,0,,,20260831_185316,2
1788170164922,watch2,80,79,1,1,playing,watch2,attack_challenge,,watch3,False,10,c,1788170164758,,,0,attack_challenge,up,1,,,20260831_185316,2
1788170164922,watch3,88,82,6,6,playing,watch2,attack_challenge,,watch3,True,10,c,1788170164121,,,0,attack_challenge,up,1,,,20260831_185316,2
1788170164922,watch4,96,89,7,7,playing,watch2,attack_challenge,,watch3,False,10,c,1788170164758,,,0,attack_challenge,up,2,,,20260831_185316,2
1788170165125,watch3,89,82,7,7,playing,watch2,attack_challenge,,watch3,True,10,c,1788170165125,,,0,attack_challenge,up,1,,,,
1788170165226,watch4,94,89,5,5,playing,watch2,attack_challenge,,,False,,,1788170165226,,,,,,2,,,,
1788170165344,watch1,83,74,9,9,playing,watch2,attack_challenge,,,False,,,1788170165344,,,,,,0,,,,
1788170166095,watch1,83,74,9,9,playing,watch2,attack_challenge,,watch3,False,10,c,1788170165344,,,0,attack_challenge,up,0,,,20260831_185316,2
1788170166095,watch2,80,79,1,1,playing,watch2,attack_challenge,,watch3,False,10,c,1788170165882,,,0,attack_challenge,up,1,,,20260831_185316,2
1788170166095,watch3,89,82,7,7,playing,watch2,attack_challenge,,watch3,True,10,c,1788170165125,,,0,attack_challenge,up,1,,,20260831_185316,2
1788170166095,watch4,94,89,5,5,playing,watch2,attack_challenge,,watch3,False,10,c,1788170165226,,,0,attack_challenge,up,2,,,20260831_185316,2
1788170166139,watch3,88,82,6,6,playing,watch2,attack_challenge,,watch3,True,10,c,1788170166139,,,0,attack_challenge,up,1,,,,
1788170167399,watch1,90,74,16,16,playing,watch2,attack_challenge,,watch3,False,10,c,1788170167299,,,0,attack_challenge,up,0,,,20260831_185316,2
1788170167399,watch2,80,79,1,1,playing,watch2,attack_challenge,,watch3,False,10,c,1788170166916,,,0,attack_challenge,up,1,,,20260831_185316,2
1788170167399,watch3,88,82,6,6,playing,watch2,attack_challenge,,watch3,True,10,c,1788170166139,,,0,attack_challenge,up,1,,,20260831_185316,2
1788170167399,watch4,94,89,5,5,playing,watch2,attack_challenge,,watch3,False,10,c,1788170166916,,,0,attack_challenge,up,2,,,20260831_185316,2
1788170168166,watch3,89,82,7,7,playing,watch3,attack_challenge,,watch3,True,10,c,1788170168166,,,0,attack_challenge,up,1,,,,
1788170168762,watch1,90,74,16,16,playing,watch3,attack_challenge,,watch4,False,10,c,1788170167299,,,0,attack_challenge,down,0,,,20260831_185316,2
1788170168762,watch2,80,79,1,1,playing,watch3,attack_challenge,,watch4,False,10,c,1788170168067,,,0,attack_challenge,down,1,,,20260831_185316,2
1788170168762,watch3,89,82,7,7,playing,watch3,attack_challenge,,watch4,False,10,c,1788170168166,,,0,attack_challenge,down,1,,,20260831_185316,2
1788170168762,watch4,94,89,5,5,playing,watch3,attack_challenge,,watch4,True,10,c,1788170168067,,,0,attack_challenge,down,2,,,20260831_185316,2
1788170169147,watch3,90,82,8,8,playing,watch3,attack_challenge,,watch3,True,10,c,1788170169147,,,0,attack_challenge,up,1,,,,
1788170169401,watch1,94,74,20,20,playing,watch3,attack_challenge,,,False,,,1788170169401,,,,,,0,,,,
1788170169401,watch2,79,79,0,0,playing,watch3,attack_challenge,,watch2,True,10,c,1788170169401,,,0,attack_challenge,down,1,,,,
1788170169950,watch1,90,74,16,16,playing,watch3,attack_challenge,,watch4,False,10,c,1788170169166,,,0,attack_challenge,down,0,,,20260831_185316,2
1788170169950,watch2,80,79,1,1,playing,watch3,attack_challenge,,watch4,False,10,c,1788170169166,,,0,attack_challenge,down,1,,,20260831_185316,2
1788170169950,watch3,90,82,8,8,playing,watch3,attack_challenge,,watch4,False,10,c,1788170169166,,,0,attack_challenge,down,1,,,20260831_185316,2
1788170169950,watch4,94,89,5,5,playing,watch3,attack_challenge,,watch4,True,10,c,1788170169166,,,0,attack_challenge,down,2,,,20260831_185316,2
1788170170151,watch3,89,82,7,7,playing,watch3,attack_challenge,,watch3,True,10,c,1788170170151,,,0,attack_challenge,up,1,,,,
1788170170217,watch4,93,89,4,4,playing,watch3,attack_challenge,,watch4,True,10,c,1788170170217,,,0,attack_challenge,down,2,,,,
1788170171124,watch1,94,74,20,20,playing,watch3,attack_challenge,,watch4,False,10,c,1788170170601,,,0,attack_challenge,down,0,,,20260831_185316,2
1788170171124,watch2,79,79,0,0,playing,watch3,attack_challenge,,watch4,False,10,c,1788170170601,,,0,attack_challenge,down,1,,,20260831_185316,2
1788170171124,watch3,89,82,7,7,playing,watch3,attack_challenge,,watch4,False,10,c,1788170170151,,,0,attack_challenge,down,1,,,20260831_185316,2
1788170171124,watch4,93,89,4,4,playing,watch3,attack_challenge,,watch4,True,10,c,1788170170217,,,0,attack_challenge,down,2,,,20260831_185316,2
1788170171346,watch1,96,74,22,22,playing,watch3,attack_challenge,,,False,,,1788170171346,,,,,,0,,,,
1788170171378,watch2,78,79,-1,1,playing,watch3,attack_challenge,,watch2,True,10,c,1788170171378,,,0,attack_challenge,down,1,,,,
1788170172295,watch1,96,74,22,22,playing,watch3,attack_challenge,,watch4,False,10,c,1788170171346,,,0,attack_challenge,down,0,,,20260831_185316,2
1788170172295,watch2,78,79,-1,1,playing,watch3,attack_challenge,,watch4,False,10,c,1788170171378,,,0,attack_challenge,down,1,,,20260831_185316,2
1788170172295,watch3,89,82,7,7,playing,watch3,attack_challenge,,watch4,False,10,c,1788170171673,,,0,attack_challenge,down,1,,,20260831_185316,2
1788170172295,watch4,93,89,4,4,playing,watch3,attack_challenge,,watch4,True,10,c,1788170171673,,,0,attack_challenge,down,2,,,20260831_185316,2
1788170173161,watch3,88,82,6,6,playing,watch3,attack_challenge,,watch3,True,10,c,1788170173161,,,0,attack_challenge,up,1,,,,
1788170173344,watch1,98,74,24,24,playing,watch3,attack_challenge,,,False,,,1788170173344,,,,,,0,,,,
1788170173402,watch2,79,79,0,0,playing,watch3,attack_challenge,,watch2,True,10,c,1788170173402,,,0,attack_challenge,down,1,,,,
1788170173767,watch1,98,74,24,24,playing,watch3,attack_challenge,,watch4,False,10,c,1788170173344,,,0,attack_challenge,down,0,,,20260831_185316,2
1788170173767,watch2,79,79,0,0,playing,watch3,attack_challenge,,watch4,False,10,c,1788170173402,,,0,attack_challenge,down,1,,,20260831_185316,2
1788170173767,watch3,88,82,6,6,playing,watch3,attack_challenge,,watch4,False,10,c,1788170173161,,,0,attack_challenge,down,1,,,20260831_185316,2
1788170173767,watch4,93,89,4,4,playing,watch3,attack_challenge,,watch4,True,10,c,1788170172766,,,0,attack_challenge,down,2,,,20260831_185316,2
1788170174170,watch3,89,82,7,7,playing,watch4,attack_challenge,,watch3,True,10,c,1788170174170,,,0,attack_challenge,up,1,,,,
1788170175162,watch3,90,82,8,8,playing,watch4,attack_challenge,,watch3,True,10,c,1788170175162,,,0,attack_challenge,up,1,,,,
1788170175372,watch1,99,74,25,25,playing,watch4,attack_challenge,,watch1,True,10,c,1788170175372,,,0,attack_challenge,up,0,,,,
1788170175401,watch2,81,79,2,2,playing,watch4,attack_challenge,,watch2,True,10,c,1788170175401,,,0,attack_challenge,down,1,,,,
1788170177578,watch1,99,74,25,25,playing,watch4,attack_challenge,,watch1,True,10,c,1788170175372,,,0,attack_challenge,up,0,,,20260831_185316,2
1788170177578,watch2,81,79,2,2,playing,watch4,attack_challenge,,watch1,False,10,c,1788170175401,,,0,attack_challenge,up,1,,,20260831_185316,2
1788170177578,watch3,90,82,8,8,playing,watch4,attack_challenge,,watch1,False,10,c,1788170175162,,,0,attack_challenge,up,1,,,20260831_185316,2
1788170177578,watch4,93,89,4,4,playing,watch4,attack_challenge,,watch1,False,10,c,1788170176092,,,0,attack_challenge,up,2,,,20260831_185316,2
1788170177545,watch2,82,79,3,3,playing,watch4,attack_challenge,,watch2,True,10,c,1788170177545,,,0,attack_challenge,down,1,,,,
1788170177544,watch4,97,89,8,8,playing,watch4,attack_challenge,,watch4,True,10,c,1788170177544,,,0,attack_challenge,down,2,,,,
1788170177547,watch1,100,74,26,26,playing,watch4,attack_challenge,,watch1,True,10,c,1788170177547,,,0,attack_challenge,up,0,,,,
1788170177512,watch3,91,82,9,9,playing,watch4,attack_challenge,,watch3,True,10,c,1788170177512,,,0,attack_challenge,up,1,,,,
1788170178254,watch3,92,82,10,10,playing,watch4,attack_challenge,,watch3,True,10,c,1788170178254,,,0,attack_challenge,up,1,,,,
1788170178415,watch1,101,74,27,27,playing,watch4,attack_challenge,,watch1,True,10,c,1788170178415,,,0,attack_challenge,up,0,,,,
1788170178903,watch1,101,74,27,27,playing,watch4,attack_challenge,,watch1,True,10,c,1788170178415,,,0,attack_challenge,up,0,,,20260831_185316,2
1788170178903,watch2,81,79,2,2,playing,watch4,attack_challenge,,watch1,False,10,c,1788170175401,,,0,attack_challenge,up,1,,,20260831_185316,2
1788170178903,watch3,92,82,10,10,playing,watch4,attack_challenge,,watch1,False,10,c,1788170178254,,,0,attack_challenge,up,1,,,20260831_185316,2
1788170178903,watch4,93,89,4,4,playing,watch4,attack_challenge,,watch1,False,10,c,1788170176092,,,0,attack_challenge,up,2,,,20260831_185316,2
1788170179185,watch3,95,82,13,13,playing,watch4,attack_challenge,,watch3,True,10,c,1788170179185,,,0,attack_challenge,up,1,,,,
1788170179253,watch4,92,89,3,3,playing,watch4,attack_challenge,,watch4,True,10,c,1788170179253,,,0,attack_challenge,down,2,,,,
1788170180132,watch1,101,74,27,27,playing,watch4,attack_challenge,,watch1,True,10,c,1788170179538,,,0,attack_challenge,up,0,,,20260831_185316,2
1788170180132,watch2,82,79,3,3,playing,watch4,attack_challenge,,watch1,False,10,c,1788170179538,,,0,attack_challenge,up,1,,,20260831_185316,2
1788170180132,watch3,95,82,13,13,playing,watch4,attack_challenge,,watch1,False,10,c,1788170179185,,,0,attack_challenge,up,1,,,20260831_185316,2
1788170180132,watch4,92,89,3,3,playing,watch4,attack_challenge,,watch1,False,10,c,1788170179253,,,0,attack_challenge,up,2,,,20260831_185316,2
1788170180196,watch3,96,82,14,14,playing,watch4,attack_challenge,,watch3,True,10,c,1788170180196,,,0,attack_challenge,up,1,,,,
1788170180410,watch1,102,74,28,28,playing,watch4,attack_challenge,,watch1,True,10,c,1788170180410,,,0,attack_challenge,up,0,,,,
1788170181185,watch3,94,82,12,12,playing,watch4,attack_challenge,,watch3,True,10,c,1788170181185,,,0,attack_challenge,up,1,,,,
1788170181242,watch4,94,89,5,5,playing,watch4,attack_challenge,,watch4,True,10,c,1788170181242,,,0,attack_challenge,down,2,,,,
1788170181482,watch2,80,79,1,1,playing,watch4,attack_challenge,,watch2,True,10,c,1788170181482,,,0,attack_challenge,down,1,,,,
1788170182222,watch4,99,89,10,10,playing,watch4,attack_challenge,,watch4,True,10,c,1788170182222,,,0,attack_challenge,down,2,,,,
1788170182426,watch1,96,74,22,22,playing,watch4,attack_challenge,,watch1,True,10,c,1788170182426,,,0,attack_challenge,up,0,,,,
1788170182800,watch1,96,74,22,22,playing,watch4,attack_challenge,,watch1,True,10,c,1788170182426,,,0,attack_challenge,up,0,,,20260831_185316,2
1788170182800,watch2,80,79,1,1,playing,watch4,attack_challenge,,watch1,False,10,c,1788170181482,,,0,attack_challenge,up,1,,,20260831_185316,2
1788170182800,watch3,94,82,12,12,playing,watch4,attack_challenge,,watch1,False,10,c,1788170181185,,,0,attack_challenge,up,1,,,20260831_185316,2
1788170182800,watch4,99,89,10,10,playing,watch4,attack_challenge,,watch1,False,10,c,1788170182222,,,0,attack_challenge,up,2,,,20260831_185316,2
1788170183200,watch3,93,82,11,11,playing,watch4,attack_challenge,,watch3,True,10,c,1788170183200,,,0,attack_challenge,up,1,,,,
1788170183234,watch4,101,89,12,12,playing,watch4,attack_challenge,,watch4,True,10,c,1788170183234,,,0,attack_challenge,down,2,,,,
1788170184247,watch4,102,89,13,13,playing,watch1,attack_challenge,,watch4,True,10,c,1788170184247,,,0,attack_challenge,down,2,,,,
1788170184203,watch3,94,82,12,12,playing,watch1,attack_challenge,,watch3,True,10,c,1788170184203,,,0,attack_challenge,up,1,,,,
1788170184460,watch1,97,74,23,23,playing,watch2,attack_challenge,,watch1,True,10,c,1788170184460,,,0,attack_challenge,up,0,,,,
1788170185197,watch3,93,82,11,11,playing,watch2,attack_challenge,,watch3,True,10,c,1788170185197,,,0,attack_challenge,up,1,,,,
1788170185658,watch1,97,74,23,23,playing,watch2,attack_challenge,,watch3,False,10,c,1788170184460,,,0,attack_challenge,up,0,,,20260831_185316,2
1788170185658,watch2,80,79,1,1,playing,watch2,attack_challenge,,watch3,False,10,c,1788170185047,,,0,attack_challenge,up,1,,,20260831_185316,2
1788170185658,watch3,93,82,11,11,playing,watch2,attack_challenge,,watch3,True,10,c,1788170185197,,,0,attack_challenge,up,1,,,20260831_185316,2
1788170185658,watch4,102,89,13,13,playing,watch2,attack_challenge,,watch3,False,10,c,1788170184247,,,0,attack_challenge,up,2,,,20260831_185316,2
1788170186439,watch2,81,79,2,2,playing,watch2,attack_challenge,,watch2,True,10,c,1788170186439,,,0,attack_challenge,down,1,,,,
1788170186477,watch1,91,74,17,17,playing,watch2,attack_challenge,,watch1,True,10,c,1788170186477,,,0,attack_challenge,up,0,,,,
1788170186915,watch1,91,74,17,17,playing,watch2,attack_challenge,,watch3,False,10,c,1788170186477,,,0,attack_challenge,up,0,,,20260831_185316,2
1788170186915,watch2,81,79,2,2,playing,watch2,attack_challenge,,watch3,False,10,c,1788170186439,,,0,attack_challenge,up,1,,,20260831_185316,2
1788170186915,watch3,93,82,11,11,playing,watch2,attack_challenge,,watch3,True,10,c,1788170185197,,,0,attack_challenge,up,1,,,20260831_185316,2
1788170186915,watch4,102,89,13,13,playing,watch2,attack_challenge,,watch3,False,10,c,1788170186085,,,0,attack_challenge,up,2,,,20260831_185316,2
1788170188161,watch1,91,74,17,17,playing,watch2,attack_challenge,,watch3,False,10,c,1788170186477,,,0,attack_challenge,up,0,,,20260831_185316,2
1788170188161,watch2,81,79,2,2,playing,watch2,attack_challenge,,watch3,False,10,c,1788170186439,,,0,attack_challenge,up,1,,,20260831_185316,2
1788170188161,watch3,93,82,11,11,playing,watch2,attack_challenge,,watch3,True,10,c,1788170187191,,,0,attack_challenge,up,1,,,20260831_185316,2
1788170188161,watch4,102,89,13,13,playing,watch2,attack_challenge,,watch3,False,10,c,1788170187191,,,0,attack_challenge,up,2,,,20260831_185316,2
1788170188456,watch2,82,79,3,3,playing,watch2,attack_challenge,,watch2,True,10,c,1788170188456,,,0,attack_challenge,down,1,,,,
1788170188491,watch1,87,74,13,13,playing,watch2,attack_challenge,,watch1,True,10,c,1788170188491,,,0,attack_challenge,up,0,,,,
1788170189204,watch3,92,82,10,10,playing,watch2,attack_challenge,,watch3,True,10,c,1788170189204,,,0,attack_challenge,up,1,,,,
1788170189270,watch4,101,89,12,12,playing,watch2,attack_challenge,,watch4,True,10,c,1788170189270,,,0,attack_challenge,down,2,,,,
1788170190221,watch3,90,82,8,8,playing,watch2,attack_challenge,,watch3,True,10,c,1788170190221,,,0,attack_challenge,up,1,,,,
1788170190476,watch2,80,79,1,1,playing,watch2,attack_challenge,,watch2,True,10,c,1788170190476,,,0,attack_challenge,down,1,,,,
1788170190506,watch1,85,74,11,11,playing,watch2,attack_challenge,,watch1,True,10,c,1788170190506,,,0,attack_challenge,up,0,,,,
1788170191037,watch1,87,74,13,13,playing,watch2,attack_challenge,,watch3,False,10,c,1788170190578,,,0,attack_challenge,up,0,,,20260831_185316,2
1788170191037,watch2,82,79,3,3,playing,watch2,attack_challenge,,watch3,False,10,c,1788170190578,,,0,attack_challenge,up,1,,,20260831_185316,2
1788170191037,watch3,90,82,8,8,playing,watch2,attack_challenge,,watch3,True,10,c,1788170190221,,,0,attack_challenge,up,1,,,20260831_185316,2
1788170191037,watch4,101,89,12,12,playing,watch2,attack_challenge,,watch3,False,10,c,1788170190578,,,0,attack_challenge,up,2,,,20260831_185316,2
1788170191245,watch4,96,89,7,7,playing,watch2,attack_challenge,,watch4,True,10,c,1788170191245,,,0,attack_challenge,down,2,,,,
1788170192353,watch1,85,74,11,11,playing,watch3,attack_challenge,,watch4,False,10,c,1788170191741,,,0,attack_challenge,down,0,,,20260831_185316,2
1788170192353,watch2,80,79,1,1,playing,watch3,attack_challenge,,watch4,False,10,c,1788170191741,,,0,attack_challenge,down,1,,,20260831_185316,2
1788170192353,watch3,89,82,7,7,playing,watch3,attack_challenge,,watch4,False,10,c,1788170192234,,,0,attack_challenge,down,1,,,20260831_185316,2
1788170192353,watch4,96,89,7,7,playing,watch3,attack_challenge,,watch4,True,10,c,1788170191245,,,0,attack_challenge,down,2,,,20260831_185316,2
1788170192483,watch2,78,79,-1,1,playing,watch3,attack_challenge,,watch2,True,10,c,1788170192483,,,0,attack_challenge,down,1,,,,
1788170192491,watch1,82,74,8,8,playing,watch3,attack_challenge,,watch1,True,10,c,1788170192491,,,0,attack_challenge,up,0,,,,
1788170193237,watch3,88,82,6,6,playing,watch3,attack_challenge,,watch3,True,10,c,1788170193237,,,0,attack_challenge,up,1,,,,
1788170193675,watch1,82,74,8,8,playing,watch3,attack_challenge,,watch4,False,10,c,1788170192841,,,0,attack_challenge,down,0,,,20260831_185316,2
1788170193675,watch2,80,79,1,1,playing,watch3,attack_challenge,,watch4,False,10,c,1788170191741,,,0,attack_challenge,down,1,,,20260831_185316,2
1788170193675,watch3,88,82,6,6,playing,watch3,attack_challenge,,watch4,False,10,c,1788170193237,,,0,attack_challenge,down,1,,,20260831_185316,2
1788170193675,watch4,96,89,7,7,playing,watch3,attack_challenge,,watch4,True,10,c,1788170192841,,,0,attack_challenge,down,2,,,20260831_185316,2
1788170194241,watch3,87,82,5,5,playing,watch3,attack_challenge,,watch3,True,10,c,1788170194241,,,0,attack_challenge,up,1,,,,
1788170194490,watch1,79,74,5,5,playing,watch3,attack_challenge,,watch1,True,10,c,1788170194490,,,0,attack_challenge,up,0,,,,
1788170194522,watch2,76,79,-3,3,playing,watch3,attack_challenge,,watch2,True,10,c,1788170194522,,,0,attack_challenge,down,1,,,,
1788170194956,watch1,79,74,5,5,playing,watch3,attack_challenge,,watch4,False,10,c,1788170194490,,,0,attack_challenge,down,0,,,20260831_185316,2
1788170194956,watch2,76,79,-3,3,playing,watch3,attack_challenge,,watch4,False,10,c,1788170194522,,,0,attack_challenge,down,1,,,20260831_185316,2
1788170194956,watch3,87,82,5,5,playing,watch3,attack_challenge,,watch4,False,10,c,1788170194241,,,0,attack_challenge,down,1,,,20260831_185316,2
1788170194956,watch4,96,89,7,7,playing,watch3,attack_challenge,,watch4,True,10,c,1788170193986,,,0,attack_challenge,down,2,,,20260831_185316,2
1788170196400,watch1,79,74,5,5,playing,watch1,attack_challenge,,watch2,False,10,c,1788170196128,,,0,attack_challenge,up,0,,,20260831_185316,2
1788170196400,watch2,76,79,-3,3,playing,watch1,attack_challenge,,watch2,True,10,c,1788170196128,,,0,attack_challenge,up,1,,,20260831_185316,2
1788170196400,watch3,86,82,4,4,playing,watch1,attack_challenge,,watch2,False,10,c,1788170196307,,,0,attack_challenge,up,1,,,20260831_185316,2
1788170196400,watch4,96,89,7,7,playing,watch1,attack_challenge,,watch2,False,10,c,1788170196128,,,0,attack_challenge,up,2,,,20260831_185316,2
1788170196307,watch3,86,82,4,4,playing,watch1,attack_challenge,,watch3,True,10,c,1788170196307,,,0,attack_challenge,up,1,,,,
1788170196307,watch4,95,89,6,6,playing,watch1,attack_challenge,,watch4,True,10,c,1788170196307,,,0,attack_challenge,down,2,,,,
1788170196952,watch2,75,79,-4,4,playing,watch1,attack_challenge,,watch2,True,10,c,1788170196952,,,0,attack_challenge,up,1,,,,
1788170196952,watch1,78,74,4,4,playing,watch1,attack_challenge,,watch1,True,10,c,1788170196952,,,0,attack_challenge,up,0,,,,
1788170197304,watch3,87,82,5,5,playing,watch1,attack_challenge,,watch3,True,10,c,1788170197304,,,0,attack_challenge,up,1,,,,
1788170197335,watch4,96,89,7,7,playing,watch1,attack_challenge,,watch4,True,10,c,1788170197335,,,0,attack_challenge,down,2,,,,
1788170198168,watch1,78,74,4,4,playing,watch1,attack_challenge,,watch2,False,10,c,1788170197431,,,0,attack_challenge,up,0,,,20260831_185316,2
1788170198168,watch2,75,79,-4,4,playing,watch1,attack_challenge,,watch2,True,10,c,1788170196952,,,0,attack_challenge,up,1,,,20260831_185316,2
1788170198168,watch3,87,82,5,5,playing,watch1,attack_challenge,,watch2,False,10,c,1788170197431,,,0,attack_challenge,up,1,,,20260831_185316,2
1788170198168,watch4,95,89,6,6,playing,watch1,attack_challenge,,watch2,False,10,c,1788170197431,,,0,attack_challenge,up,2,,,20260831_185316,2
1788170198277,watch3,86,82,4,4,playing,watch1,attack_challenge,,watch3,True,10,c,1788170198277,,,0,attack_challenge,up,1,,,,
1788170198574,watch1,77,74,3,3,playing,watch1,attack_challenge,,watch1,True,10,c,1788170198574,,,0,attack_challenge,up,0,,,,
1788170199252,watch3,85,82,3,3,playing,watch1,attack_challenge,,watch3,True,10,c,1788170199252,,,0,attack_challenge,up,1,,,,
1788170199507,watch1,79,74,5,5,playing,watch1,attack_challenge,,watch1,True,10,c,1788170199507,,,0,attack_challenge,up,0,,,,
1788170201902,watch1,77,74,3,3,playing,watch1,attack_challenge,,watch2,False,10,c,1788170201557,,,0,attack_challenge,up,0,,,20260831_185316,2
1788170201902,watch2,76,79,-3,3,playing,watch1,attack_challenge,,watch2,True,10,c,1788170201531,,,0,attack_challenge,up,1,,,20260831_185316,2
1788170201902,watch3,85,82,3,3,playing,watch1,attack_challenge,,watch2,False,10,c,1788170199252,,,0,attack_challenge,up,1,,,20260831_185316,2
1788170201902,watch4,96,89,7,7,playing,watch1,attack_challenge,,watch2,False,10,c,1788170200122,,,0,attack_challenge,up,2,,,20260831_185316,2
1788170201541,watch4,94,89,5,5,playing,watch1,attack_challenge,,watch4,True,10,c,1788170201541,,,0,attack_challenge,down,2,,,,
1788170201557,watch1,77,74,3,3,playing,watch1,attack_challenge,,watch1,True,10,c,1788170201557,,,0,attack_challenge,up,0,,,,
1788170202302,watch3,84,82,2,2,playing,watch1,attack_challenge,,watch3,True,10,c,1788170202302,,,0,attack_challenge,up,1,,,,
1788170203175,watch1,77,74,3,3,playing,watch1,attack_challenge,,watch2,False,10,c,1788170202615,,,0,attack_challenge,up,0,,,20260831_185316,2
1788170203175,watch2,76,79,-3,3,playing,watch1,attack_challenge,,watch2,True,10,c,1788170202615,,,0,attack_challenge,up,1,,,20260831_185316,2
1788170203175,watch3,84,82,2,2,playing,watch1,attack_challenge,,watch2,False,10,c,1788170202302,,,0,attack_challenge,up,1,,,20260831_185316,2
1788170203175,watch4,94,89,5,5,playing,watch1,attack_challenge,,watch2,False,10,c,1788170202615,,,0,attack_challenge,up,2,,,20260831_185316,2
1788170203547,watch1,78,74,4,4,playing,watch1,attack_challenge,,watch1,True,10,c,1788170203547,,,0,attack_challenge,up,0,,,,
1788170204270,watch3,85,82,3,3,playing,watch1,attack_challenge,,watch3,True,10,c,1788170204270,,,0,attack_challenge,up,1,,,,
1788170204558,watch1,78,74,4,4,playing,watch1,attack_challenge,,watch2,False,10,c,1788170203547,,,0,attack_challenge,up,0,,,20260831_185316,2
1788170204558,watch2,76,79,-3,3,playing,watch1,attack_challenge,,watch2,True,10,c,1788170203720,,,0,attack_challenge,up,1,,,20260831_185316,2
1788170204558,watch3,85,82,3,3,playing,watch1,attack_challenge,,watch2,False,10,c,1788170204270,,,0,attack_challenge,up,1,,,20260831_185316,2
1788170204558,watch4,94,89,5,5,playing,watch1,attack_challenge,,watch2,False,10,c,1788170203720,,,0,attack_challenge,up,2,,,20260831_185316,2
1788170205320,watch4,97,89,8,8,playing,watch1,attack_challenge,,watch4,True,10,c,1788170205320,,,0,attack_challenge,down,2,,,,
1788170205559,watch2,78,79,-1,1,playing,watch1,attack_challenge,,watch2,True,10,c,1788170205559,,,0,attack_challenge,up,1,,,,
1788170205599,watch1,76,74,2,2,playing,watch1,attack_challenge,,watch1,True,10,c,1788170205599,,,0,attack_challenge,up,0,,,,
1788170206271,watch3,86,82,4,4,playing,watch1,attack_challenge,,watch3,True,10,c,1788170206271,,,0,attack_challenge,up,1,,,,
1788170206335,watch4,103,89,14,14,playing,watch1,attack_challenge,,watch4,True,10,c,1788170206335,,,0,attack_challenge,down,2,,,,
1788170207195,watch1,76,74,2,2,playing,watch1,attack_challenge,,watch2,False,10,c,1788170207066,,,0,attack_challenge,up,0,,,20260831_185316,2
1788170207195,watch2,78,79,-1,1,playing,watch1,attack_challenge,,watch2,True,10,c,1788170207066,,,0,attack_challenge,up,1,,,20260831_185316,2
1788170207195,watch3,86,82,4,4,playing,watch1,attack_challenge,,watch2,False,10,c,1788170206271,,,0,attack_challenge,up,1,,,20260831_185316,2
1788170207195,watch4,103,89,14,14,playing,watch1,attack_challenge,,watch2,False,10,c,1788170206335,,,0,attack_challenge,up,2,,,20260831_185316,2
1788170207325,watch4,104,89,15,15,playing,watch1,attack_challenge,,watch4,True,10,c,1788170207325,,,0,attack_challenge,down,2,,,,
1788170207592,watch1,75,74,1,1,playing,watch1,attack_challenge,,watch1,True,10,c,1788170207592,,,0,attack_challenge,up,0,,,,
1788170207635,watch2,81,79,2,2,playing,watch1,attack_challenge,,watch2,True,10,c,1788170207635,,,0,attack_challenge,up,1,,,,
1788170208635,watch3,88,82,6,6,playing,watch1,attack_challenge,,watch3,True,10,c,1788170208635,,,0,attack_challenge,up,1,,,,
1788170209065,watch1,75,74,1,1,playing,watch2,attack_challenge,,watch2,False,10,c,1788170207592,,,0,attack_challenge,up,0,,,20260831_185316,2
1788170209065,watch2,81,79,2,2,playing,watch2,attack_challenge,,watch2,True,10,c,1788170207635,,,0,attack_challenge,up,1,,,20260831_185316,2
1788170209065,watch3,88,82,6,6,playing,watch2,attack_challenge,,watch2,False,10,c,1788170208635,,,0,attack_challenge,up,1,,,20260831_185316,2
1788170209065,watch4,104,89,15,15,playing,watch2,attack_challenge,,watch2,False,10,c,1788170207325,,,0,attack_challenge,up,2,,,20260831_185316,2
1788170209642,watch1,74,74,0,0,playing,watch2,attack_challenge,,watch1,True,10,c,1788170209642,,,0,attack_challenge,up,0,,,,
1788170209595,watch2,83,79,4,4,playing,watch2,attack_challenge,,watch2,True,10,c,1788170209595,,,0,attack_challenge,up,1,,,,
1788170210409,watch1,75,74,1,1,playing,watch2,attack_challenge,,watch3,False,10,c,1788170209634,,,0,attack_challenge,down,0,,,20260831_185316,2
1788170210409,watch2,81,79,2,2,playing,watch2,attack_challenge,,watch3,False,10,c,1788170209634,,,0,attack_challenge,down,1,,,20260831_185316,2
1788170210409,watch3,87,82,5,5,playing,watch2,attack_challenge,,watch3,True,10,c,1788170210284,,,0,attack_challenge,down,1,,,20260831_185316,2
1788170210409,watch4,104,89,15,15,playing,watch2,attack_challenge,,watch3,False,10,c,1788170209634,,,0,attack_challenge,down,2,,,20260831_185316,2
1788170211637,watch1,75,74,1,1,playing,watch2,attack_challenge,,watch1,True,10,c,1788170211637,,,0,attack_challenge,up,0,,,,
1788170211915,watch1,75,74,1,1,playing,watch2,attack_challenge,,watch3,False,10,c,1788170211637,,,0,attack_challenge,down,0,,,20260831_185316,2
1788170211915,watch2,83,79,4,4,playing,watch2,attack_challenge,,watch3,False,10,c,1788170211111,,,0,attack_challenge,down,1,,,20260831_185316,2
1788170211915,watch3,87,82,5,5,playing,watch2,attack_challenge,,watch3,True,10,c,1788170210284,,,0,attack_challenge,down,1,,,20260831_185316,2
1788170211915,watch4,104,89,15,15,playing,watch2,attack_challenge,,watch3,False,10,c,1788170211111,,,0,attack_challenge,down,2,,,20260831_185316,2
1788170212313,watch3,86,82,4,4,playing,watch2,attack_challenge,,watch3,True,10,c,1788170212313,,,0,attack_challenge,down,1,,,,
1788170212345,watch4,103,89,14,14,playing,watch2,attack_challenge,,watch4,True,10,c,1788170212345,,,0,attack_challenge,down,2,,,,
1788170213126,watch1,75,74,1,1,playing,watch2,attack_challenge,,watch3,False,10,c,1788170211637,,,0,attack_challenge,down,0,,,20260831_185316,2
1788170213126,watch2,83,79,4,4,playing,watch2,attack_challenge,,watch3,False,10,c,1788170212213,,,0,attack_challenge,down,1,,,20260831_185316,2
1788170213126,watch3,86,82,4,4,playing,watch2,attack_challenge,,watch3,True,10,c,1788170212313,,,0,attack_challenge,down,1,,,20260831_185316,2
1788170213126,watch4,103,89,14,14,playing,watch2,attack_challenge,,watch3,False,10,c,1788170212345,,,0,attack_challenge,down,2,,,20260831_185316,2
1788170213645,watch1,76,74,2,2,playing,watch2,attack_challenge,,watch1,True,10,c,1788170213645,,,0,attack_challenge,up,0,,,,
1788170214415,watch1,76,74,2,2,playing,watch2,attack_challenge,,watch3,False,10,c,1788170213645,,,0,attack_challenge,down,0,,,20260831_185316,2
1788170214415,watch2,83,79,4,4,playing,watch2,attack_challenge,,watch3,False,10,c,1788170213313,,,0,attack_challenge,down,1,,,20260831_185316,2
1788170214415,watch3,86,82,4,4,playing,watch2,attack_challenge,,watch3,True,10,c,1788170213313,,,0,attack_challenge,down,1,,,20260831_185316,2
1788170214415,watch4,103,89,14,14,playing,watch2,attack_challenge,,watch3,False,10,c,1788170212345,,,0,attack_challenge,down,2,,,20260831_185316,2
1788170215304,watch3,88,82,6,6,playing,watch2,attack_challenge,,watch3,True,10,c,1788170215304,,,0,attack_challenge,down,1,,,,
1788170215771,watch1,76,74,2,2,playing,watch2,attack_challenge,,watch3,False,10,c,1788170215622,,,0,attack_challenge,down,0,,,20260831_185316,2
1788170215771,watch2,83,79,4,4,playing,watch2,attack_challenge,,watch3,False,10,c,1788170214416,,,0,attack_challenge,down,1,,,20260831_185316,2
1788170215771,watch3,88,82,6,6,playing,watch2,attack_challenge,,watch3,True,10,c,1788170215304,,,0,attack_challenge,down,1,,,20260831_185316,2
1788170215771,watch4,103,89,14,14,playing,watch2,attack_challenge,,watch3,False,10,c,1788170215622,,,0,attack_challenge,down,2,,,20260831_185316,2
1788170215628,watch2,84,79,5,5,playing,watch2,attack_challenge,,watch2,True,10,c,1788170215628,,,0,attack_challenge,up,1,,,,
1788170215770,watch1,78,74,4,4,playing,watch2,attack_challenge,,watch1,True,10,c,1788170215770,,,0,attack_challenge,up,0,,,,
1788170216363,watch4,104,89,15,15,playing,watch2,attack_challenge,,watch4,True,10,c,1788170216363,,,0,attack_challenge,down,2,,,,
1788170217069,watch1,78,74,4,4,playing,watch2,attack_challenge,,watch3,False,10,c,1788170216882,,,0,attack_challenge,down,0,,,20260831_185316,2
1788170217069,watch2,84,79,5,5,playing,watch2,attack_challenge,,watch3,False,10,c,1788170216882,,,0,attack_challenge,down,1,,,20260831_185316,2
1788170217069,watch3,88,82,6,6,playing,watch2,attack_challenge,,watch3,True,10,c,1788170216882,,,0,attack_challenge,down,1,,,20260831_185316,2
1788170217069,watch4,104,89,15,15,playing,watch2,attack_challenge,,watch3,False,10,c,1788170216363,,,0,attack_challenge,down,2,,,20260831_185316,2
1788170217310,watch3,89,82,7,7,playing,watch2,attack_challenge,,watch3,True,10,c,1788170217310,,,0,attack_challenge,down,1,,,,
1788170217478,watch4,105,89,16,16,playing,watch2,attack_challenge,,watch4,True,10,c,1788170217478,,,0,attack_challenge,down,2,,,,
1788170217725,watch1,79,74,5,5,playing,watch2,attack_challenge,,watch1,True,10,c,1788170217725,,,0,attack_challenge,up,0,,,,
1788170217724,watch2,85,79,6,6,playing,watch2,attack_challenge,,watch2,True,10,c,1788170217724,,,0,attack_challenge,up,1,,,,
1788170218438,watch1,79,74,5,5,playing,watch3,attack_challenge,,watch3,False,10,c,1788170217725,,,0,,,0,,,20260831_185316,2
1788170218438,watch2,85,79,6,6,playing,watch3,attack_challenge,,watch3,False,10,c,1788170217724,,,0,,,1,,,20260831_185316,2
1788170218438,watch3,90,82,8,8,playing,watch3,attack_challenge,,watch3,True,10,c,1788170218309,,,0,,,1,,,20260831_185316,2
1788170218438,watch4,105,89,16,16,playing,watch3,attack_challenge,,watch3,False,10,c,1788170217478,,,0,,,2,,,20260831_185316,2
1788170218716,watch1,80,74,6,6,playing,watch3,attack_challenge,,watch1,True,10,c,1788170218716,,,0,attack_challenge,up,0,,,,
1788170219643,watch2,84,79,5,5,playing,watch3,attack_challenge,,watch2,True,10,c,1788170219643,,,0,attack_challenge,up,1,,,,
1788170220009,watch1,80,74,6,6,playing,watch3,attack_challenge,,watch4,False,10,c,1788170218716,,,0,attack_challenge,up,0,,,20260831_185316,2
1788170220009,watch2,84,79,5,5,playing,watch3,attack_challenge,,watch4,False,10,c,1788170219643,,,0,attack_challenge,up,1,,,20260831_185316,2
1788170220009,watch3,90,82,8,8,playing,watch3,attack_challenge,,watch4,False,10,c,1788170218309,,,0,attack_challenge,up,1,,,20260831_185316,2
1788170220009,watch4,105,89,16,16,playing,watch3,attack_challenge,,watch4,True,10,c,1788170219124,,,0,attack_challenge,up,2,,,20260831_185316,2
1788170220314,watch3,98,82,16,16,playing,watch3,attack_challenge,,watch3,True,10,c,1788170220314,,,0,,,1,,,,
1788170221223,watch1,80,74,6,6,playing,watch3,attack_challenge,,watch4,False,10,c,1788170220194,,,0,attack_challenge,up,0,,,20260831_185316,2
1788170221223,watch2,84,79,5,5,playing,watch3,attack_challenge,,watch4,False,10,c,1788170219643,,,0,attack_challenge,up,1,,,20260831_185316,2
1788170221223,watch3,98,82,16,16,playing,watch3,attack_challenge,,watch4,False,10,c,1788170220314,,,0,attack_challenge,up,1,,,20260831_185316,2
1788170221223,watch4,105,89,16,16,playing,watch3,attack_challenge,,watch4,True,10,c,1788170220194,,,0,attack_challenge,up,2,,,20260831_185316,2
1788170221375,watch3,93,82,11,11,playing,watch3,attack_challenge,,watch3,True,10,c,1788170221375,,,0,,,1,,,,
1788170221652,watch2,80,79,1,1,playing,watch3,attack_challenge,,watch2,True,10,c,1788170221652,,,0,attack_challenge,up,1,,,,
1788170222340,watch3,99,82,17,17,playing,watch3,attack_challenge,,watch3,True,10,c,1788170222340,,,0,,,1,,,,
1788170222667,watch1,80,74,6,6,playing,watch3,attack_challenge,,watch4,False,10,c,1788170221302,,,0,attack_challenge,up,0,,,20260831_185316,2
1788170222667,watch2,80,79,1,1,playing,watch3,attack_challenge,,watch4,False,10,c,1788170221652,,,0,attack_challenge,up,1,,,20260831_185316,2
1788170222667,watch3,99,82,17,17,playing,watch3,attack_challenge,,watch4,False,10,c,1788170222340,,,0,attack_challenge,up,1,,,20260831_185316,2
1788170222667,watch4,104,89,15,15,playing,watch3,attack_challenge,,watch4,True,10,c,1788170222421,,,0,attack_challenge,up,2,,,20260831_185316,2
1788170222421,watch4,104,89,15,15,playing,watch3,attack_challenge,,watch4,True,10,c,1788170222421,,,0,attack_challenge,up,2,,,,
1788170222803,watch1,81,74,7,7,playing,watch3,attack_challenge,,watch1,True,10,c,1788170222803,,,0,attack_challenge,up,0,,,,
1788170223378,watch4,101,89,12,12,playing,watch3,attack_challenge,,watch4,True,10,c,1788170223378,,,0,attack_challenge,up,2,,,,
1788170223672,watch2,79,79,0,0,playing,watch3,attack_challenge,,watch2,True,10,c,1788170223672,,,0,attack_challenge,up,1,,,,
1788170224102,watch1,81,74,7,7,playing,watch4,attack_challenge,,watch1,True,10,c,1788170223845,,,0,attack_challenge,down,0,,,20260831_185316,2
1788170224102,watch2,79,79,0,0,playing,watch4,attack_challenge,,watch1,False,10,c,1788170223672,,,0,attack_challenge,down,1,,,20260831_185316,2
1788170224102,watch3,99,82,17,17,playing,watch4,attack_challenge,,watch1,False,10,c,1788170223845,,,0,attack_challenge,down,1,,,20260831_185316,2
1788170224102,watch4,101,89,12,12,playing,watch4,attack_challenge,,watch1,False,10,c,1788170223378,,,0,attack_challenge,down,2,,,20260831_185316,2
1788170224334,watch3,101,82,19,19,playing,watch4,attack_challenge,,watch3,True,10,c,1788170224334,,,0,,,1,,,,
1788170224399,watch4,98,89,9,9,playing,watch4,attack_challenge,,watch4,True,10,c,1788170224399,,,0,attack_challenge,up,2,,,,
1788170224762,watch1,84,74,10,10,playing,watch4,attack_challenge,,watch1,True,10,c,1788170224762,,,0,attack_challenge,down,0,,,,
1788170225342,watch3,100,82,18,18,playing,watch4,attack_challenge,,watch3,True,10,c,1788170225342,,,0,,,1,,,,
1788170225430,watch4,97,89,8,8,playing,watch4,attack_challenge,,watch4,True,10,c,1788170225430,,,0,attack_challenge,up,2,,,,
1788170225681,watch2,80,79,1,1,playing,watch4,attack_challenge,,watch2,True,10,c,1788170225681,,,0,attack_challenge,up,1,,,,
1788170226347,watch3,102,82,20,20,playing,watch4,attack_challenge,,watch3,True,10,c,1788170226347,,,0,,,1,,,,
1788170226570,watch4,95,89,6,6,playing,watch4,attack_challenge,,watch4,True,10,c,1788170226570,,,0,attack_challenge,up,2,,,,
1788170226821,watch1,86,74,12,12,playing,watch4,attack_challenge,,watch1,True,10,c,1788170226821,,,0,attack_challenge,down,0,,,,
1788170227345,watch3,106,82,24,24,playing,watch4,attack_challenge,,watch3,True,10,c,1788170227345,,,0,,,1,,,,
1788170227937,watch1,86,74,12,12,playing,watch4,attack_challenge,,watch1,True,10,c,1788170226821,,,0,attack_challenge,down,0,,,20260831_185316,2
1788170227937,watch2,80,79,1,1,playing,watch4,attack_challenge,,watch1,False,10,c,1788170227147,,,0,attack_challenge,down,1,,,20260831_185316,2
1788170227937,watch3,106,82,24,24,playing,watch4,attack_challenge,,watch1,False,10,c,1788170227345,,,0,attack_challenge,down,1,,,20260831_185316,2
1788170227937,watch4,95,89,6,6,playing,watch4,attack_challenge,,watch1,False,10,c,1788170226570,,,0,attack_challenge,down,2,,,20260831_185316,2
1788170228688,watch2,81,79,2,2,playing,watch4,attack_challenge,,watch2,True,10,c,1788170228688,,,0,attack_challenge,up,1,,,,
1788170228872,watch1,91,74,17,17,playing,watch4,attack_challenge,,watch1,True,10,c,1788170228872,,,0,attack_challenge,down,0,,,,
1788170229191,watch1,91,74,17,17,playing,watch4,attack_challenge,,watch1,True,10,c,1788170228872,,,0,attack_challenge,down,0,,,20260831_185316,2
1788170229191,watch2,81,79,2,2,playing,watch4,attack_challenge,,watch1,False,10,c,1788170228688,,,0,attack_challenge,down,1,,,20260831_185316,2
1788170229191,watch3,106,82,24,24,playing,watch4,attack_challenge,,watch1,False,10,c,1788170227345,,,0,attack_challenge,down,1,,,20260831_185316,2
1788170229191,watch4,95,89,6,6,playing,watch4,attack_challenge,,watch1,False,10,c,1788170228188,,,0,attack_challenge,down,2,,,20260831_185316,2
1788170229416,watch4,96,89,7,7,playing,watch4,attack_challenge,,watch4,True,10,c,1788170229416,,,0,attack_challenge,up,2,,,,
1788170230361,watch3,109,82,27,27,playing,watch4,attack_challenge,,watch3,True,10,c,1788170230361,,,0,,,1,,,,
1788170230748,watch2,80,79,1,1,playing,watch4,attack_challenge,,watch2,True,10,c,1788170230748,,,0,attack_challenge,up,1,,,,
1788170230437,watch4,98,89,9,9,playing,watch4,attack_challenge,,watch4,True,10,c,1788170230437,,,0,attack_challenge,up,2,,,,
1788170230828,watch1,93,74,19,19,playing,watch4,attack_challenge,,watch1,True,10,c,1788170230828,,,0,attack_challenge,down,0,,,,
1788170231414,watch3,118,82,36,36,playing,watch4,attack_challenge,,watch3,True,10,c,1788170231414,,,0,,,1,,,,
1788170231577,watch4,100,89,11,11,playing,watch4,attack_challenge,,watch4,True,10,c,1788170231577,,,0,attack_challenge,up,2,,,,
1788170232062,watch1,91,74,17,17,playing,watch4,attack_challenge,,watch1,True,10,c,1788170230417,,,0,attack_challenge,down,0,,,20260831_185316,2
1788170232062,watch2,81,79,2,2,playing,watch4,attack_challenge,,watch1,False,10,c,1788170230417,,,0,attack_challenge,down,1,,,20260831_185316,2
1788170232062,watch3,118,82,36,36,playing,watch4,attack_challenge,,watch1,False,10,c,1788170231414,,,0,attack_challenge,down,1,,,20260831_185316,2
1788170232062,watch4,100,89,11,11,playing,watch4,attack_challenge,,watch1,False,10,c,1788170231577,,,0,attack_challenge,down,2,,,20260831_185316,2
1788170232454,watch4,101,89,12,12,playing,watch4,attack_challenge,,watch4,True,10,c,1788170232454,,,0,attack_challenge,up,2,,,,
1788170232819,watch1,96,74,22,22,playing,watch4,attack_challenge,,watch1,True,10,c,1788170232819,,,0,attack_challenge,down,0,,,,
1788170233393,watch1,96,74,22,22,playing,watch4,attack_challenge,,watch1,True,10,c,1788170232819,,,0,attack_challenge,down,0,,,20260831_185316,2
1788170233393,watch2,80,79,1,1,playing,watch4,attack_challenge,,watch1,False,10,c,1788170233206,,,0,attack_challenge,down,1,,,20260831_185316,2
1788170233393,watch3,118,82,36,36,playing,watch4,attack_challenge,,watch1,False,10,c,1788170233206,,,0,attack_challenge,down,1,,,20260831_185316,2
1788170233393,watch4,101,89,12,12,playing,watch4,attack_challenge,,watch1,False,10,c,1788170232454,,,0,attack_challenge,down,2,,,20260831_185316,2
1788170233461,watch4,102,89,13,13,playing,watch4,attack_challenge,,watch4,True,10,c,1788170233461,,,0,attack_challenge,up,2,,,,
1788170234385,watch3,119,82,37,37,playing,watch4,attack_challenge,,watch3,True,10,c,1788170234385,,,0,,,1,,,,
1788170234708,watch2,81,79,2,2,playing,watch4,attack_challenge,,watch2,True,10,c,1788170234708,,,0,attack_challenge,up,1,,,,
1788170235008,watch1,98,74,24,24,playing,watch4,attack_challenge,,watch1,True,10,c,1788170235008,,,0,attack_challenge,down,0,,,,
1788170235380,watch3,117,82,35,35,playing,watch4,attack_challenge,,watch3,True,10,c,1788170235380,,,0,,,1,,,,
1788170235483,watch4,100,89,11,11,playing,watch4,attack_challenge,,watch4,True,10,c,1788170235483,,,0,attack_challenge,up,2,,,,
1788170236149,watch1,98,74,24,24,playing,watch4,attack_challenge,,watch1,True,10,c,1788170235008,,,0,attack_challenge,down,0,,,20260831_185316,2
1788170236149,watch2,81,79,2,2,playing,watch4,attack_challenge,,watch1,False,10,c,1788170234708,,,0,attack_challenge,down,1,,,20260831_185316,2
1788170236149,watch3,119,82,37,37,playing,watch4,attack_challenge,,watch1,False,10,c,1788170235385,,,0,attack_challenge,down,1,,,20260831_185316,2
1788170236149,watch4,100,89,11,11,playing,watch4,attack_challenge,,watch1,False,10,c,1788170235483,,,0,attack_challenge,down,2,,,20260831_185316,2
1788170236387,watch3,115,82,33,33,playing,watch4,attack_challenge,,watch3,True,10,c,1788170236387,,,0,,,1,,,,
1788170236616,watch4,99,89,10,10,playing,watch4,attack_challenge,,watch4,True,10,c,1788170236616,,,0,attack_challenge,up,2,,,,
1788170236772,watch2,83,79,4,4,playing,watch4,attack_challenge,,watch2,True,10,c,1788170236772,,,0,attack_challenge,up,1,,,,
1788170236845,watch1,99,74,25,25,playing,watch4,attack_challenge,,watch1,True,10,c,1788170236845,,,0,attack_challenge,down,0,,,,
1788170237470,watch4,98,89,9,9,playing,watch4,attack_challenge,,watch4,True,10,c,1788170237470,,,0,attack_challenge,up,2,,,,
1788170238400,watch3,111,82,29,29,playing,watch4,attack_challenge,,watch3,True,10,c,1788170238400,,,0,,,1,,,,
1788170238593,watch4,96,89,7,7,playing,watch4,attack_challenge,,watch4,True,10,c,1788170238593,,,0,attack_challenge,up,2,,,,
1788170238964,watch1,99,74,25,25,playing,watch4,attack_challenge,,watch1,True,10,c,1788170236845,,,0,attack_challenge,down,0,,,20260831_185316,2
1788170238964,watch2,84,79,5,5,playing,watch4,attack_challenge,,watch1,False,10,c,1788170238861,,,0,attack_challenge,down,1,,,20260831_185316,2
1788170238964,watch3,111,82,29,29,playing,watch4,attack_challenge,,watch1,False,10,c,1788170238400,,,0,attack_challenge,down,1,,,20260831_185316,2
1788170238964,watch4,96,89,7,7,playing,watch4,attack_challenge,,watch1,False,10,c,1788170238593,,,0,attack_challenge,down,2,,,20260831_185316,2
1788170238861,watch1,96,74,22,22,playing,watch4,attack_challenge,,watch1,True,10,c,1788170238861,,,0,attack_challenge,down,0,,,,
1788170238861,watch2,84,79,5,5,playing,watch4,attack_challenge,,watch2,True,10,c,1788170238861,,,0,attack_challenge,up,1,,,,
1788170240728,watch1,96,74,22,22,playing,watch4,attack_challenge,,watch1,True,10,c,1788170240208,,,0,attack_challenge,down,0,,,20260831_185316,2
1788170240728,watch2,83,79,4,4,playing,watch4,attack_challenge,,watch1,False,10,c,1788170238920,,,0,attack_challenge,down,1,,,20260831_185316,2
1788170240728,watch3,108,82,26,26,playing,watch4,attack_challenge,,watch1,False,10,c,1788170240438,,,0,attack_challenge,down,1,,,20260831_185316,2
1788170240728,watch4,96,89,7,7,playing,watch4,attack_challenge,,watch1,False,10,c,1788170238593,,,0,attack_challenge,down,2,,,20260831_185316,2
1788170240175,watch3,109,82,27,27,playing,watch4,attack_challenge,,watch3,True,10,c,1788170240175,,,0,,,1,,,,
1788170240175,watch4,93,89,4,4,playing,watch4,attack_challenge,,watch4,True,10,c,1788170240175,,,0,attack_challenge,up,2,,,,
1788170240180,watch1,95,74,21,21,playing,watch4,attack_challenge,,watch1,True,10,c,1788170240180,,,0,attack_challenge,down,0,,,,
1788170240438,watch3,108,82,26,26,playing,watch4,attack_challenge,,watch3,True,10,c,1788170240438,,,0,,,1,,,,
1788170240625,watch4,91,89,2,2,playing,watch4,attack_challenge,,watch4,True,10,c,1788170240625,,,0,attack_challenge,up,2,,,,
1788170240840,watch2,85,79,6,6,playing,watch1,attack_challenge,,watch2,True,10,c,1788170240840,,,0,attack_challenge,up,1,,,,
1788170241779,watch4,90,89,1,1,playing,watch1,attack_challenge,,watch4,True,10,c,1788170241779,,,0,attack_challenge,up,2,,,,
1788170241969,watch1,93,74,19,19,playing,watch1,attack_challenge,,watch1,True,10,c,1788170241969,,,0,attack_challenge,down,0,,,,
1788170242632,watch4,89,89,0,0,playing,watch1,attack_challenge,,watch4,True,10,c,1788170242632,,,0,attack_challenge,up,2,,,,
1788170243069,watch2,86,79,7,7,playing,watch1,attack_challenge,,watch2,True,10,c,1788170243069,,,0,attack_challenge,up,1,,,,
1788170243429,watch3,110,82,28,28,playing,watch1,attack_challenge,,watch3,True,10,c,1788170243429,,,0,,,1,,,,
1788170243856,watch1,88,74,14,14,playing,watch1,attack_challenge,,watch1,True,10,c,1788170243856,,,0,attack_challenge,down,0,,,,
1788170244192,watch1,93,74,19,19,playing,watch1,attack_challenge,,watch2,False,10,c,1788170243819,,,0,attack_challenge,up,0,,,20260831_185316,2
1788170244192,watch2,86,79,7,7,playing,watch1,attack_challenge,,watch2,True,10,c,1788170243069,,,0,attack_challenge,up,1,,,20260831_185316,2
1788170244192,watch3,110,82,28,28,playing,watch1,attack_challenge,,watch2,False,10,c,1788170243429,,,0,attack_challenge,up,1,,,20260831_185316,2
1788170244192,watch4,89,89,0,0,playing,watch1,attack_challenge,,watch2,False,10,c,1788170243819,,,0,attack_challenge,up,2,,,20260831_185316,2
1788170245526,watch4,91,89,2,2,playing,watch1,attack_challenge,,watch4,True,10,c,1788170245526,,,0,attack_challenge,up,2,,,,
1788170245867,watch1,90,74,16,16,playing,watch1,attack_challenge,,watch1,True,10,c,1788170245867,,,0,attack_challenge,down,0,,,,
1788170246513,watch4,93,89,4,4,playing,watch1,attack_challenge,,watch4,True,10,c,1788170246513,,,0,attack_challenge,up,2,,,,
1788170246858,watch1,90,74,16,16,playing,watch1,attack_challenge,,watch2,False,10,c,1788170245867,,,0,attack_challenge,up,0,,,20260831_185316,2
1788170246858,watch2,86,79,7,7,playing,watch1,attack_challenge,,watch2,True,10,c,1788170246068,,,0,attack_challenge,up,1,,,20260831_185316,2
1788170246858,watch3,110,82,28,28,playing,watch1,attack_challenge,,watch2,False,10,c,1788170246068,,,0,attack_challenge,up,1,,,20260831_185316,2
1788170246858,watch4,93,89,4,4,playing,watch1,attack_challenge,,watch2,False,10,c,1788170246513,,,0,attack_challenge,up,2,,,20260831_185316,2
1788170247530,watch4,94,89,5,5,playing,watch1,attack_challenge,,watch4,True,10,c,1788170247530,,,0,attack_challenge,up,2,,,,
1788170247814,watch2,84,79,5,5,playing,watch1,attack_challenge,,watch2,True,10,c,1788170247814,,,0,attack_challenge,up,1,,,,
1788170247885,watch1,89,74,15,15,playing,watch1,attack_challenge,,watch1,True,10,c,1788170247885,,,0,attack_challenge,down,0,,,,
1788170248537,watch4,93,89,4,4,playing,watch1,attack_challenge,,watch4,True,10,c,1788170248537,,,0,attack_challenge,up,2,,,,
1788170249848,watch1,89,74,15,15,playing,watch3,attack_challenge,,watch3,False,10,c,1788170249381,,,0,,,0,,,20260831_185316,2
1788170249848,watch2,84,79,5,5,playing,watch3,attack_challenge,,watch3,False,10,c,1788170249381,,,0,,,1,,,20260831_185316,2
1788170249848,watch3,108,82,26,26,playing,watch3,attack_challenge,,watch3,True,10,c,1788170249525,,,0,,,1,,,20260831_185316,2
1788170249848,watch4,92,89,3,3,playing,watch3,attack_challenge,,watch3,False,10,c,1788170249671,,,0,,,2,,,20260831_185316,2
1788170249671,watch4,92,89,3,3,playing,watch3,attack_challenge,,watch4,True,10,c,1788170249671,,,0,attack_challenge,up,2,,,,
1788170250062,watch1,88,74,14,14,playing,watch3,attack_challenge,,watch1,True,10,c,1788170250062,,,0,attack_challenge,down,0,,,,
1788170250498,watch3,109,82,27,27,playing,watch3,attack_challenge,,watch3,True,10,c,1788170250498,,,0,,,1,,,,
1788170250567,watch4,90,89,1,1,playing,watch3,attack_challenge,,watch4,True,10,c,1788170250567,,,0,attack_challenge,up,2,,,,
1788170251197,watch1,88,74,14,14,playing,watch3,attack_challenge,,watch4,False,10,c,1788170250062,,,0,attack_challenge,down,0,,,20260831_185316,2
1788170251197,watch2,84,79,5,5,playing,watch3,attack_challenge,,watch4,False,10,c,1788170250604,,,0,attack_challenge,down,1,,,20260831_185316,2
1788170251197,watch3,109,82,27,27,playing,watch3,attack_challenge,,watch4,False,10,c,1788170250498,,,0,attack_challenge,down,1,,,20260831_185316,2
1788170251197,watch4,90,89,1,1,playing,watch3,attack_challenge,,watch4,True,10,c,1788170250567,,,0,attack_challenge,down,2,,,20260831_185316,2
1788170251834,watch2,83,79,4,4,playing,watch3,attack_challenge,,watch2,True,10,c,1788170251834,,,0,attack_challenge,up,1,,,,
1788170251984,watch1,87,74,13,13,playing,watch3,attack_challenge,,watch1,True,10,c,1788170251984,,,0,attack_challenge,down,0,,,,
1788170252603,watch1,87,74,13,13,playing,watch3,attack_challenge,,watch4,False,10,c,1788170251984,,,0,attack_challenge,down,0,,,20260831_185316,2
1788170252603,watch2,84,79,5,5,playing,watch3,attack_challenge,,watch4,False,10,c,1788170251869,,,0,attack_challenge,down,1,,,20260831_185316,2
1788170252603,watch3,110,82,28,28,playing,watch3,attack_challenge,,watch4,False,10,c,1788170252453,,,0,attack_challenge,down,1,,,20260831_185316,2
1788170252603,watch4,90,89,1,1,playing,watch3,attack_challenge,,watch4,True,10,c,1788170251869,,,0,attack_challenge,down,2,,,20260831_185316,2
1788170253879,watch2,84,79,5,5,playing,watch3,attack_challenge,,watch2,True,10,c,1788170253879,,,0,attack_challenge,up,1,,,,
1788170253968,watch1,86,74,12,12,playing,watch3,attack_challenge,,watch1,True,10,c,1788170253968,,,0,attack_challenge,down,0,,,,
1788170254508,watch3,111,82,29,29,playing,watch3,attack_challenge,,watch3,True,10,c,1788170254508,,,0,,,1,,,,
1788170255443,watch3,110,82,28,28,playing,watch3,attack_challenge,,watch3,True,10,c,1788170255443,,,0,,,1,,,,
1788170255832,watch1,86,74,12,12,playing,watch3,attack_challenge,,watch4,False,10,c,1788170253968,,,0,attack_challenge,down,0,,,20260831_185316,2
1788170255832,watch2,84,79,5,5,playing,watch3,attack_challenge,,watch4,False,10,c,1788170253879,,,0,attack_challenge,down,1,,,20260831_185316,2
1788170255832,watch3,110,82,28,28,playing,watch3,attack_challenge,,watch4,False,10,c,1788170255443,,,0,attack_challenge,down,1,,,20260831_185316,2
1788170255832,watch4,90,89,1,1,playing,watch3,attack_challenge,,watch4,True,10,c,1788170255751,,,0,attack_challenge,down,2,,,20260831_185316,2
1788170255974,watch1,83,74,9,9,playing,watch3,attack_challenge,,watch1,True,10,c,1788170255974,,,0,attack_challenge,down,0,,,,
1788170256599,watch4,94,89,5,5,playing,watch3,attack_challenge,,watch4,True,10,c,1788170256599,,,0,attack_challenge,down,2,,,,
1788170257425,watch1,83,74,9,9,playing,watch3,attack_challenge,,watch4,False,10,c,1788170256974,,watch1,1,attack_challenge,down,0,,,20260831_185316,2
1788170257425,watch2,84,79,5,5,playing,watch3,attack_challenge,,watch4,False,10,c,1788170256974,,watch1,1,attack_challenge,down,1,,,20260831_185316,2
1788170257425,watch3,110,82,28,28,playing,watch3,attack_challenge,,watch4,False,10,c,1788170256974,,watch1,1,attack_challenge,down,1,,,20260831_185316,2
1788170257425,watch4,94,89,5,5,playing,watch3,attack_challenge,,watch4,True,10,c,1788170256599,,watch1,1,attack_challenge,down,2,,,20260831_185316,2
1788170257606,watch4,98,89,9,9,playing,watch3,attack_challenge,,watch4,True,10,c,1788170257606,,watch1,1,attack_challenge,down,2,,,,
1788170257881,watch2,83,79,4,4,playing,watch3,attack_challenge,,watch2,True,10,c,1788170257881,,,0,attack_challenge,up,1,,,,
1788170258682,watch1,83,74,9,9,playing,watch3,attack_challenge,,watch4,False,10,c,1788170258201,,watch1,1,attack_challenge,down,0,,,20260831_185316,2
1788170258682,watch2,83,79,4,4,playing,watch3,attack_challenge,,watch4,False,10,c,1788170257881,,watch1,1,attack_challenge,down,1,,,20260831_185316,2
1788170258682,watch3,110,82,28,28,playing,watch3,attack_challenge,,watch4,False,10,c,1788170258201,,watch1,1,attack_challenge,down,1,,,20260831_185316,2
1788170258682,watch4,98,89,9,9,playing,watch3,attack_challenge,,watch4,True,10,c,1788170257606,,watch1,1,attack_challenge,down,2,,,20260831_185316,2
1788170258987,watch1,82,74,8,8,playing,watch3,attack_challenge,,watch1,True,10,c,1788170258987,,,0,attack_challenge,down,0,,,,
1788170259447,watch3,109,82,27,27,playing,watch3,attack_challenge,,watch3,True,10,c,1788170259447,,,0,,,1,,,,
1788170259711,watch4,96,89,7,7,playing,watch3,attack_challenge,,watch4,True,10,c,1788170259711,,watch1,1,attack_challenge,down,2,,,,
1788170260079,watch1,82,74,8,8,playing,watch3,attack_challenge,,watch4,False,10,c,1788170258987,,watch1,1,attack_challenge,down,0,,,20260831_185316,2
1788170260079,watch2,81,79,2,2,playing,watch3,attack_challenge,,watch4,False,10,c,1788170259933,,watch1,1,attack_challenge,down,1,,,20260831_185316,2
1788170260079,watch3,109,82,27,27,playing,watch3,attack_challenge,,watch4,False,10,c,1788170259447,,watch1,1,attack_challenge,down,1,,,20260831_185316,2
1788170260079,watch4,96,89,7,7,playing,watch3,attack_challenge,,watch4,True,10,c,1788170259711,,watch1,1,attack_challenge,down,2,,,20260831_185316,2
1788170260612,watch4,94,89,5,5,playing,watch3,attack_challenge,,watch4,True,10,c,1788170260612,,watch1,1,attack_challenge,down,2,,,,
1788170260995,watch1,81,74,7,7,playing,watch3,attack_challenge,,watch1,True,10,c,1788170260995,,,0,attack_challenge,down,0,,,,
1788170261379,watch1,81,74,7,7,playing,watch3,attack_challenge,,watch4,False,10,c,1788170260995,,watch1,1,attack_challenge,down,0,,,20260831_185316,2
1788170261379,watch2,81,79,2,2,playing,watch3,attack_challenge,,watch4,False,10,c,1788170259933,,watch1,1,attack_challenge,down,1,,,20260831_185316,2
1788170261379,watch3,109,82,27,27,playing,watch3,attack_challenge,,watch4,False,10,c,1788170259447,,watch1,1,attack_challenge,down,1,,,20260831_185316,2
1788170261379,watch4,94,89,5,5,playing,watch3,attack_challenge,,watch4,True,10,c,1788170260612,,watch1,1,attack_challenge,down,2,,,20260831_185316,2
1788170261472,watch3,107,82,25,25,playing,watch3,attack_challenge,,watch3,True,10,c,1788170261472,,,0,,,1,,,,
1788170261687,watch4,93,89,4,4,playing,watch3,attack_challenge,,watch4,True,10,c,1788170261687,,watch1,1,attack_challenge,down,2,,,,
1788170261911,watch2,83,79,4,4,playing,watch3,attack_challenge,,watch2,True,10,c,1788170261911,,,0,attack_challenge,up,1,,,,
1788170262468,watch3,109,82,27,27,playing,watch3,attack_challenge,,watch3,True,10,c,1788170262468,,,0,,,1,,,,
1788170262871,watch1,81,74,7,7,playing,watch3,attack_challenge,,watch4,False,10,c,1788170262687,,watch1,1,attack_challenge,down,0,,,20260831_185316,2
1788170262871,watch2,83,79,4,4,playing,watch3,attack_challenge,,watch4,False,10,c,1788170261911,,watch1,1,attack_challenge,down,1,,,20260831_185316,2
1788170262871,watch3,109,82,27,27,playing,watch3,attack_challenge,,watch4,False,10,c,1788170262468,,watch1,1,attack_challenge,down,1,,,20260831_185316,2
1788170262871,watch4,93,89,4,4,playing,watch3,attack_challenge,,watch4,True,10,c,1788170262687,,watch1,1,attack_challenge,down,2,,,20260831_185316,2
1788170263028,watch1,82,74,8,8,playing,watch3,attack_challenge,,watch1,True,10,c,1788170263028,,,0,attack_challenge,down,0,,,,
1788170263634,watch4,94,89,5,5,playing,watch3,attack_challenge,,watch4,True,10,c,1788170263634,,watch1,1,attack_challenge,down,2,,,,
1788170264159,watch1,82,74,8,8,playing,watch3,attack_challenge,,watch4,False,10,c,1788170263028,,watch1,1,attack_challenge,down,0,,,20260831_185316,2
1788170264159,watch2,83,79,4,4,playing,watch3,attack_challenge,,watch4,False,10,c,1788170263826,,watch1,1,attack_challenge,down,1,,,20260831_185316,2
1788170264159,watch3,109,82,27,27,playing,watch3,attack_challenge,,watch4,False,10,c,1788170263826,,watch1,1,attack_challenge,down,1,,,20260831_185316,2
1788170264159,watch4,94,89,5,5,playing,watch3,attack_challenge,,watch4,True,10,c,1788170263634,,watch1,1,attack_challenge,down,2,,,20260831_185316,2
1788170264486,watch3,107,82,25,25,playing,watch4,attack_challenge,,watch3,True,10,c,1788170264486,,,0,,,1,,,,
1788170265088,watch1,84,74,10,10,playing,watch4,attack_challenge,,watch1,True,10,c,1788170265088,,,0,attack_challenge,down,0,,,,
1788170265428,watch1,84,74,10,10,playing,watch4,attack_challenge,,watch1,True,10,c,1788170265088,,,0,attack_challenge,down,0,,,20260831_185316,2
1788170265428,watch2,83,79,4,4,playing,watch4,attack_challenge,,watch1,False,10,c,1788170264978,,,0,attack_challenge,down,1,,,20260831_185316,2
1788170265428,watch3,107,82,25,25,playing,watch4,attack_challenge,,watch1,False,10,c,1788170264486,,,0,attack_challenge,down,1,,,20260831_185316,2
1788170265428,watch4,94,89,5,5,playing,watch4,attack_challenge,,watch1,False,10,c,1788170264978,,,0,attack_challenge,down,2,,,20260831_185316,2
1788170265916,watch2,86,79,7,7,playing,watch4,attack_challenge,,watch2,True,10,c,1788170265916,,,0,attack_challenge,up,1,,,,
1788170266475,watch3,105,82,23,23,playing,watch4,attack_challenge,,watch3,True,10,c,1788170266475,,,0,,,1,,,,
1788170266890,watch1,84,74,10,10,playing,watch4,attack_challenge,,watch1,True,10,c,1788170266089,,,0,attack_challenge,down,0,,,20260831_185316,2
1788170266890,watch2,86,79,7,7,playing,watch4,attack_challenge,,watch1,False,10,c,1788170265916,,,0,attack_challenge,down,1,,,20260831_185316,2
1788170266890,watch3,105,82,23,23,playing,watch4,attack_challenge,,watch1,False,10,c,1788170266475,,,0,attack_challenge,down,1,,,20260831_185316,2
1788170266890,watch4,93,89,4,4,playing,watch4,attack_challenge,,watch1,False,10,c,1788170266727,,,0,attack_challenge,down,2,,,20260831_185316,2
1788170267019,watch2,87,79,8,8,playing,watch4,attack_challenge,,watch2,True,10,c,1788170267019,,,0,attack_challenge,up,1,,,,
1788170267079,watch1,87,74,13,13,playing,watch4,attack_challenge,,watch1,True,10,c,1788170267079,,,0,attack_challenge,down,0,,,,
1788170267665,watch3,104,82,22,22,playing,watch4,attack_challenge,,watch3,True,10,c,1788170267665,,,0,,,1,,,,
1788170267670,watch4,92,89,3,3,playing,watch4,attack_challenge,,watch4,True,10,c,1788170267670,,watch1,1,attack_challenge,down,2,,,,
1788170268288,watch1,84,74,10,10,playing,watch4,attack_challenge,,watch1,True,10,c,1788170267288,,,0,attack_challenge,down,0,,,20260831_185316,2
1788170268288,watch2,87,79,8,8,playing,watch4,attack_challenge,,watch1,False,10,c,1788170267019,,,0,attack_challenge,down,1,,,20260831_185316,2
1788170268288,watch3,105,82,23,23,playing,watch4,attack_challenge,,watch1,False,10,c,1788170266475,,,0,attack_challenge,down,1,,,20260831_185316,2
1788170268288,watch4,92,89,3,3,playing,watch4,attack_challenge,,watch1,False,10,c,1788170267670,,,0,attack_challenge,down,2,,,20260831_185316,2
1788170268503,watch3,103,82,21,21,playing,watch4,attack_challenge,,watch3,True,10,c,1788170268503,,,0,,,1,,,,
1788170268661,watch4,91,89,2,2,playing,watch4,attack_challenge,,watch4,True,10,c,1788170268661,,watch1,1,attack_challenge,down,2,,,,
1788170269077,watch2,88,79,9,9,playing,watch4,attack_challenge,,watch2,True,10,c,1788170269077,,,0,attack_challenge,up,1,,,,
1788170269115,watch1,91,74,17,17,playing,watch4,attack_challenge,,watch1,True,10,c,1788170269115,,,0,attack_challenge,down,0,,,,
1788170269573,watch3,98,82,16,16,playing,watch4,attack_challenge,,watch3,True,10,c,1788170269573,,,0,,,1,,,,
1788170270672,watch4,92,89,3,3,playing,watch4,attack_challenge,,watch4,True,10,c,1788170270672,,watch1,1,attack_challenge,down,2,,,,
1788170271909,watch1,91,74,17,17,playing,watch4,attack_challenge,,watch1,True,10,c,1788170269115,,,0,attack_challenge,down,0,,,20260831_185316,2
1788170271909,watch2,88,79,9,9,playing,watch4,attack_challenge,,watch1,False,10,c,1788170270761,,,0,attack_challenge,down,1,,,20260831_185316,2
1788170271909,watch3,95,82,13,13,playing,watch4,attack_challenge,,watch1,False,10,c,1788170271637,,,0,attack_challenge,down,1,,,20260831_185316,2
1788170271909,watch4,92,89,3,3,playing,watch4,attack_challenge,,watch1,False,10,c,1788170270672,,,0,attack_challenge,down,2,,,20260831_185316,2
1788170271636,watch1,90,74,16,16,playing,watch4,attack_challenge,,watch1,True,10,c,1788170271636,,,0,attack_challenge,down,0,,,,
1788170271635,watch2,89,79,10,10,playing,watch4,attack_challenge,,watch2,True,10,c,1788170271635,,,0,attack_challenge,up,1,,,,
1788170271637,watch3,95,82,13,13,playing,watch4,attack_challenge,,watch3,True,10,c,1788170271637,,,0,,,1,,,,
1788170271821,watch4,94,89,5,5,playing,watch4,attack_challenge,,watch4,True,10,c,1788170271821,,watch1,1,attack_challenge,down,2,,,,
1788170272766,watch3,91,82,9,9,playing,watch4,attack_challenge,,watch3,True,10,c,1788170272766,,,0,,,1,,,,
1788170272771,watch4,95,89,6,6,playing,watch4,attack_challenge,,watch4,True,10,c,1788170272771,,watch1,1,attack_challenge,down,2,,,,
1788170273075,watch2,86,79,7,7,playing,watch4,attack_challenge,,watch2,True,10,c,1788170273075,,,0,attack_challenge,up,1,,,,
1788170273141,watch1,94,74,20,20,playing,watch4,attack_challenge,,watch1,True,10,c,1788170273141,,,0,attack_challenge,down,0,,,,
1788170273754,watch4,96,89,7,7,playing,watch1,attack_challenge,,watch4,True,10,c,1788170273754,,watch1,1,attack_challenge,down,2,,,,
1788170273750,watch3,90,82,8,8,playing,watch1,attack_challenge,,watch3,True,10,c,1788170273750,,,0,,,1,,,,
1788170274977,watch2,85,79,6,6,playing,watch1,attack_challenge,,watch2,True,10,c,1788170274977,,,0,attack_challenge,down,1,,,,
1788170275300,watch1,96,74,22,22,playing,watch1,attack_challenge,,watch1,True,10,c,1788170275300,,,0,attack_challenge,down,0,,,,
1788170276243,watch1,94,74,20,20,playing,watch1,attack_challenge,,watch2,False,10,c,1788170275120,,,0,attack_challenge,down,0,,,20260831_185316,2
1788170276243,watch2,85,79,6,6,playing,watch1,attack_challenge,,watch2,True,10,c,1788170274977,,,0,attack_challenge,down,1,,,20260831_185316,2
1788170276243,watch3,90,82,8,8,playing,watch1,attack_challenge,,watch2,False,10,c,1788170275120,,,0,attack_challenge,down,1,,,20260831_185316,2
1788170276243,watch4,96,89,7,7,playing,watch1,attack_challenge,,watch2,False,10,c,1788170275120,,,0,attack_challenge,down,2,,,20260831_185316,2
1788170276526,watch3,89,82,7,7,playing,watch1,attack_challenge,,watch3,True,10,c,1788170276526,,,0,,,1,,,,
1788170276985,watch2,84,79,5,5,playing,watch1,attack_challenge,,watch2,True,10,c,1788170276985,,,0,attack_challenge,down,1,,,,
1788170277289,watch1,94,74,20,20,playing,watch1,attack_challenge,,watch1,True,10,c,1788170277289,,,0,attack_challenge,down,0,,,,
1788170277782,watch1,94,74,20,20,playing,watch1,attack_challenge,,watch2,False,10,c,1788170277289,,,0,attack_challenge,down,0,,,20260831_185316,2
1788170277782,watch2,85,79,6,6,playing,watch1,attack_challenge,,watch2,True,10,c,1788170276730,,,0,attack_challenge,down,1,,,20260831_185316,2
1788170277782,watch3,88,82,6,6,playing,watch1,attack_challenge,,watch2,False,10,c,1788170277559,,,0,attack_challenge,down,1,,,20260831_185316,2
1788170277782,watch4,96,89,7,7,playing,watch1,attack_challenge,,watch2,False,10,c,1788170276730,,,0,attack_challenge,down,2,,,20260831_185316,2
1788170278537,watch3,87,82,5,5,playing,watch1,attack_challenge,,watch3,True,10,c,1788170278537,,,0,,,1,,,,
1788170278988,watch2,83,79,4,4,playing,watch1,attack_challenge,,watch2,True,10,c,1788170278988,,,0,attack_challenge,down,1,,,,
1788170279221,watch1,89,74,15,15,playing,watch1,attack_challenge,,watch1,True,10,c,1788170279221,,,0,attack_challenge,down,0,,,,
1788170280566,watch3,88,82,6,6,playing,watch1,attack_challenge,,watch3,True,10,c,1788170280566,,,0,,,1,,,,
1788170281025,watch2,82,79,3,3,playing,watch1,attack_challenge,,watch2,True,10,c,1788170281025,,,0,attack_challenge,down,1,,,,
1788170281356,watch1,86,74,12,12,playing,watch1,attack_challenge,,watch1,True,10,c,1788170281356,,,0,attack_challenge,down,0,,,,
1788170281579,watch3,87,82,5,5,playing,watch1,attack_challenge,,watch3,True,10,c,1788170281579,,,0,,,1,,,,
1788170282187,watch1,84,74,10,10,playing,watch1,attack_challenge,,watch1,True,10,c,1788170282187,,,0,attack_challenge,down,0,,,,
1788170282565,watch3,88,82,6,6,playing,watch1,attack_challenge,,watch3,True,10,c,1788170282565,,,0,,,1,,,,
1788170283011,watch2,84,79,5,5,playing,watch1,attack_challenge,,watch2,True,10,c,1788170283011,,,0,attack_challenge,down,1,,,,
1788170283565,watch3,89,82,7,7,playing,watch1,attack_challenge,,watch3,True,10,c,1788170283565,,,0,,,1,,,,
1788170283961,watch1,84,74,10,10,playing,watch1,attack_challenge,,watch2,False,10,c,1788170282187,,,0,attack_challenge,down,0,,,20260831_185316,2
1788170283961,watch2,82,79,3,3,playing,watch1,attack_challenge,,watch2,True,10,c,1788170282799,,,0,attack_challenge,down,1,,,20260831_185316,2
1788170283961,watch3,89,82,7,7,playing,watch1,attack_challenge,,watch2,False,10,c,1788170283565,,,0,attack_challenge,down,1,,,20260831_185316,2
1788170283961,watch4,97,89,8,8,playing,watch1,attack_challenge,,watch2,False,10,c,1788170283814,,,0,attack_challenge,down,2,,,20260831_185316,2
1788170284212,watch1,83,74,9,9,playing,watch1,attack_challenge,,watch1,True,10,c,1788170284212,,,0,attack_challenge,down,0,,,,
1788170284705,watch4,98,89,9,9,playing,watch1,attack_challenge,,watch4,True,10,c,1788170284705,,watch1,1,attack_challenge,down,2,,,,
1788170285020,watch2,86,79,7,7,playing,watch1,attack_challenge,,watch2,True,10,c,1788170285020,,,0,attack_challenge,down,1,,,,
1788170285334,watch1,84,74,10,10,playing,watch1,attack_challenge,,watch2,False,10,c,1788170284162,,,0,attack_challenge,down,0,,,20260831_185316,2
1788170285334,watch2,86,79,7,7,playing,watch1,attack_challenge,,watch2,True,10,c,1788170285020,,,0,attack_challenge,down,1,,,20260831_185316,2
1788170285334,watch3,89,82,7,7,playing,watch1,attack_challenge,,watch2,False,10,c,1788170283565,,,0,attack_challenge,down,1,,,20260831_185316,2
1788170285334,watch4,98,89,9,9,playing,watch1,attack_challenge,,watch2,False,10,c,1788170284705,,,0,attack_challenge,down,2,,,20260831_185316,2
1788170285962,watch1,,,,,set_end,watch1,,,,,,,,倒壊,,,,,1,0,SET 2 終了,20260831_185316,2
1788170354714,,,,,,game_start,,,,,,,,,,,,,,,,ジェンガ第3ゲーム開始,20260831_185316,3
1788170355442,watch2,82,79,3,3,playing,watch1,attack_challenge,,,False,,,1788170355442,,,,,,2,,,,
1788170355771,watch1,77,74,3,3,playing,watch1,attack_challenge,,watch2,False,10,c,1788170354714,,,0,attack_challenge,down,1,,,20260831_185316,3
1788170355771,watch2,82,79,3,3,playing,watch1,attack_challenge,,watch2,True,10,c,1788170355442,,,0,attack_challenge,down,2,,,20260831_185316,3
1788170355771,watch3,86,82,4,4,playing,watch1,attack_challenge,,watch2,False,10,c,1788170354714,,,0,attack_challenge,down,2,,,20260831_185316,3
1788170355771,watch4,97,89,8,8,playing,watch1,attack_challenge,,watch2,False,10,c,1788170353988,,,0,attack_challenge,down,3,,,20260831_185316,3
1788170355808,watch3,87,82,5,5,playing,watch1,attack_challenge,,,False,,,1788170355808,,,,,,2,,,,
1788170357100,watch1,77,74,3,3,playing,watch1,attack_challenge,,watch2,False,10,c,1788170355981,,,0,attack_challenge,down,1,,,20260831_185316,3
1788170357100,watch2,82,79,3,3,playing,watch1,attack_challenge,,watch2,True,10,c,1788170355442,,,0,attack_challenge,down,2,,,20260831_185316,3
1788170357100,watch3,87,82,5,5,playing,watch1,attack_challenge,,watch2,False,10,c,1788170355981,,,0,attack_challenge,down,2,,,20260831_185316,3
1788170357100,watch4,97,89,8,8,playing,watch1,attack_challenge,,watch2,False,10,c,1788170355981,,,0,attack_challenge,down,3,,,20260831_185316,3
1788170357507,watch2,81,79,2,2,playing,watch1,attack_challenge,,watch2,True,10,c,1788170357507,,,0,attack_challenge,down,2,,,,
1788170357877,watch3,86,82,4,4,playing,watch1,attack_challenge,,,False,,,1788170357877,,,,,,2,,,,
1788170358160,watch4,104,89,15,15,playing,watch1,attack_challenge,,,False,,,1788170358160,,,,,,3,,,,
1788170358787,watch1,77,74,3,3,playing,watch1,attack_challenge,,watch2,False,10,c,1788170357465,,,0,attack_challenge,down,1,,,20260831_185316,3
1788170358787,watch2,82,79,3,3,playing,watch1,attack_challenge,,watch2,True,10,c,1788170357465,,,0,attack_challenge,down,2,,,20260831_185316,3
1788170358787,watch3,86,82,4,4,playing,watch1,attack_challenge,,watch2,False,10,c,1788170357877,,,0,attack_challenge,down,2,,,20260831_185316,3
1788170358787,watch4,104,89,15,15,playing,watch1,attack_challenge,,watch2,False,10,c,1788170358160,,,0,attack_challenge,down,3,,,20260831_185316,3
1788170359012,watch4,106,89,17,17,playing,watch1,attack_challenge,,,False,,,1788170359012,,,,,,3,,,,
1788170360240,watch1,77,74,3,3,playing,watch1,attack_challenge,,watch2,False,10,c,1788170358918,,,0,attack_challenge,down,1,,,20260831_185316,3
1788170360240,watch2,81,79,2,2,playing,watch1,attack_challenge,,watch2,True,10,c,1788170358918,,,0,attack_challenge,down,2,,,20260831_185316,3
1788170360240,watch3,86,82,4,4,playing,watch1,attack_challenge,,watch2,False,10,c,1788170358918,,,0,attack_challenge,down,2,,,20260831_185316,3
1788170360240,watch4,111,89,22,22,playing,watch1,attack_challenge,,watch2,False,10,c,1788170359994,,,0,attack_challenge,down,3,,,20260831_185316,3
1788170360805,watch3,87,82,5,5,playing,watch1,attack_challenge,,,False,,,1788170360805,,,,,,2,,,,
1788170361037,watch4,112,89,23,23,playing,watch1,attack_challenge,,,False,,,1788170361037,,,,,,3,,,,
1788170361490,watch2,83,79,4,4,playing,watch1,attack_challenge,,watch2,True,10,c,1788170361490,,,0,attack_challenge,down,2,,,,
1788170361872,watch3,86,82,4,4,playing,watch1,attack_challenge,,,False,,,1788170361872,,,,,,2,,,,
1788170362812,watch3,87,82,5,5,playing,watch1,attack_challenge,,,False,,,1788170362812,,,,,,2,,,,
1788170363307,watch1,77,74,3,3,playing,watch1,attack_challenge,,watch2,False,10,c,1788170362931,,,0,attack_challenge,down,1,,,20260831_185316,3
1788170363307,watch2,83,79,4,4,playing,watch1,attack_challenge,,watch2,True,10,c,1788170362931,,,0,attack_challenge,down,2,,,20260831_185316,3
1788170363307,watch3,87,82,5,5,playing,watch1,attack_challenge,,watch2,False,10,c,1788170362812,,,0,attack_challenge,down,2,,,20260831_185316,3
1788170363307,watch4,112,89,23,23,playing,watch1,attack_challenge,,watch2,False,10,c,1788170362931,,,0,attack_challenge,down,3,,,20260831_185316,3
1788170363497,watch2,84,79,5,5,playing,watch1,attack_challenge,,watch2,True,10,c,1788170363497,,,0,attack_challenge,down,2,,,,
1788170363774,watch1,78,74,4,4,playing,watch1,attack_challenge,,,False,,,1788170363774,,,,,,1,,,,
1788170364621,watch1,78,74,4,4,playing,watch1,attack_challenge,,watch2,False,10,c,1788170363774,,,0,attack_challenge,down,1,,,20260831_185316,3
1788170364621,watch2,84,79,5,5,playing,watch1,attack_challenge,,watch2,True,10,c,1788170363497,,,0,attack_challenge,down,2,,,20260831_185316,3
1788170364621,watch3,87,82,5,5,playing,watch1,attack_challenge,,watch2,False,10,c,1788170364252,,,0,attack_challenge,down,2,,,20260831_185316,3
1788170364621,watch4,112,89,23,23,playing,watch1,attack_challenge,,watch2,False,10,c,1788170364252,,,0,attack_challenge,down,3,,,20260831_185316,3
1788170364819,watch3,88,82,6,6,playing,watch1,attack_challenge,,,False,,,1788170364819,,,,,,2,,,,
1788170365649,watch1,76,74,2,2,playing,watch1,attack_challenge,,,False,,,1788170365649,,,,,,1,,,,
1788170365971,watch1,76,74,2,2,playing,watch1,attack_challenge,,watch2,False,10,c,1788170365649,,,0,attack_challenge,down,1,,,20260831_185316,3
1788170365971,watch2,84,79,5,5,playing,watch1,attack_challenge,,watch2,True,10,c,1788170365335,,,0,attack_challenge,down,2,,,20260831_185316,3
1788170365971,watch3,88,82,6,6,playing,watch1,attack_challenge,,watch2,False,10,c,1788170364819,,,0,attack_challenge,down,2,,,20260831_185316,3
1788170365971,watch4,112,89,23,23,playing,watch1,attack_challenge,,watch2,False,10,c,1788170365335,,,0,attack_challenge,down,3,,,20260831_185316,3
1788170366833,watch3,90,82,8,8,playing,watch1,attack_challenge,,,False,,,1788170366833,,,,,,2,,,,
1788170367301,watch1,76,74,2,2,playing,watch1,attack_challenge,,watch2,False,10,c,1788170365649,,,0,attack_challenge,down,1,,,20260831_185316,3
1788170367301,watch2,84,79,5,5,playing,watch1,attack_challenge,,watch2,True,10,c,1788170366538,,,0,attack_challenge,down,2,,,20260831_185316,3
1788170367301,watch3,90,82,8,8,playing,watch1,attack_challenge,,watch2,False,10,c,1788170366833,,,0,attack_challenge,down,2,,,20260831_185316,3
1788170367301,watch4,112,89,23,23,playing,watch1,attack_challenge,,watch2,False,10,c,1788170366538,,,0,attack_challenge,down,3,,,20260831_185316,3
1788170367528,watch2,82,79,3,3,playing,watch1,attack_challenge,,watch2,True,10,c,1788170367528,,,0,attack_challenge,down,2,,,,
1788170368045,watch4,111,89,22,22,playing,watch1,attack_challenge,,,False,,,1788170368045,,,,,,3,,,,
1788170368669,watch1,75,74,1,1,playing,watch2,attack_challenge,,,False,,,1788170368669,,,,,,1,,,,
1788170369023,watch4,109,89,20,20,playing,watch2,attack_challenge,,,False,,,1788170369023,,,,,,3,,,,
1788170369529,watch2,81,79,2,2,playing,watch2,attack_challenge,,watch2,True,10,c,1788170369529,,,0,attack_challenge,down,2,,,,
1788170369841,watch3,92,82,10,10,playing,watch2,attack_challenge,,,False,,,1788170369841,,,,,,2,,,,
1788170370134,watch4,107,89,18,18,playing,watch2,attack_challenge,,,False,,,1788170370134,,,,,,3,,,,
1788170371030,watch4,100,89,11,11,playing,watch2,attack_challenge,,,False,,,1788170371030,,,,,,3,,,,
1788170371416,watch1,75,74,1,1,playing,watch2,attack_challenge,,watch3,False,10,c,1788170370379,,,0,attack_challenge,up,1,,,20260831_185316,3
1788170371416,watch2,81,79,2,2,playing,watch2,attack_challenge,,watch3,False,10,c,1788170369529,,,0,attack_challenge,up,2,,,20260831_185316,3
1788170371416,watch3,92,82,10,10,playing,watch2,attack_challenge,,watch3,True,10,c,1788170369841,,,0,attack_challenge,up,2,,,20260831_185316,3
1788170371416,watch4,100,89,11,11,playing,watch2,attack_challenge,,watch3,False,10,c,1788170371030,,,0,attack_challenge,up,3,,,20260831_185316,3
1788170371570,watch2,79,79,0,0,playing,watch2,attack_challenge,,watch2,True,10,c,1788170371570,,,0,attack_challenge,down,2,,,,
1788170371969,watch3,93,82,11,11,playing,watch2,attack_challenge,,watch3,True,10,c,1788170371969,,,0,attack_challenge,up,2,,,,
1788170372246,watch4,97,89,8,8,playing,watch2,attack_challenge,,,False,,,1788170372246,,,,,,3,,,,
1788170373204,watch1,74,74,0,0,playing,watch2,attack_challenge,,watch3,False,10,c,1788170372919,,,0,attack_challenge,up,1,,,20260831_185316,3
1788170373204,watch2,79,79,0,0,playing,watch2,attack_challenge,,watch3,False,10,c,1788170372793,,,0,attack_challenge,up,2,,,20260831_185316,3
1788170373204,watch3,93,82,11,11,playing,watch2,attack_challenge,,watch3,True,10,c,1788170371969,,,0,attack_challenge,up,2,,,20260831_185316,3
1788170373204,watch4,97,89,8,8,playing,watch2,attack_challenge,,watch3,False,10,c,1788170372246,,,0,attack_challenge,up,3,,,20260831_185316,3
1788170373172,watch4,95,89,6,6,playing,watch2,attack_challenge,,,False,,,1788170373172,,,,,,3,,,,
1788170374047,watch4,93,89,4,4,playing,watch2,attack_challenge,,,False,,,1788170374047,,,,,,3,,,,
1788170374733,watch1,75,74,1,1,playing,watch2,attack_challenge,,,False,,,1788170374733,,,,,,1,,,,
1788170375056,watch3,96,82,14,14,playing,watch2,attack_challenge,,watch3,True,10,c,1788170375056,,,0,attack_challenge,up,2,,,,
1788170375095,watch4,92,89,3,3,playing,watch2,attack_challenge,,,False,,,1788170375095,,,,,,3,,,,
1788170375860,watch3,97,82,15,15,playing,watch2,attack_challenge,,watch3,True,10,c,1788170375860,,,0,attack_challenge,up,2,,,,
1788170376222,watch1,75,74,1,1,playing,watch2,attack_challenge,,watch3,False,10,c,1788170374733,,,0,attack_challenge,up,1,,,20260831_185316,3
1788170376222,watch2,79,79,0,0,playing,watch2,attack_challenge,,watch3,False,10,c,1788170375528,,,0,attack_challenge,up,2,,,20260831_185316,3
1788170376222,watch3,97,82,15,15,playing,watch2,attack_challenge,,watch3,True,10,c,1788170375860,,,0,attack_challenge,up,2,,,20260831_185316,3
1788170376222,watch4,93,89,4,4,playing,watch2,attack_challenge,,watch3,False,10,c,1788170375528,,,0,attack_challenge,up,3,,,20260831_185316,3
1788170376545,watch2,80,79,1,1,playing,watch2,attack_challenge,,watch2,True,10,c,1788170376545,,,0,attack_challenge,down,2,,,,
1788170376799,watch1,74,74,0,0,playing,watch2,attack_challenge,,,False,,,1788170376799,,,,,,1,,,,
1788170376915,watch3,98,82,16,16,playing,watch2,attack_challenge,,watch3,True,10,c,1788170376915,,,0,attack_challenge,up,2,,,,
1788170377254,watch4,91,89,2,2,playing,watch2,attack_challenge,,,False,,,1788170377254,,,,,,3,,,,
1788170377825,watch1,74,74,0,0,playing,watch2,attack_challenge,,watch3,False,10,c,1788170376799,,,0,attack_challenge,up,1,,,20260831_185316,3
1788170377825,watch2,80,79,1,1,playing,watch2,attack_challenge,,watch3,False,10,c,1788170376545,,,0,attack_challenge,up,2,,,20260831_185316,3
1788170377825,watch3,98,82,16,16,playing,watch2,attack_challenge,,watch3,True,10,c,1788170376915,,,0,attack_challenge,up,2,,,20260831_185316,3
1788170377825,watch4,91,89,2,2,playing,watch2,attack_challenge,,watch3,False,10,c,1788170377254,,,0,attack_challenge,up,3,,,20260831_185316,3
1788170378130,watch4,90,89,1,1,playing,watch2,attack_challenge,,,False,,,1788170378130,,,,,,3,,,,
1788170378561,watch2,79,79,0,0,playing,watch2,attack_challenge,,watch2,True,10,c,1788170378561,,,0,attack_challenge,down,2,,,,
1788170378870,watch3,100,82,18,18,playing,watch2,attack_challenge,,watch3,True,10,c,1788170378870,,,0,attack_challenge,up,2,,,,
1788170379874,watch3,102,82,20,20,playing,watch2,attack_challenge,,watch3,True,10,c,1788170379874,,,0,attack_challenge,up,2,,,,
1788170380471,watch1,74,74,0,0,playing,watch2,attack_challenge,,watch3,False,10,c,1788170380324,,,0,attack_challenge,up,1,,,20260831_185316,3
1788170380471,watch2,79,79,0,0,playing,watch2,attack_challenge,,watch3,False,10,c,1788170380324,,,0,attack_challenge,up,2,,,20260831_185316,3
1788170380471,watch3,102,82,20,20,playing,watch2,attack_challenge,,watch3,True,10,c,1788170379874,,,0,attack_challenge,up,2,,,20260831_185316,3
1788170380471,watch4,90,89,1,1,playing,watch2,attack_challenge,,watch3,False,10,c,1788170380324,,,0,attack_challenge,up,3,,,20260831_185316,3
1788170380620,watch2,77,79,-2,2,playing,watch2,attack_challenge,,watch2,True,10,c,1788170380620,,,0,attack_challenge,down,2,,,,
1788170380955,watch3,104,82,22,22,playing,watch2,attack_challenge,,watch3,True,10,c,1788170380955,,,0,attack_challenge,up,2,,,,
1788170381843,watch1,74,74,0,0,playing,watch2,attack_challenge,,watch3,False,10,c,1788170381471,,,0,attack_challenge,up,1,,,20260831_185316,3
1788170381843,watch2,77,79,-2,2,playing,watch2,attack_challenge,,watch3,False,10,c,1788170380620,,,0,attack_challenge,up,2,,,20260831_185316,3
1788170381843,watch3,104,82,22,22,playing,watch2,attack_challenge,,watch3,True,10,c,1788170380955,,,0,attack_challenge,up,2,,,20260831_185316,3
1788170381843,watch4,90,89,1,1,playing,watch2,attack_challenge,,watch3,False,10,c,1788170381471,,,0,attack_challenge,up,3,,,20260831_185316,3
1788170382601,watch2,75,79,-4,4,playing,watch3,attack_challenge,,watch2,True,10,c,1788170382601,,,0,attack_challenge,down,2,,,,
1788170383293,watch1,74,74,0,0,playing,watch3,attack_challenge,,watch4,False,10,c,1788170382558,,,0,attack_challenge,down,1,,,20260831_185316,3
1788170383293,watch2,77,79,-2,2,playing,watch3,attack_challenge,,watch4,False,10,c,1788170382558,,,0,attack_challenge,down,2,,,20260831_185316,3
1788170383293,watch3,104,82,22,22,playing,watch3,attack_challenge,,watch4,False,10,c,1788170382558,,,0,attack_challenge,down,2,,,20260831_185316,3
1788170383293,watch4,90,89,1,1,playing,watch3,attack_challenge,,watch4,True,10,c,1788170382558,,,0,attack_challenge,down,3,,,20260831_185316,3
1788170383903,watch3,108,82,26,26,playing,watch3,attack_challenge,,watch3,True,10,c,1788170383903,,,0,attack_challenge,up,2,,,,
1788170384701,watch1,74,74,0,0,playing,watch3,attack_challenge,,watch4,False,10,c,1788170384181,,,0,attack_challenge,down,1,,,20260831_185316,3
1788170384701,watch2,75,79,-4,4,playing,watch3,attack_challenge,,watch4,False,10,c,1788170384181,,,0,attack_challenge,down,2,,,20260831_185316,3
1788170384701,watch3,108,82,26,26,playing,watch3,attack_challenge,,watch4,False,10,c,1788170383903,,,0,attack_challenge,down,2,,,20260831_185316,3
1788170384701,watch4,90,89,1,1,playing,watch3,attack_challenge,,watch4,True,10,c,1788170384181,,,0,attack_challenge,down,3,,,20260831_185316,3
1788170384903,watch3,105,82,23,23,playing,watch3,attack_challenge,,watch3,True,10,c,1788170384903,,,0,attack_challenge,up,2,,,,
1788170385909,watch3,104,82,22,22,playing,watch3,attack_challenge,,watch3,True,10,c,1788170385909,,,0,attack_challenge,up,2,,,,
1788170386306,watch1,74,74,0,0,playing,watch3,attack_challenge,,watch4,False,10,c,1788170385348,,,0,attack_challenge,down,1,,,20260831_185316,3
1788170386306,watch2,75,79,-4,4,playing,watch3,attack_challenge,,watch4,False,10,c,1788170385348,,,0,attack_challenge,down,2,,,20260831_185316,3
1788170386306,watch3,104,82,22,22,playing,watch3,attack_challenge,,watch4,False,10,c,1788170385909,,,0,attack_challenge,down,2,,,20260831_185316,3
1788170386306,watch4,90,89,1,1,playing,watch3,attack_challenge,,watch4,True,10,c,1788170385348,,,0,attack_challenge,down,3,,,20260831_185316,3
1788170386656,watch2,76,79,-3,3,playing,watch3,attack_challenge,,watch2,True,10,c,1788170386656,,,0,attack_challenge,down,2,,,,
1788170387115,watch4,87,89,-2,2,playing,watch3,attack_challenge,,watch4,True,10,c,1788170387115,,,0,attack_challenge,down,3,,,,
1788170387679,watch1,74,74,0,0,playing,watch3,attack_challenge,,watch4,False,10,c,1788170386517,,,0,attack_challenge,down,1,,,20260831_185316,3
1788170387679,watch2,75,79,-4,4,playing,watch3,attack_challenge,,watch4,False,10,c,1788170386517,,,0,attack_challenge,down,2,,,20260831_185316,3
1788170387679,watch3,104,82,22,22,playing,watch3,attack_challenge,,watch4,False,10,c,1788170385909,,,0,attack_challenge,down,2,,,20260831_185316,3
1788170387679,watch4,87,89,-2,2,playing,watch3,attack_challenge,,watch4,True,10,c,1788170387115,,,0,attack_challenge,down,3,,,20260831_185316,3
1788170387974,watch3,103,82,21,21,playing,watch3,attack_challenge,,watch3,True,10,c,1788170387974,,,0,attack_challenge,up,2,,,,
1788170388293,watch4,85,89,-4,4,playing,watch3,attack_challenge,,watch4,True,10,c,1788170388293,,,0,attack_challenge,down,3,,,,
1788170388648,watch2,78,79,-1,1,playing,watch3,attack_challenge,,watch2,True,10,c,1788170388648,,,0,attack_challenge,down,2,,,,
1788170389113,watch1,74,74,0,0,playing,watch3,attack_challenge,,watch4,False,10,c,1788170388973,,,0,attack_challenge,down,1,,,20260831_185316,3
1788170389113,watch2,78,79,-1,1,playing,watch3,attack_challenge,,watch4,False,10,c,1788170388648,,,0,attack_challenge,down,2,,,20260831_185316,3
1788170389113,watch3,103,82,21,21,playing,watch3,attack_challenge,,watch4,False,10,c,1788170387974,,,0,attack_challenge,down,2,,,20260831_185316,3
1788170389113,watch4,85,89,-4,4,playing,watch3,attack_challenge,,watch4,True,10,c,1788170388293,,,0,attack_challenge,down,3,,,20260831_185316,3
1788170389788,watch1,76,74,2,2,playing,watch3,attack_challenge,,,False,,,1788170389788,,,,,,1,,,,
1788170390229,watch4,86,89,-3,3,playing,watch3,attack_challenge,,watch4,True,10,c,1788170390229,,,0,attack_challenge,down,3,,,,
1788170389998,watch3,102,82,20,20,playing,watch3,attack_challenge,,watch3,True,10,c,1788170389998,,,0,attack_challenge,up,2,,,,
1788170391113,watch3,99,82,17,17,playing,watch3,attack_challenge,,watch3,True,10,c,1788170391113,,,0,attack_challenge,up,2,,,,
1788170391168,watch4,91,89,2,2,playing,watch3,attack_challenge,,watch4,True,10,c,1788170391168,,,0,attack_challenge,down,3,,,,
1788170390793,watch2,80,79,1,1,playing,watch3,attack_challenge,,watch2,True,10,c,1788170390793,,,0,attack_challenge,down,2,,,,
1788170392261,watch1,76,74,2,2,playing,watch3,attack_challenge,,watch4,False,10,c,1788170391511,,,0,attack_challenge,down,1,,,20260831_185316,3
1788170392261,watch2,80,79,1,1,playing,watch3,attack_challenge,,watch4,False,10,c,1788170391511,,,0,attack_challenge,down,2,,,20260831_185316,3
1788170392261,watch3,99,82,17,17,playing,watch3,attack_challenge,,watch4,False,10,c,1788170391113,,,0,attack_challenge,down,2,,,20260831_185316,3
1788170392261,watch4,94,89,5,5,playing,watch3,attack_challenge,,watch4,True,10,c,1788170392123,,,0,attack_challenge,down,3,,,20260831_185316,3
1788170392928,watch3,92,82,10,10,playing,watch3,attack_challenge,,watch3,True,10,c,1788170392928,,,0,attack_challenge,up,2,,,,
1788170393690,watch1,76,74,2,2,playing,watch3,attack_challenge,,watch4,False,10,c,1788170393104,,,0,attack_challenge,down,1,,,20260831_185316,3
1788170393690,watch2,80,79,1,1,playing,watch3,attack_challenge,,watch4,False,10,c,1788170393104,,,0,attack_challenge,down,2,,,20260831_185316,3
1788170393690,watch3,92,82,10,10,playing,watch3,attack_challenge,,watch4,False,10,c,1788170392928,,,0,attack_challenge,down,2,,,20260831_185316,3
1788170393690,watch4,94,89,5,5,playing,watch3,attack_challenge,,watch4,True,10,c,1788170392123,,,0,attack_challenge,down,3,,,20260831_185316,3
1788170393833,watch1,83,74,9,9,playing,watch3,attack_challenge,,,False,,,1788170393833,,,,,,1,,,,
1788170394209,watch4,92,89,3,3,playing,watch3,attack_challenge,,watch4,True,10,c,1788170394209,,,0,attack_challenge,down,3,,,,
1788170393956,watch3,90,82,8,8,playing,watch3,attack_challenge,,watch3,True,10,c,1788170393956,,,0,attack_challenge,up,2,,,,
1788170394943,watch3,89,82,7,7,playing,watch3,attack_challenge,,watch3,True,10,c,1788170394943,,,0,attack_challenge,up,2,,,,
1788170395298,watch4,89,89,0,0,playing,watch3,attack_challenge,,watch4,True,10,c,1788170395298,,,0,attack_challenge,down,3,,,,
1788170395679,watch2,81,79,2,2,playing,watch3,attack_challenge,,watch2,True,10,c,1788170395679,,,0,attack_challenge,down,2,,,,
1788170395973,watch1,81,74,7,7,playing,watch3,attack_challenge,,,False,,,1788170395973,,,,,,1,,,,
1788170396700,watch1,81,74,7,7,playing,watch3,attack_challenge,,watch4,False,10,c,1788170395973,,,0,attack_challenge,down,1,,,20260831_185316,3
1788170396700,watch2,81,79,2,2,playing,watch3,attack_challenge,,watch4,False,10,c,1788170395679,,,0,attack_challenge,down,2,,,20260831_185316,3
1788170396700,watch3,89,82,7,7,playing,watch3,attack_challenge,,watch4,False,10,c,1788170394943,,,0,attack_challenge,down,2,,,20260831_185316,3
1788170396700,watch4,89,89,0,0,playing,watch3,attack_challenge,,watch4,True,10,c,1788170395298,,,0,attack_challenge,down,3,,,20260831_185316,3
1788170396950,watch3,87,82,5,5,playing,watch3,attack_challenge,,watch3,True,10,c,1788170396950,,,0,attack_challenge,up,2,,,,
1788170397668,watch2,82,79,3,3,playing,watch3,attack_challenge,,watch2,True,10,c,1788170397668,,,0,attack_challenge,down,2,,,,
1788170398133,watch1,88,74,14,14,playing,watch3,attack_challenge,,watch4,False,10,c,1788170397956,,,0,attack_challenge,down,1,,,20260831_185316,3
1788170398133,watch2,82,79,3,3,playing,watch3,attack_challenge,,watch4,False,10,c,1788170397668,,,0,attack_challenge,down,2,,,20260831_185316,3
1788170398133,watch3,87,82,5,5,playing,watch3,attack_challenge,,watch4,False,10,c,1788170397015,,,0,attack_challenge,down,2,,,20260831_185316,3
1788170398133,watch4,89,89,0,0,playing,watch3,attack_challenge,,watch4,True,10,c,1788170397015,,,0,attack_challenge,down,3,,,20260831_185316,3
1788170398276,watch4,93,89,4,4,playing,watch3,attack_challenge,,watch4,True,10,c,1788170398276,,,0,attack_challenge,down,3,,,,
1788170398959,watch3,86,82,4,4,playing,watch3,attack_challenge,,watch3,True,10,c,1788170398959,,,0,attack_challenge,up,2,,,,
1788170399222,watch4,94,89,5,5,playing,watch3,attack_challenge,,watch4,True,10,c,1788170399222,,,0,attack_challenge,down,3,,,,
1788170399522,watch1,88,74,14,14,playing,watch3,attack_challenge,,watch4,False,10,c,1788170397956,,,0,attack_challenge,down,1,,,20260831_185316,3
1788170399522,watch2,82,79,3,3,playing,watch3,attack_challenge,,watch4,False,10,c,1788170397668,,,0,attack_challenge,down,2,,,20260831_185316,3
1788170399522,watch3,86,82,4,4,playing,watch3,attack_challenge,,watch4,False,10,c,1788170398959,,,0,attack_challenge,down,2,,,20260831_185316,3
1788170399522,watch4,94,89,5,5,playing,watch3,attack_challenge,,watch4,True,10,c,1788170399222,,,0,attack_challenge,down,3,,,20260831_185316,3
1788170399698,watch2,83,79,4,4,playing,watch3,attack_challenge,,watch2,True,10,c,1788170399698,,,0,attack_challenge,down,2,,,,
1788170400034,watch3,85,82,3,3,playing,watch3,attack_challenge,,watch3,True,10,c,1788170400034,,,0,attack_challenge,up,2,,,,
1788170400033,watch1,93,74,19,19,playing,watch3,attack_challenge,,,False,,,1788170400033,,,,,,1,,,,
1788170400320,watch4,91,89,2,2,playing,watch3,attack_challenge,,watch4,True,10,c,1788170400320,,,0,attack_challenge,down,3,,,,
1788170400831,watch1,93,74,19,19,playing,watch3,attack_challenge,,watch4,False,10,c,1788170400033,,,0,attack_challenge,down,1,,,20260831_185316,3
1788170400831,watch2,82,79,3,3,playing,watch3,attack_challenge,,watch4,False,10,c,1788170399744,,,0,attack_challenge,down,2,,,20260831_185316,3
1788170400831,watch3,86,82,4,4,playing,watch3,attack_challenge,,watch4,False,10,c,1788170398959,,,0,attack_challenge,down,2,,,20260831_185316,3
1788170400831,watch4,91,89,2,2,playing,watch3,attack_challenge,,watch4,True,10,c,1788170400320,,,0,attack_challenge,down,3,,,20260831_185316,3
1788170401173,watch4,90,89,1,1,playing,watch3,attack_challenge,,watch4,True,10,c,1788170401173,,,0,attack_challenge,down,3,,,,
1788170401704,watch2,82,79,3,3,playing,watch3,attack_challenge,,watch2,True,10,c,1788170401704,,,0,attack_challenge,down,2,,,,
1788170401988,watch1,97,74,23,23,playing,watch3,attack_challenge,,,False,,,1788170401988,,,,,,1,,,,
1788170402354,watch1,97,74,23,23,playing,watch3,attack_challenge,,watch4,False,10,c,1788170401988,,,0,attack_challenge,down,1,,,20260831_185316,3
1788170402354,watch2,82,79,3,3,playing,watch3,attack_challenge,,watch4,False,10,c,1788170401704,,,0,attack_challenge,down,2,,,20260831_185316,3
1788170402354,watch3,85,82,3,3,playing,watch3,attack_challenge,,watch4,False,10,c,1788170401941,,,0,attack_challenge,down,2,,,20260831_185316,3
1788170402354,watch4,90,89,1,1,playing,watch3,attack_challenge,,watch4,True,10,c,1788170401173,,,0,attack_challenge,down,3,,,20260831_185316,3
1788170403207,watch4,91,89,2,2,playing,watch4,attack_challenge,,watch4,True,10,c,1788170403207,,,0,attack_challenge,down,3,,,,
1788170403750,watch1,97,74,23,23,playing,watch4,attack_challenge,,watch1,True,10,c,1788170403122,,,0,attack_challenge,down,1,,,20260831_185316,3
1788170403750,watch2,82,79,3,3,playing,watch4,attack_challenge,,watch1,False,10,c,1788170403122,,,0,attack_challenge,down,2,,,20260831_185316,3
1788170403750,watch3,85,82,3,3,playing,watch4,attack_challenge,,watch1,False,10,c,1788170403122,,,0,attack_challenge,down,2,,,20260831_185316,3
1788170403750,watch4,90,89,1,1,playing,watch4,attack_challenge,,watch1,False,10,c,1788170403122,,,0,attack_challenge,down,3,,,20260831_185316,3
1788170403864,watch1,100,74,26,26,playing,watch4,attack_challenge,,watch1,True,10,c,1788170403864,,,0,attack_challenge,down,1,,,,
1788170403976,watch3,86,82,4,4,playing,watch4,attack_challenge,,watch3,True,10,c,1788170403976,,,0,attack_challenge,up,2,,,,
1788170404189,watch4,92,89,3,3,playing,watch4,attack_challenge,,watch4,True,10,c,1788170404189,,,0,attack_challenge,down,3,,,,
1788170405059,watch1,100,74,26,26,playing,watch4,attack_challenge,,watch1,True,10,c,1788170403864,,,0,attack_challenge,down,1,,,20260831_185316,3
1788170405059,watch2,82,79,3,3,playing,watch4,attack_challenge,,watch1,False,10,c,1788170404544,,,0,attack_challenge,down,2,,,20260831_185316,3
1788170405059,watch3,86,82,4,4,playing,watch4,attack_challenge,,watch1,False,10,c,1788170403976,,,0,attack_challenge,down,2,,,20260831_185316,3
1788170405059,watch4,91,89,2,2,playing,watch4,attack_challenge,,watch1,False,10,c,1788170404544,,,0,attack_challenge,down,3,,,20260831_185316,3
1788170405887,watch1,101,74,27,27,playing,watch4,attack_challenge,,watch1,True,10,c,1788170405887,,,0,attack_challenge,down,1,,,,
1788170406195,watch4,93,89,4,4,playing,watch4,attack_challenge,,watch4,True,10,c,1788170406195,,,0,attack_challenge,down,3,,,,
1788170406506,watch1,101,74,27,27,playing,watch4,attack_challenge,,watch1,True,10,c,1788170405887,,,0,attack_challenge,down,1,,,20260831_185316,3
1788170406506,watch2,82,79,3,3,playing,watch4,attack_challenge,,watch1,False,10,c,1788170405713,,,0,attack_challenge,down,2,,,20260831_185316,3
1788170406506,watch3,86,82,4,4,playing,watch4,attack_challenge,,watch1,False,10,c,1788170405713,,,0,attack_challenge,down,2,,,20260831_185316,3
1788170406506,watch4,93,89,4,4,playing,watch4,attack_challenge,,watch1,False,10,c,1788170406195,,,0,attack_challenge,down,3,,,20260831_185316,3
1788170407998,watch1,101,74,27,27,playing,watch4,attack_challenge,,watch1,True,10,c,1788170405887,,,0,attack_challenge,down,1,,,20260831_185316,3
1788170407998,watch2,83,79,4,4,playing,watch4,attack_challenge,,watch1,False,10,c,1788170407745,,,0,attack_challenge,down,2,,,20260831_185316,3
1788170407998,watch3,86,82,4,4,playing,watch4,attack_challenge,,watch1,False,10,c,1788170406879,,,0,attack_challenge,down,2,,,20260831_185316,3
1788170407998,watch4,93,89,4,4,playing,watch4,attack_challenge,,watch1,False,10,c,1788170406195,,,0,attack_challenge,down,3,,,20260831_185316,3
1788170408079,watch1,103,74,29,29,playing,watch4,attack_challenge,,watch1,True,10,c,1788170408079,,,0,attack_challenge,down,1,,,,
1788170408893,watch1,105,74,31,31,playing,watch4,attack_challenge,,watch1,True,10,c,1788170408893,,,0,attack_challenge,down,1,,,,
1788170409383,watch1,105,74,31,31,playing,watch4,attack_challenge,,watch1,True,10,c,1788170408893,,,0,attack_challenge,down,1,,,20260831_185316,3
1788170409383,watch2,83,79,4,4,playing,watch4,attack_challenge,,watch1,False,10,c,1788170407745,,,0,attack_challenge,down,2,,,20260831_185316,3
1788170409383,watch3,86,82,4,4,playing,watch4,attack_challenge,,watch1,False,10,c,1788170407980,,,0,attack_challenge,down,2,,,20260831_185316,3
1788170409383,watch4,93,89,4,4,playing,watch4,attack_challenge,,watch1,False,10,c,1788170407980,,,0,attack_challenge,down,3,,,20260831_185316,3
1788170410674,watch1,105,74,31,31,playing,watch4,attack_challenge,,watch1,True,10,c,1788170408893,,,0,attack_challenge,down,1,,,20260831_185316,3
1788170410674,watch2,83,79,4,4,playing,watch4,attack_challenge,,watch1,False,10,c,1788170409552,,,0,attack_challenge,down,2,,,20260831_185316,3
1788170410674,watch3,86,82,4,4,playing,watch4,attack_challenge,,watch1,False,10,c,1788170409552,,,0,attack_challenge,down,2,,,20260831_185316,3
1788170410674,watch4,93,89,4,4,playing,watch4,attack_challenge,,watch1,False,10,c,1788170409552,,,0,attack_challenge,down,3,,,20260831_185316,3
1788170410995,watch3,87,82,5,5,playing,watch4,attack_challenge,,watch3,True,10,c,1788170410995,,,0,attack_challenge,up,2,,,,
1788170411283,watch4,92,89,3,3,playing,watch4,attack_challenge,,watch4,True,10,c,1788170411283,,,0,attack_challenge,down,3,,,,
1788170411764,watch2,86,79,7,7,playing,watch4,attack_challenge,,watch2,True,10,c,1788170411764,,,0,attack_challenge,down,2,,,,
1788170411999,watch3,88,82,6,6,playing,watch4,attack_challenge,,watch3,True,10,c,1788170411999,,,0,attack_challenge,up,2,,,,
1788170412366,watch1,105,74,31,31,playing,watch4,attack_challenge,,watch1,True,10,c,1788170412094,,,0,attack_challenge,down,1,,,20260831_185316,3
1788170412366,watch2,86,79,7,7,playing,watch4,attack_challenge,,watch1,False,10,c,1788170411764,,,0,attack_challenge,down,2,,,20260831_185316,3
1788170412366,watch3,88,82,6,6,playing,watch4,attack_challenge,,watch1,False,10,c,1788170412094,,,0,attack_challenge,down,2,,,20260831_185316,3
1788170412366,watch4,92,89,3,3,playing,watch4,attack_challenge,,watch1,False,10,c,1788170411283,,,0,attack_challenge,down,3,,,20260831_185316,3
1788170412927,watch1,102,74,28,28,playing,watch4,attack_challenge,,watch1,True,10,c,1788170412927,,,0,attack_challenge,down,1,,,,
1788170413001,watch3,89,82,7,7,playing,watch4,attack_challenge,,watch3,True,10,c,1788170413001,,,0,attack_challenge,up,2,,,,
1788170413263,watch4,94,89,5,5,playing,watch4,attack_challenge,,watch4,True,10,c,1788170413263,,,0,attack_challenge,down,3,,,,
1788170414002,watch3,91,82,9,9,playing,watch4,attack_challenge,,watch3,True,10,c,1788170414002,,,0,attack_challenge,up,2,,,,
1788170414301,watch4,96,89,7,7,playing,watch4,attack_challenge,,watch4,True,10,c,1788170414301,,,0,attack_challenge,down,3,,,,
1788170414950,watch1,98,74,24,24,playing,watch4,attack_challenge,,watch1,True,10,c,1788170414950,,,0,attack_challenge,down,1,,,,
1788170415336,watch1,98,74,24,24,playing,watch4,attack_challenge,,watch1,True,10,c,1788170414950,,,0,attack_challenge,down,1,,,20260831_185316,3
1788170415336,watch2,86,79,7,7,playing,watch4,attack_challenge,,watch1,False,10,c,1788170414840,,,0,attack_challenge,down,2,,,20260831_185316,3
1788170415336,watch3,91,82,9,9,playing,watch4,attack_challenge,,watch1,False,10,c,1788170414002,,,0,attack_challenge,down,2,,,20260831_185316,3
1788170415336,watch4,97,89,8,8,playing,watch4,attack_challenge,,watch1,False,10,c,1788170415215,,,0,attack_challenge,down,3,,,20260831_185316,3
1788170415771,watch2,84,79,5,5,playing,watch4,attack_challenge,,watch2,True,10,c,1788170415771,,,0,attack_challenge,down,2,,,,
1788170416078,watch3,93,82,11,11,playing,watch4,attack_challenge,,watch3,True,10,c,1788170416078,,,0,attack_challenge,up,2,,,,
1788170416358,watch4,98,89,9,9,playing,watch4,attack_challenge,,watch4,True,10,c,1788170416358,,,0,attack_challenge,down,3,,,,
1788170416776,watch2,82,79,3,3,playing,watch4,attack_challenge,,watch2,True,10,c,1788170416776,,,0,attack_challenge,down,2,,,,
1788170417155,watch1,94,74,20,20,playing,watch4,attack_challenge,,watch1,True,10,c,1788170417030,,,0,attack_challenge,down,1,,,20260831_185316,3
1788170417155,watch2,82,79,3,3,playing,watch4,attack_challenge,,watch1,False,10,c,1788170416776,,,0,attack_challenge,down,2,,,20260831_185316,3
1788170417155,watch3,91,82,9,9,playing,watch4,attack_challenge,,watch1,False,10,c,1788170415920,,,0,attack_challenge,down,2,,,20260831_185316,3
1788170417155,watch4,98,89,9,9,playing,watch4,attack_challenge,,watch1,False,10,c,1788170416358,,,0,attack_challenge,down,3,,,20260831_185316,3
1788170418833,watch1,94,74,20,20,playing,watch1,attack_challenge,,watch2,False,10,c,1788170418438,,,0,attack_challenge,down,1,,,20260831_185316,3
1788170418833,watch2,82,79,3,3,playing,watch1,attack_challenge,,watch2,True,10,c,1788170418438,,,0,attack_challenge,down,2,,,20260831_185316,3
1788170418833,watch3,93,82,11,11,playing,watch1,attack_challenge,,watch2,False,10,c,1788170418438,,,0,attack_challenge,down,2,,,20260831_185316,3
1788170418833,watch4,98,89,9,9,playing,watch1,attack_challenge,,watch2,False,10,c,1788170418438,,,0,attack_challenge,down,3,,,20260831_185316,3
1788170418974,watch1,92,74,18,18,playing,watch1,attack_challenge,,watch1,True,10,c,1788170418974,,,0,attack_challenge,down,1,,,,
1788170419038,watch3,92,82,10,10,playing,watch1,attack_challenge,,watch3,True,10,c,1788170419038,,,0,attack_challenge,up,2,,,,
1788170419267,watch4,99,89,10,10,playing,watch1,attack_challenge,,watch4,True,10,c,1788170419267,,,0,attack_challenge,down,3,,,,
1788170420102,watch1,92,74,18,18,playing,watch1,attack_challenge,,watch2,False,10,c,1788170418974,,,0,attack_challenge,down,1,,,20260831_185316,3
1788170420102,watch2,82,79,3,3,playing,watch1,attack_challenge,,watch2,True,10,c,1788170419720,,,0,attack_challenge,down,2,,,20260831_185316,3
1788170420102,watch3,92,82,10,10,playing,watch1,attack_challenge,,watch2,False,10,c,1788170419038,,,0,attack_challenge,down,2,,,20260831_185316,3
1788170420102,watch4,99,89,10,10,playing,watch1,attack_challenge,,watch2,False,10,c,1788170419267,,,0,attack_challenge,down,3,,,20260831_185316,3
1788170420849,watch2,83,79,4,4,playing,watch1,attack_challenge,,watch2,True,10,c,1788170420849,,,0,attack_challenge,down,2,,,,
1788170421176,watch3,91,82,9,9,playing,watch1,attack_challenge,,watch3,True,10,c,1788170421176,,,0,attack_challenge,up,2,,,,
1788170421523,watch1,92,74,18,18,playing,watch1,attack_challenge,,watch2,False,10,c,1788170420801,,,0,attack_challenge,down,1,,,20260831_185316,3
1788170421523,watch2,82,79,3,3,playing,watch1,attack_challenge,,watch2,True,10,c,1788170420801,,,0,attack_challenge,down,2,,,20260831_185316,3
1788170421523,watch3,92,82,10,10,playing,watch1,attack_challenge,,watch2,False,10,c,1788170420801,,,0,attack_challenge,down,2,,,20260831_185316,3
1788170421523,watch4,99,89,10,10,playing,watch1,attack_challenge,,watch2,False,10,c,1788170420801,,,0,attack_challenge,down,3,,,20260831_185316,3
1788170422037,watch3,90,82,8,8,playing,watch1,attack_challenge,,watch3,True,10,c,1788170422037,,,0,attack_challenge,up,2,,,,
1788170422267,watch4,100,89,11,11,playing,watch1,attack_challenge,,watch4,True,10,c,1788170422267,,,0,attack_challenge,down,3,,,,
1788170422846,watch2,82,79,3,3,playing,watch1,attack_challenge,,watch2,True,10,c,1788170422846,,,0,attack_challenge,down,2,,,,
1788170423203,watch1,94,74,20,20,playing,watch1,attack_challenge,,watch1,True,10,c,1788170423203,,,0,attack_challenge,down,1,,,,
1788170424047,watch3,91,82,9,9,playing,watch1,attack_challenge,,watch3,True,10,c,1788170424047,,,0,attack_challenge,up,2,,,,
1788170424369,watch1,94,74,20,20,playing,watch1,attack_challenge,,watch2,False,10,c,1788170423203,,,0,attack_challenge,down,1,,,20260831_185316,3
1788170424369,watch2,82,79,3,3,playing,watch1,attack_challenge,,watch2,True,10,c,1788170422846,,,0,attack_challenge,down,2,,,20260831_185316,3
1788170424369,watch3,91,82,9,9,playing,watch1,attack_challenge,,watch2,False,10,c,1788170424047,,,0,attack_challenge,down,2,,,20260831_185316,3
1788170424369,watch4,100,89,11,11,playing,watch1,attack_challenge,,watch2,False,10,c,1788170423668,,,0,attack_challenge,down,3,,,20260831_185316,3
1788170425003,watch1,93,74,19,19,playing,watch1,attack_challenge,,watch1,True,10,c,1788170425003,,,0,attack_challenge,down,1,,,,
1788170425650,watch1,93,74,19,19,playing,watch1,attack_challenge,,watch2,False,10,c,1788170425003,,,0,attack_challenge,down,1,,,20260831_185316,3
1788170425650,watch2,82,79,3,3,playing,watch1,attack_challenge,,watch2,True,10,c,1788170424788,,,0,attack_challenge,down,2,,,20260831_185316,3
1788170425650,watch3,91,82,9,9,playing,watch1,attack_challenge,,watch2,False,10,c,1788170424047,,,0,attack_challenge,down,2,,,20260831_185316,3
1788170425650,watch4,100,89,11,11,playing,watch1,attack_challenge,,watch2,False,10,c,1788170424788,,,0,attack_challenge,down,3,,,20260831_185316,3
1788170426050,watch3,90,82,8,8,playing,watch1,attack_challenge,,watch3,True,10,c,1788170426050,,,0,attack_challenge,up,2,,,,
1788170426289,watch4,101,89,12,12,playing,watch1,attack_challenge,,watch4,True,10,c,1788170426289,,,0,attack_challenge,down,3,,,,
1788170426834,watch2,81,79,2,2,playing,watch1,attack_challenge,,watch2,True,10,c,1788170426834,,,0,attack_challenge,down,2,,,,
1788170427099,watch1,92,74,18,18,playing,watch1,attack_challenge,,watch1,True,10,c,1788170427099,,,0,attack_challenge,down,1,,,,
1788170428011,watch1,91,74,17,17,playing,watch1,attack_challenge,,watch1,True,10,c,1788170428011,,,0,attack_challenge,down,1,,,,
1788170428064,watch3,89,82,7,7,playing,watch1,attack_challenge,,watch3,True,10,c,1788170428064,,,0,attack_challenge,up,2,,,,
1788170428687,watch1,91,74,17,17,playing,watch1,attack_challenge,,watch2,False,20,a,1788170428011,,watch3,1,attack_challenge,down,1,,,20260831_185316,3
1788170428687,watch2,81,79,2,2,playing,watch1,attack_challenge,,watch2,True,20,a,1788170428335,,watch3,1,attack_challenge,down,2,,,20260831_185316,3
1788170428687,watch3,89,82,7,7,playing,watch1,attack_challenge,,watch2,False,20,a,1788170428064,,watch3,1,attack_challenge,down,2,,,20260831_185316,3
1788170428687,watch4,101,89,12,12,playing,watch1,attack_challenge,,watch2,False,20,a,1788170428335,,watch3,1,attack_challenge,down,3,,,20260831_185316,3
1788170428865,watch2,80,79,1,1,playing,watch1,attack_challenge,,watch2,True,20,a,1788170428865,,watch3,1,attack_challenge,down,2,,,,
1788170430077,watch3,88,82,6,6,playing,watch1,attack_challenge,,watch3,True,10,c,1788170430077,,,0,attack_challenge,up,2,,,,
1788170430867,watch2,81,79,2,2,playing,watch2,attack_challenge,,watch2,True,20,a,1788170430867,,watch3,1,attack_challenge,down,2,,,,
1788170431105,watch3,83,82,1,1,playing,watch2,attack_challenge,,watch3,True,10,c,1788170431105,,,0,attack_challenge,up,2,,,,
1788170431466,watch1,91,74,17,17,playing,watch2,attack_challenge,,watch3,False,10,c,1788170430743,,,0,attack_challenge,up,1,,,20260831_185316,3
1788170431466,watch2,81,79,2,2,playing,watch2,attack_challenge,,watch3,False,10,c,1788170430867,,,0,attack_challenge,up,2,,,20260831_185316,3
1788170431466,watch3,83,82,1,1,playing,watch2,attack_challenge,,watch3,True,10,c,1788170431105,,,0,attack_challenge,up,2,,,20260831_185316,3
1788170431466,watch4,101,89,12,12,playing,watch2,attack_challenge,,watch3,False,10,c,1788170430743,,,0,attack_challenge,up,3,,,20260831_185316,3
1788170432057,watch1,85,74,11,11,playing,watch2,attack_challenge,,watch1,True,10,c,1788170432057,,,0,attack_challenge,down,1,,,,
1788170432112,watch3,81,82,-1,1,playing,watch2,attack_challenge,,watch3,True,10,c,1788170432112,,,0,attack_challenge,up,2,,,,
1788170432350,watch4,103,89,14,14,playing,watch2,attack_challenge,,watch4,True,10,c,1788170432350,,,0,attack_challenge,down,3,,,,
1788170433000,watch1,85,74,11,11,playing,watch2,attack_challenge,,watch3,False,10,c,1788170432057,,,0,attack_challenge,up,1,,,20260831_185316,3
1788170433000,watch2,82,79,3,3,playing,watch2,attack_challenge,,watch3,False,10,c,1788170432882,,,0,attack_challenge,up,2,,,20260831_185316,3
1788170433000,watch3,81,82,-1,1,playing,watch2,attack_challenge,,watch3,True,10,c,1788170432112,,,0,attack_challenge,up,2,,,20260831_185316,3
1788170433000,watch4,103,89,14,14,playing,watch2,attack_challenge,,watch3,False,10,c,1788170432350,,,0,attack_challenge,up,3,,,20260831_185316,3
1788170433238,watch3,78,82,-4,4,playing,watch2,attack_challenge,,watch3,True,10,c,1788170433238,,,0,attack_challenge,up,2,,,,
1788170434095,watch1,88,74,14,14,playing,watch2,attack_challenge,,watch1,True,10,c,1788170434095,,,0,attack_challenge,down,1,,,,
1788170434735,watch1,88,74,14,14,playing,watch2,attack_challenge,,watch3,False,10,c,1788170434095,,,0,attack_challenge,up,1,,,20260831_185316,3
1788170434735,watch2,82,79,3,3,playing,watch2,attack_challenge,,watch3,False,10,c,1788170434234,,,0,attack_challenge,up,2,,,20260831_185316,3
1788170434735,watch3,78,82,-4,4,playing,watch2,attack_challenge,,watch3,True,10,c,1788170433238,,,0,attack_challenge,up,2,,,20260831_185316,3
1788170434735,watch4,102,89,13,13,playing,watch2,attack_challenge,,watch3,False,10,c,1788170434439,,,0,attack_challenge,up,3,,,20260831_185316,3
1788170435107,watch3,76,82,-6,6,playing,watch2,attack_challenge,,watch3,True,10,c,1788170435107,,,0,attack_challenge,up,2,,,,
1788170436112,watch1,87,74,13,13,playing,watch2,attack_challenge,,watch1,True,10,c,1788170436112,,,0,attack_challenge,down,1,,,,
1788170437522,watch1,87,74,13,13,playing,watch2,attack_challenge,,watch3,False,10,c,1788170436112,,,0,attack_challenge,up,1,,,20260831_185316,3
1788170437522,watch2,82,79,3,3,playing,watch2,attack_challenge,,watch3,False,10,c,1788170436728,,,0,attack_challenge,up,2,,,20260831_185316,3
1788170437522,watch3,76,82,-6,6,playing,watch2,attack_challenge,,watch3,True,10,c,1788170436728,,,0,attack_challenge,up,2,,,20260831_185316,3
1788170437522,watch4,102,89,13,13,playing,watch2,attack_challenge,,watch3,False,10,c,1788170436728,,,0,attack_challenge,up,3,,,20260831_185316,3
1788170438114,watch1,86,74,12,12,playing,watch2,attack_challenge,,watch1,True,10,c,1788170438114,,,0,attack_challenge,down,1,,,,
1788170438444,watch4,103,89,14,14,playing,watch2,attack_challenge,,watch4,True,10,c,1788170438444,,,0,attack_challenge,down,3,,,,
1788170438841,watch1,86,74,12,12,playing,watch2,attack_challenge,,watch3,False,10,c,1788170438114,,,0,attack_challenge,up,1,,,20260831_185316,3
1788170438841,watch2,82,79,3,3,playing,watch2,attack_challenge,,watch3,False,10,c,1788170437854,,,0,attack_challenge,up,2,,,20260831_185316,3
1788170438841,watch3,76,82,-6,6,playing,watch2,attack_challenge,,watch3,True,10,c,1788170437854,,,0,attack_challenge,up,2,,,20260831_185316,3
1788170438841,watch4,103,89,14,14,playing,watch2,attack_challenge,,watch3,False,10,c,1788170438444,,,0,attack_challenge,up,3,,,20260831_185316,3
1788170439128,watch3,74,82,-8,8,playing,watch2,attack_challenge,,watch3,True,10,c,1788170439128,,,0,attack_challenge,up,2,,,,
1788170439425,watch4,104,89,15,15,playing,watch2,attack_challenge,,watch4,True,10,c,1788170439425,,,0,attack_challenge,down,3,,,,
1788170440215,watch1,84,74,10,10,playing,watch2,attack_challenge,,watch1,True,10,c,1788170440215,,,0,attack_challenge,down,1,,,,
1788170440215,watch3,75,82,-7,7,playing,watch2,attack_challenge,,watch3,True,10,c,1788170440215,,,0,attack_challenge,up,2,,,,
1788170441260,watch1,86,74,12,12,playing,watch2,attack_challenge,,watch3,False,10,c,1788170440121,,,0,attack_challenge,up,1,,,20260831_185316,3
1788170441260,watch2,82,79,3,3,playing,watch2,attack_challenge,,watch3,False,10,c,1788170440121,,,0,attack_challenge,up,2,,,20260831_185316,3
1788170441260,watch3,74,82,-8,8,playing,watch2,attack_challenge,,watch3,True,10,c,1788170439128,,,0,attack_challenge,up,2,,,20260831_185316,3
1788170441260,watch4,104,89,15,15,playing,watch2,attack_challenge,,watch3,False,10,c,1788170439425,,,0,attack_challenge,up,3,,,20260831_185316,3
1788170441289,watch4,110,89,21,21,playing,watch2,attack_challenge,,watch4,True,10,c,1788170441289,,,0,attack_challenge,down,3,,,,
1788170441950,watch2,80,79,1,1,playing,watch2,attack_challenge,,watch2,True,20,a,1788170441950,,watch3,1,attack_challenge,down,2,,,,
1788170442324,watch4,111,89,22,22,playing,watch2,attack_challenge,,watch4,True,10,c,1788170442324,,,0,attack_challenge,down,3,,,,
1788170442323,watch1,85,74,11,11,playing,watch2,attack_challenge,,watch1,True,10,c,1788170442323,,,0,attack_challenge,down,1,,,,
1788170443955,watch2,79,79,0,0,playing,watch2,attack_challenge,,watch2,True,20,a,1788170443955,,watch3,1,attack_challenge,down,2,,,,
1788170444283,watch1,88,74,14,14,playing,watch2,attack_challenge,,watch1,True,10,c,1788170444283,,,0,attack_challenge,down,1,,,,
1788170444282,watch3,76,82,-6,6,playing,watch2,attack_challenge,,watch3,True,10,c,1788170444282,,,0,attack_challenge,up,2,,,,
1788170445177,watch3,77,82,-5,5,playing,watch2,attack_challenge,,watch3,True,10,c,1788170445177,,,0,attack_challenge,up,2,,,,
1788170445947,watch2,78,79,-1,1,playing,watch2,attack_challenge,,watch2,True,20,a,1788170445947,,watch3,1,attack_challenge,down,2,,,,
1788170446397,watch4,112,89,23,23,playing,watch2,attack_challenge,,watch4,True,10,c,1788170446397,,,0,attack_challenge,down,3,,,,
1788170446396,watch1,93,74,19,19,playing,watch2,attack_challenge,,watch1,True,10,c,1788170446396,,,0,attack_challenge,down,1,,,,
1788170447197,watch3,78,82,-4,4,playing,watch2,attack_challenge,,watch3,True,10,c,1788170447197,,,0,attack_challenge,up,2,,,,
1788170447248,watch1,96,74,22,22,playing,watch2,attack_challenge,,watch1,True,10,c,1788170447248,,,0,attack_challenge,down,1,,,,
1788170447358,watch4,113,89,24,24,playing,watch2,attack_challenge,,watch4,True,10,c,1788170447358,,,0,attack_challenge,down,3,,,,
1788170448837,watch1,96,74,22,22,playing,watch2,attack_challenge,,watch3,False,10,c,1788170447248,,,0,attack_challenge,up,1,,,20260831_185316,3
1788170448837,watch2,78,79,-1,1,playing,watch2,attack_challenge,,watch3,False,10,c,1788170448197,,,0,attack_challenge,up,2,,,20260831_185316,3
1788170448837,watch3,78,82,-4,4,playing,watch2,attack_challenge,,watch3,True,10,c,1788170448197,,,0,attack_challenge,up,2,,,20260831_185316,3
1788170448837,watch4,112,89,23,23,playing,watch2,attack_challenge,,watch3,False,10,c,1788170448197,,,0,attack_challenge,up,3,,,20260831_185316,3
1788170449161,watch3,79,82,-3,3,playing,watch2,attack_challenge,,watch3,True,10,c,1788170449161,,,0,attack_challenge,up,2,,,,
1788170449206,watch1,100,74,26,26,playing,watch2,attack_challenge,,watch1,True,10,c,1788170449206,,,0,attack_challenge,down,1,,,,
1788170449566,watch4,116,89,27,27,playing,watch2,attack_challenge,,watch4,True,10,c,1788170449566,,,0,attack_challenge,down,3,,,,
1788170450444,watch4,118,89,29,29,playing,watch2,attack_challenge,,watch4,True,10,c,1788170450444,,,0,attack_challenge,down,3,,,,
1788170451166,watch3,80,82,-2,2,playing,watch2,attack_challenge,,watch3,True,10,c,1788170451166,,,0,attack_challenge,up,2,,,,
1788170451253,watch1,110,74,36,36,playing,watch2,attack_challenge,,watch1,True,10,c,1788170451253,,,0,attack_challenge,down,1,,,,
1788170451324,watch4,120,89,31,31,playing,watch2,attack_challenge,,watch4,True,10,c,1788170451324,,,0,attack_challenge,down,3,,,,
1788170452078,watch2,76,79,-3,3,playing,watch2,attack_challenge,,watch2,True,20,a,1788170452078,,watch3,1,attack_challenge,down,2,,,,
1788170452464,watch4,129,89,40,40,playing,watch2,attack_challenge,,watch4,True,10,c,1788170452464,,,0,attack_challenge,down,3,,,,
1788170453263,watch1,117,74,43,43,playing,watch2,attack_challenge,,watch1,True,10,c,1788170453263,,,0,attack_challenge,down,1,,,,
1788170453380,watch4,130,89,41,41,playing,watch2,attack_challenge,,watch4,True,10,c,1788170453380,,,0,attack_challenge,down,3,,,,
1788170454344,watch1,117,74,43,43,playing,watch2,attack_challenge,,watch3,False,30,c,1788170453263,,"watch1,watch4",2,attack_challenge,up,1,,,20260831_185316,3
1788170454344,watch2,76,79,-3,3,playing,watch2,attack_challenge,,watch3,False,30,c,1788170453384,,"watch1,watch4",2,attack_challenge,up,2,,,20260831_185316,3
1788170454344,watch3,82,82,0,0,playing,watch2,attack_challenge,,watch3,True,30,c,1788170454192,,"watch1,watch4",2,attack_challenge,up,2,,,20260831_185316,3
1788170454344,watch4,130,89,41,41,playing,watch2,attack_challenge,,watch3,False,30,c,1788170453380,,"watch1,watch4",2,attack_challenge,up,3,,,20260831_185316,3
1788170454755,watch4,129,89,40,40,playing,watch2,attack_challenge,,watch4,True,10,c,1788170454755,,,0,attack_challenge,down,3,,,,
1788170455270,watch1,119,74,45,45,playing,watch2,attack_challenge,,watch1,True,10,c,1788170455270,,,0,attack_challenge,down,1,,,,
1788170455184,watch3,84,82,2,2,playing,watch2,attack_challenge,,watch3,True,30,c,1788170455184,,"watch1,watch4",2,attack_challenge,up,2,,,,
1788170456222,watch1,117,74,43,43,playing,watch2,attack_challenge,,watch3,False,30,a,1788170455187,,"watch1,watch4",2,attack_challenge,up,1,,,20260831_185316,3
1788170456222,watch2,78,79,-1,1,playing,watch2,attack_challenge,,watch3,False,30,a,1788170455997,,"watch1,watch4",2,attack_challenge,up,2,,,20260831_185316,3
1788170456222,watch3,84,82,2,2,playing,watch2,attack_challenge,,watch3,True,30,a,1788170455184,,"watch1,watch4",2,attack_challenge,up,2,,,20260831_185316,3
1788170456222,watch4,129,89,40,40,playing,watch2,attack_challenge,,watch3,False,30,a,1788170454755,,"watch1,watch4",2,attack_challenge,up,3,,,20260831_185316,3
1788170456456,watch4,128,89,39,39,playing,watch2,attack_challenge,,watch4,True,10,c,1788170456456,,,0,attack_challenge,down,3,,,,
1788170457282,watch1,120,74,46,46,playing,watch2,attack_challenge,,watch1,True,10,c,1788170457282,,,0,attack_challenge,down,1,,,,
1788170457352,watch4,125,89,36,36,playing,watch2,attack_challenge,,watch4,True,10,c,1788170457352,,,0,attack_challenge,down,3,,,,
1788170457980,watch1,120,74,46,46,playing,watch2,attack_challenge,,watch3,False,30,a,1788170457282,,"watch1,watch4",2,attack_challenge,up,1,,,20260831_185316,3
1788170457980,watch2,78,79,-1,1,playing,watch2,attack_challenge,,watch3,False,30,a,1788170455997,,"watch1,watch4",2,attack_challenge,up,2,,,20260831_185316,3
1788170457980,watch3,84,82,2,2,playing,watch2,attack_challenge,,watch3,True,30,a,1788170456510,,"watch1,watch4",2,attack_challenge,up,2,,,20260831_185316,3
1788170457980,watch4,125,89,36,36,playing,watch2,attack_challenge,,watch3,False,30,a,1788170457352,,"watch1,watch4",2,attack_challenge,up,3,,,20260831_185316,3
1788170458024,watch2,79,79,0,0,playing,watch2,attack_challenge,,watch2,True,20,a,1788170458024,,watch3,1,attack_challenge,down,2,,,,
1788170458507,watch4,118,89,29,29,playing,watch2,attack_challenge,,watch4,True,10,c,1788170458507,,,0,attack_challenge,down,3,,,,
1788170459026,watch2,80,79,1,1,playing,watch2,attack_challenge,,watch2,True,20,a,1788170459026,,watch3,1,attack_challenge,down,2,,,,
1788170459366,watch4,115,89,26,26,playing,watch2,attack_challenge,,watch4,True,10,c,1788170459366,,,0,attack_challenge,down,3,,,,
1788170459365,watch3,83,82,1,1,playing,watch2,attack_challenge,,watch3,True,30,c,1788170459365,,"watch1,watch4",2,attack_challenge,up,2,,,,
1788170460691,watch4,114,89,25,25,playing,watch2,attack_challenge,,watch4,True,10,c,1788170460691,,,0,attack_challenge,down,3,,,,
1788170461256,watch3,82,82,0,0,playing,watch3,attack_challenge,,watch3,True,30,c,1788170461256,,"watch1,watch4",2,attack_challenge,up,2,,,,
1788170461429,watch1,116,74,42,42,playing,watch3,attack_challenge,,watch1,True,10,c,1788170461429,,,0,attack_challenge,down,1,,,,
1788170461552,watch4,112,89,23,23,playing,watch3,attack_challenge,,watch4,True,10,c,1788170461552,,,0,attack_challenge,down,3,,,,
1788170462434,watch4,109,89,20,20,playing,watch3,attack_challenge,,watch4,True,10,c,1788170462434,,,0,attack_challenge,down,3,,,,
1788170463046,watch1,120,74,46,46,playing,watch3,attack_challenge,,watch4,False,10,c,1788170461694,,,0,attack_challenge,up,1,,,20260831_185316,3
1788170463046,watch2,80,79,1,1,playing,watch3,attack_challenge,,watch4,False,10,c,1788170461694,,,0,attack_challenge,up,2,,,20260831_185316,3
1788170463046,watch3,82,82,0,0,playing,watch3,attack_challenge,,watch4,False,10,c,1788170461694,,,0,attack_challenge,up,2,,,20260831_185316,3
1788170463046,watch4,109,89,20,20,playing,watch3,attack_challenge,,watch4,True,10,c,1788170462434,,,0,attack_challenge,up,3,,,20260831_185316,3
1788170463326,watch1,112,74,38,38,playing,watch3,attack_challenge,,watch1,True,10,c,1788170463326,,,0,attack_challenge,down,1,,,,
1788170463383,watch4,107,89,18,18,playing,watch3,attack_challenge,,watch4,True,10,c,1788170463383,,,0,attack_challenge,up,3,,,,
1788170464391,watch4,106,89,17,17,playing,watch3,attack_challenge,,watch4,True,10,c,1788170464391,,,0,attack_challenge,up,3,,,,
1788170465345,watch1,108,74,34,34,playing,watch3,attack_challenge,,watch1,True,10,c,1788170465345,,,0,attack_challenge,down,1,,,,
1788170465787,watch1,108,74,34,34,playing,watch3,attack_challenge,,watch4,False,10,c,1788170465345,,,0,attack_challenge,up,1,,,20260831_185316,3
1788170465787,watch2,80,79,1,1,playing,watch3,attack_challenge,,watch4,False,10,c,1788170464998,,,0,attack_challenge,up,2,,,20260831_185316,3
1788170465787,watch3,82,82,0,0,playing,watch3,attack_challenge,,watch4,False,10,c,1788170464998,,,0,attack_challenge,up,2,,,20260831_185316,3
1788170465787,watch4,106,89,17,17,playing,watch3,attack_challenge,,watch4,True,10,c,1788170464391,,,0,attack_challenge,up,3,,,20260831_185316,3
1788170466393,watch4,107,89,18,18,playing,watch3,attack_challenge,,watch4,True,10,c,1788170466393,,,0,attack_challenge,up,3,,,,
1788170467102,watch1,108,74,34,34,playing,watch3,attack_challenge,,watch4,False,10,c,1788170465345,,,0,attack_challenge,up,1,,,20260831_185316,3
1788170467102,watch2,80,79,1,1,playing,watch3,attack_challenge,,watch4,False,10,c,1788170466216,,,0,attack_challenge,up,2,,,20260831_185316,3
1788170467102,watch3,82,82,0,0,playing,watch3,attack_challenge,,watch4,False,10,c,1788170466216,,,0,attack_challenge,up,2,,,20260831_185316,3
1788170467102,watch4,107,89,18,18,playing,watch3,attack_challenge,,watch4,True,10,c,1788170466393,,,0,attack_challenge,up,3,,,20260831_185316,3
1788170467405,watch4,106,89,17,17,playing,watch3,attack_challenge,,watch4,True,10,c,1788170467405,,,0,attack_challenge,up,3,,,,
1788170467405,watch1,106,74,32,32,playing,watch3,attack_challenge,,watch1,True,10,c,1788170467405,,,0,attack_challenge,down,1,,,,
1788170468220,watch3,83,82,1,1,playing,watch3,attack_challenge,,watch3,True,30,c,1788170468220,,"watch1,watch4",2,attack_challenge,up,2,,,,
1788170468808,watch1,108,74,34,34,playing,watch3,attack_challenge,,watch4,False,10,c,1788170467351,,,0,attack_challenge,up,1,,,20260831_185316,3
1788170468808,watch2,80,79,1,1,playing,watch3,attack_challenge,,watch4,False,10,c,1788170467351,,,0,attack_challenge,up,2,,,20260831_185316,3
1788170468808,watch3,83,82,1,1,playing,watch3,attack_challenge,,watch4,False,10,c,1788170468220,,,0,attack_challenge,up,2,,,20260831_185316,3
1788170468808,watch4,105,89,16,16,playing,watch3,attack_challenge,,watch4,True,10,c,1788170468515,,,0,attack_challenge,up,3,,,20260831_185316,3
1788170469073,watch2,81,79,2,2,playing,watch3,attack_challenge,,watch2,True,20,a,1788170469073,,watch3,1,attack_challenge,down,2,,,,
1788170469389,watch1,105,74,31,31,playing,watch3,attack_challenge,,watch1,True,10,c,1788170469389,,,0,attack_challenge,down,1,,,,
1788170469443,watch4,102,89,13,13,playing,watch3,attack_challenge,,watch4,True,10,c,1788170469443,,,0,attack_challenge,up,3,,,,
1788170470340,watch1,105,74,31,31,playing,watch3,attack_challenge,,watch4,False,10,c,1788170469389,,,0,attack_challenge,up,1,,,20260831_185316,3
1788170470340,watch2,81,79,2,2,playing,watch3,attack_challenge,,watch4,False,10,c,1788170469073,,,0,attack_challenge,up,2,,,20260831_185316,3
1788170470340,watch3,82,82,0,0,playing,watch3,attack_challenge,,watch4,False,10,c,1788170470212,,,0,attack_challenge,up,2,,,20260831_185316,3
1788170470340,watch4,102,89,13,13,playing,watch3,attack_challenge,,watch4,True,10,c,1788170469443,,,0,attack_challenge,up,3,,,20260831_185316,3
1788170470723,watch1,104,74,30,30,playing,watch3,attack_challenge,,watch1,True,10,c,1788170470723,,,0,attack_challenge,down,1,,,,
1788170470726,watch4,101,89,12,12,playing,watch3,attack_challenge,,watch4,True,10,c,1788170470726,,,0,attack_challenge,up,3,,,,
1788170471310,watch2,80,79,1,1,playing,watch3,attack_challenge,,watch2,True,20,a,1788170471310,,watch3,1,attack_challenge,down,2,,,,
1788170471697,watch4,100,89,11,11,playing,watch3,attack_challenge,,watch4,True,10,c,1788170471697,,,0,attack_challenge,up,3,,,,
1788170472065,watch1,105,74,31,31,playing,watch3,attack_challenge,,watch4,False,10,c,1788170469389,,,0,attack_challenge,up,1,,,20260831_185316,3
1788170472065,watch2,81,79,2,2,playing,watch3,attack_challenge,,watch4,False,10,c,1788170471110,,,0,attack_challenge,up,2,,,20260831_185316,3
1788170472065,watch3,82,82,0,0,playing,watch3,attack_challenge,,watch4,False,10,c,1788170470212,,,0,attack_challenge,up,2,,,20260831_185316,3
1788170472065,watch4,100,89,11,11,playing,watch3,attack_challenge,,watch4,True,10,c,1788170471697,,,0,attack_challenge,up,3,,,20260831_185316,3
1788170472216,watch3,83,82,1,1,playing,watch3,attack_challenge,,watch3,True,30,c,1788170472216,,"watch1,watch4",2,attack_challenge,up,2,,,,
1788170472556,watch4,99,89,10,10,playing,watch3,attack_challenge,,watch4,True,10,c,1788170472556,,,0,attack_challenge,up,3,,,,
1788170472554,watch1,102,74,28,28,playing,watch3,attack_challenge,,watch1,True,10,c,1788170472554,,,0,attack_challenge,down,1,,,,
1788170473221,watch3,82,82,0,0,playing,watch3,attack_challenge,,watch3,True,30,c,1788170473221,,"watch1,watch4",2,attack_challenge,up,2,,,,
1788170473593,watch1,104,74,30,30,playing,watch3,attack_challenge,,watch4,False,10,c,1788170472457,,,0,attack_challenge,up,1,,,20260831_185316,3
1788170473593,watch2,80,79,1,1,playing,watch3,attack_challenge,,watch4,False,10,c,1788170472457,,,0,attack_challenge,up,2,,,20260831_185316,3
1788170473593,watch3,82,82,0,0,playing,watch3,attack_challenge,,watch4,False,10,c,1788170473221,,,0,attack_challenge,up,2,,,20260831_185316,3
1788170473593,watch4,100,89,11,11,playing,watch3,attack_challenge,,watch4,True,10,c,1788170471697,,,0,attack_challenge,up,3,,,20260831_185316,3
1788170474403,watch1,101,74,27,27,playing,watch3,attack_challenge,,watch1,True,10,c,1788170474403,,,0,attack_challenge,down,1,,,,
1788170474908,watch1,101,74,27,27,playing,watch3,attack_challenge,,watch4,False,10,c,1788170474403,,,0,attack_challenge,up,1,,,20260831_185316,3
1788170474908,watch2,80,79,1,1,playing,watch3,attack_challenge,,watch4,False,10,c,1788170473785,,,0,attack_challenge,up,2,,,20260831_185316,3
1788170474908,watch3,82,82,0,0,playing,watch3,attack_challenge,,watch4,False,10,c,1788170473221,,,0,attack_challenge,up,2,,,20260831_185316,3
1788170474908,watch4,99,89,10,10,playing,watch3,attack_challenge,,watch4,True,10,c,1788170473785,,,0,attack_challenge,up,3,,,20260831_185316,3
1788170476462,watch1,101,74,27,27,playing,watch3,attack_challenge,,watch4,False,10,c,1788170476166,,,0,attack_challenge,up,1,,,20260831_185316,3
1788170476462,watch2,80,79,1,1,playing,watch3,attack_challenge,,watch4,False,10,c,1788170476166,,,0,attack_challenge,up,2,,,20260831_185316,3
1788170476462,watch3,82,82,0,0,playing,watch3,attack_challenge,,watch4,False,10,c,1788170476166,,,0,attack_challenge,up,2,,,20260831_185316,3
1788170476462,watch4,99,89,10,10,playing,watch3,attack_challenge,,watch4,True,10,c,1788170476166,,,0,attack_challenge,up,3,,,20260831_185316,3
1788170477793,watch1,101,74,27,27,playing,watch3,attack_challenge,,watch4,False,10,c,1788170477422,,,0,attack_challenge,up,1,,,20260831_185316,3
1788170477793,watch2,80,79,1,1,playing,watch3,attack_challenge,,watch4,False,10,c,1788170477422,,,0,attack_challenge,up,2,,,20260831_185316,3
1788170477793,watch3,82,82,0,0,playing,watch3,attack_challenge,,watch4,False,10,c,1788170477422,,,0,attack_challenge,up,2,,,20260831_185316,3
1788170477793,watch4,99,89,10,10,playing,watch3,attack_challenge,,watch4,True,10,c,1788170477422,,,0,attack_challenge,up,3,,,20260831_185316,3
1788170478140,watch2,81,79,2,2,playing,watch3,attack_challenge,,watch2,True,20,a,1788170478140,,watch3,1,attack_challenge,down,2,,,,
1788170478424,watch3,83,82,1,1,playing,watch3,attack_challenge,,watch3,True,30,c,1788170478424,,"watch1,watch4",2,attack_challenge,up,2,,,,
1788170478477,watch1,102,74,28,28,playing,watch3,attack_challenge,,watch1,True,10,c,1788170478477,,,0,attack_challenge,down,1,,,,
1788170479238,watch3,82,82,0,0,playing,watch3,attack_challenge,,watch3,True,30,c,1788170479238,,"watch1,watch4",2,attack_challenge,up,2,,,,
1788170480181,watch2,82,79,3,3,playing,watch3,attack_challenge,,watch2,True,20,a,1788170480181,,watch3,1,attack_challenge,down,2,,,,
1788170480824,watch1,96,74,22,22,playing,watch3,attack_challenge,,watch4,False,10,c,1788170480583,,,0,attack_challenge,up,1,,,20260831_185316,3
1788170480824,watch2,81,79,2,2,playing,watch3,attack_challenge,,watch4,False,10,c,1788170480127,,,0,attack_challenge,up,2,,,20260831_185316,3
1788170480824,watch3,82,82,0,0,playing,watch3,attack_challenge,,watch4,False,10,c,1788170479238,,,0,attack_challenge,up,2,,,20260831_185316,3
1788170480824,watch4,99,89,10,10,playing,watch3,attack_challenge,,watch4,True,10,c,1788170480127,,,0,attack_challenge,up,3,,,20260831_185316,3
1788170481238,watch3,83,82,1,1,playing,watch3,attack_challenge,,watch3,True,30,c,1788170481238,,"watch1,watch4",2,attack_challenge,up,2,,,,
1788170482278,watch1,96,74,22,22,playing,watch3,attack_challenge,,watch4,False,10,c,1788170481586,,,0,attack_challenge,up,1,,,20260831_185316,3
1788170482278,watch2,84,79,5,5,playing,watch3,attack_challenge,,watch4,False,10,c,1788170482162,,,0,attack_challenge,up,2,,,20260831_185316,3
1788170482278,watch3,83,82,1,1,playing,watch3,attack_challenge,,watch4,False,10,c,1788170481238,,,0,attack_challenge,up,2,,,20260831_185316,3
1788170482278,watch4,99,89,10,10,playing,watch3,attack_challenge,,watch4,True,10,c,1788170481586,,,0,attack_challenge,up,3,,,20260831_185316,3
1788170482596,watch1,94,74,20,20,playing,watch3,attack_challenge,,watch1,True,10,c,1788170482596,,,0,attack_challenge,down,1,,,,
1788170482595,watch4,101,89,12,12,playing,watch3,attack_challenge,,watch4,True,10,c,1788170482595,,,0,attack_challenge,up,3,,,,
1788170483265,watch3,84,82,2,2,playing,watch3,attack_challenge,,watch3,True,30,c,1788170483265,,"watch1,watch4",2,attack_challenge,up,2,,,,
1788170483551,watch4,104,89,15,15,playing,watch3,attack_challenge,,watch4,True,10,c,1788170483551,,,0,attack_challenge,up,3,,,,
1788170483943,watch1,96,74,22,22,playing,watch3,attack_challenge,,watch4,False,10,c,1788170481586,,,0,attack_challenge,up,1,,,20260831_185316,3
1788170483943,watch2,84,79,5,5,playing,watch3,attack_challenge,,watch4,False,10,c,1788170482162,,,0,attack_challenge,up,2,,,20260831_185316,3
1788170483943,watch3,84,82,2,2,playing,watch3,attack_challenge,,watch4,False,10,c,1788170483265,,,0,attack_challenge,up,2,,,20260831_185316,3
1788170483943,watch4,104,89,15,15,playing,watch3,attack_challenge,,watch4,True,10,c,1788170483551,,,0,attack_challenge,up,3,,,20260831_185316,3
1788170484172,watch2,85,79,6,6,playing,watch3,attack_challenge,,watch2,True,20,a,1788170484172,,watch3,1,attack_challenge,down,2,,,,
1788170484528,watch1,93,74,19,19,playing,watch3,attack_challenge,,watch1,True,10,c,1788170484528,,,0,attack_challenge,down,1,,,,
1788170485252,watch1,93,74,19,19,playing,watch3,attack_challenge,,watch4,False,10,c,1788170484528,,,0,attack_challenge,up,1,,,20260831_185316,3
1788170485252,watch2,85,79,6,6,playing,watch3,attack_challenge,,watch4,False,10,c,1788170484266,,,0,attack_challenge,up,2,,,20260831_185316,3
1788170485252,watch3,84,82,2,2,playing,watch3,attack_challenge,,watch4,False,10,c,1788170484266,,,0,attack_challenge,up,2,,,20260831_185316,3
1788170485252,watch4,104,89,15,15,playing,watch3,attack_challenge,,watch4,True,10,c,1788170483551,,,0,attack_challenge,up,3,,,20260831_185316,3
1788170486190,watch2,86,79,7,7,playing,watch3,attack_challenge,,watch2,True,20,a,1788170486190,,watch3,1,attack_challenge,down,2,,,,
1788170486522,watch3,89,82,7,7,playing,watch3,attack_challenge,,watch3,True,30,c,1788170486522,,"watch1,watch4",2,attack_challenge,up,2,,,,
1788170486522,watch1,95,74,21,21,playing,watch3,attack_challenge,,watch1,True,10,c,1788170486522,,,0,attack_challenge,down,1,,,,
1788170487305,watch3,92,82,10,10,playing,watch3,attack_challenge,,watch3,True,30,c,1788170487305,,"watch1,watch4",2,attack_challenge,up,2,,,,
1788170487716,watch4,105,89,16,16,playing,watch3,attack_challenge,,watch4,True,10,c,1788170487716,,,0,attack_challenge,up,3,,,,
1788170487717,watch1,98,74,24,24,playing,watch3,attack_challenge,,watch1,True,10,c,1788170487717,,,0,attack_challenge,down,1,,,,
1788170488499,watch1,98,74,24,24,playing,watch3,attack_challenge,,watch4,False,10,c,1788170487717,,,0,attack_challenge,up,1,,,20260831_185316,3
1788170488499,watch2,92,79,13,13,playing,watch3,attack_challenge,,watch4,False,10,c,1788170488307,,,0,attack_challenge,up,2,,,20260831_185316,3
1788170488499,watch3,95,82,13,13,playing,watch3,attack_challenge,,watch4,False,10,c,1788170488307,,,0,attack_challenge,up,2,,,20260831_185316,3
1788170488499,watch4,104,89,15,15,playing,watch3,attack_challenge,,watch4,True,10,c,1788170485694,,,0,attack_challenge,up,3,,,20260831_185316,3
1788170488307,watch3,95,82,13,13,playing,watch3,attack_challenge,,watch3,True,30,c,1788170488307,,"watch1,watch4",2,attack_challenge,up,2,,,,
1788170489485,watch4,104,89,15,15,playing,watch3,attack_challenge,,watch4,True,10,c,1788170489485,,,0,attack_challenge,up,3,,,,
1788170489534,watch1,97,74,23,23,playing,watch3,attack_challenge,,watch1,True,10,c,1788170489534,,,0,attack_challenge,down,1,,,,
1788170490282,watch2,89,79,10,10,playing,watch3,attack_challenge,,watch2,True,20,a,1788170490282,,watch3,1,attack_challenge,down,2,,,,
1788170491273,watch3,94,82,12,12,playing,watch3,attack_challenge,,watch3,True,30,c,1788170491273,,"watch1,watch4",2,attack_challenge,up,2,,,,
1788170491946,watch1,97,74,23,23,playing,watch3,attack_challenge,,watch4,False,10,c,1788170491442,,,0,attack_challenge,up,1,,,20260831_185316,3
1788170491946,watch2,89,79,10,10,playing,watch3,attack_challenge,,watch4,False,10,c,1788170491442,,,0,attack_challenge,up,2,,,20260831_185316,3
1788170491946,watch3,94,82,12,12,playing,watch3,attack_challenge,,watch4,False,10,c,1788170491273,,,0,attack_challenge,up,2,,,20260831_185316,3
1788170491946,watch4,104,89,15,15,playing,watch3,attack_challenge,,watch4,True,10,c,1788170489485,,,0,attack_challenge,up,3,,,20260831_185316,3
1788170492349,watch2,91,79,12,12,playing,watch3,attack_challenge,,watch2,True,20,a,1788170492349,,watch3,1,attack_challenge,down,2,,,,
1788170492354,watch3,93,82,11,11,playing,watch3,attack_challenge,,watch3,True,30,c,1788170492354,,"watch1,watch4",2,attack_challenge,up,2,,,,
1788170493297,watch3,91,82,9,9,playing,watch3,attack_challenge,,watch3,True,30,c,1788170493297,,"watch1,watch4",2,attack_challenge,up,2,,,,
1788170493789,watch1,93,74,19,19,playing,watch3,attack_challenge,,watch4,False,10,c,1788170493402,,,0,attack_challenge,up,1,,,20260831_185316,3
1788170493789,watch2,91,79,12,12,playing,watch3,attack_challenge,,watch4,False,10,c,1788170493402,,,0,attack_challenge,up,2,,,20260831_185316,3
1788170493789,watch3,91,82,9,9,playing,watch3,attack_challenge,,watch4,False,10,c,1788170493297,,,0,attack_challenge,up,2,,,20260831_185316,3
1788170493789,watch4,104,89,15,15,playing,watch3,attack_challenge,,watch4,True,10,c,1788170493402,,,0,attack_challenge,up,3,,,20260831_185316,3
1788170494246,watch2,89,79,10,10,playing,watch3,attack_challenge,,watch2,True,20,a,1788170494246,,watch3,1,attack_challenge,down,2,,,,
1788170495107,watch1,93,74,19,19,playing,watch3,attack_challenge,,watch4,False,10,c,1788170494821,,,0,attack_challenge,up,1,,,20260831_185316,3
1788170495107,watch2,89,79,10,10,playing,watch3,attack_challenge,,watch4,False,10,c,1788170494246,,,0,attack_challenge,up,2,,,20260831_185316,3
1788170495107,watch3,91,82,9,9,playing,watch3,attack_challenge,,watch4,False,10,c,1788170494821,,,0,attack_challenge,up,2,,,20260831_185316,3
1788170495107,watch4,104,89,15,15,playing,watch3,attack_challenge,,watch4,True,10,c,1788170494821,,,0,attack_challenge,up,3,,,20260831_185316,3
1788170495498,watch4,102,89,13,13,playing,watch3,attack_challenge,,watch4,True,10,c,1788170495498,,,0,attack_challenge,up,3,,,,
1788170495558,watch1,92,74,18,18,playing,watch3,attack_challenge,,watch1,True,10,c,1788170495558,,,0,attack_challenge,down,1,,,,
1788170496502,watch4,99,89,10,10,playing,watch3,attack_challenge,,watch4,True,10,c,1788170496502,,,0,attack_challenge,up,3,,,,
1788170497310,watch3,92,82,10,10,playing,watch3,attack_challenge,,watch3,True,30,c,1788170497310,,"watch1,watch4",2,attack_challenge,up,2,,,,
1788170497641,watch4,98,89,9,9,playing,watch3,attack_challenge,,watch4,True,10,c,1788170497641,,,0,attack_challenge,up,3,,,,
1788170497641,watch1,90,74,16,16,playing,watch3,attack_challenge,,watch1,True,10,c,1788170497641,,,0,attack_challenge,down,1,,,,
1788170498380,watch2,90,79,11,11,playing,watch3,attack_challenge,,watch2,True,20,a,1788170498380,,watch3,1,attack_challenge,down,2,,,,
1788170498580,watch4,97,89,8,8,playing,watch3,attack_challenge,,watch4,True,10,c,1788170498580,,,0,attack_challenge,up,3,,,,
1788170499521,watch1,90,74,16,16,playing,watch3,attack_challenge,,watch4,False,10,c,1788170497641,,,0,attack_challenge,up,1,,,20260831_185316,3
1788170499521,watch2,89,79,10,10,playing,watch3,attack_challenge,,watch4,False,10,c,1788170498404,,,0,attack_challenge,up,2,,,20260831_185316,3
1788170499521,watch3,92,82,10,10,playing,watch3,attack_challenge,,watch4,False,10,c,1788170498404,,,0,attack_challenge,up,2,,,20260831_185316,3
1788170499521,watch4,97,89,8,8,playing,watch3,attack_challenge,,watch4,True,10,c,1788170498580,,,0,attack_challenge,up,3,,,20260831_185316,3
1788170499697,watch1,89,74,15,15,playing,watch3,attack_challenge,,watch1,True,10,c,1788170499697,,,0,attack_challenge,down,1,,,,
1788170500246,watch2,91,79,12,12,playing,watch3,attack_challenge,,watch2,True,20,a,1788170500246,,watch3,1,attack_challenge,down,2,,,,
1788170500547,watch4,98,89,9,9,playing,watch3,attack_challenge,,watch4,True,10,c,1788170500547,,,0,attack_challenge,up,3,,,,
1788170500546,watch3,93,82,11,11,playing,watch3,attack_challenge,,watch3,True,30,c,1788170500546,,"watch1,watch4",2,attack_challenge,up,2,,,,
1788170501338,watch2,90,79,11,11,playing,watch3,attack_challenge,,watch2,True,20,a,1788170501338,,watch3,1,attack_challenge,down,2,,,,
1788170502311,watch3,94,82,12,12,playing,watch3,attack_challenge,,watch3,True,30,c,1788170502311,,"watch1,watch4",2,attack_challenge,up,2,,,,
1788170502865,watch1,89,74,15,15,playing,watch3,attack_challenge,,watch4,False,10,c,1788170502337,,,0,attack_challenge,up,1,,,20260831_185316,3
1788170502865,watch2,90,79,11,11,playing,watch3,attack_challenge,,watch4,False,10,c,1788170501338,,,0,attack_challenge,up,2,,,20260831_185316,3
1788170502865,watch3,94,82,12,12,playing,watch3,attack_challenge,,watch4,False,10,c,1788170502337,,,0,attack_challenge,up,2,,,20260831_185316,3
1788170502865,watch4,98,89,9,9,playing,watch3,attack_challenge,,watch4,True,10,c,1788170502337,,,0,attack_challenge,up,3,,,20260831_185316,3
1788170503633,watch1,87,74,13,13,playing,watch4,attack_challenge,,watch1,True,10,c,1788170503633,,,0,attack_challenge,down,1,,,,
1788170504198,watch1,87,74,13,13,playing,watch4,attack_challenge,,watch1,True,10,c,1788170503843,,,0,attack_challenge,down,1,,,20260831_185316,3
1788170504198,watch2,90,79,11,11,playing,watch4,attack_challenge,,watch1,False,10,c,1788170503843,,,0,attack_challenge,down,2,,,20260831_185316,3
1788170504198,watch3,94,82,12,12,playing,watch4,attack_challenge,,watch1,False,10,c,1788170503843,,,0,attack_challenge,down,2,,,20260831_185316,3
1788170504198,watch4,98,89,9,9,playing,watch4,attack_challenge,,watch1,False,10,c,1788170503843,,,0,attack_challenge,down,3,,,20260831_185316,3
1788170505320,watch3,95,82,13,13,playing,watch4,attack_challenge,,watch3,True,30,c,1788170505320,,"watch1,watch4",2,attack_challenge,up,2,,,,
1788170505319,watch2,91,79,12,12,playing,watch4,attack_challenge,,watch2,True,20,a,1788170505319,,watch3,1,attack_challenge,down,2,,,,
1788170505692,watch1,86,74,12,12,playing,watch4,attack_challenge,,watch1,True,10,c,1788170505692,,,0,attack_challenge,down,1,,,,
1788170506439,watch3,96,82,14,14,playing,watch4,attack_challenge,,watch3,True,30,c,1788170506439,,"watch1,watch4",2,attack_challenge,up,2,,,,
1788170506904,watch1,81,74,7,7,playing,watch4,attack_challenge,,watch1,True,10,c,1788170506904,,,0,attack_challenge,down,1,,,,
1788170507314,watch2,92,79,13,13,playing,watch4,attack_challenge,,watch2,True,20,a,1788170507314,,watch3,1,attack_challenge,down,2,,,,
1788170507362,watch3,95,82,13,13,playing,watch4,attack_challenge,,watch3,True,30,c,1788170507362,,"watch1,watch4",2,attack_challenge,up,2,,,,
1788170507788,watch4,96,89,7,7,playing,watch4,attack_challenge,,watch4,True,10,c,1788170507788,,,0,attack_challenge,up,3,,,,
1788170508695,watch1,82,74,8,8,playing,watch4,attack_challenge,,watch1,True,10,c,1788170508695,,,0,attack_challenge,down,1,,,,
1788170509360,watch3,94,82,12,12,playing,watch4,attack_challenge,,watch3,True,30,c,1788170509360,,"watch1,watch4",2,attack_challenge,up,2,,,,
1788170509351,watch2,94,79,15,15,playing,watch4,attack_challenge,,watch2,True,20,a,1788170509351,,watch3,1,attack_challenge,down,2,,,,
1788170510340,watch3,95,82,13,13,playing,watch4,attack_challenge,,watch3,True,30,c,1788170510340,,"watch1,watch4",2,attack_challenge,up,2,,,,
1788170510843,watch1,82,74,8,8,playing,watch4,attack_challenge,,watch1,True,10,c,1788170510221,,,0,attack_challenge,down,1,,,20260831_185316,3
1788170510843,watch2,94,79,15,15,playing,watch4,attack_challenge,,watch1,False,10,c,1788170509351,,,0,attack_challenge,down,2,,,20260831_185316,3
1788170510843,watch3,95,82,13,13,playing,watch4,attack_challenge,,watch1,False,10,c,1788170510340,,,0,attack_challenge,down,2,,,20260831_185316,3
1788170510843,watch4,96,89,7,7,playing,watch4,attack_challenge,,watch1,False,10,c,1788170510221,,,0,attack_challenge,down,3,,,20260831_185316,3
1788170511370,watch3,94,82,12,12,playing,watch4,attack_challenge,,watch3,True,30,c,1788170511370,,"watch1,watch4",2,attack_challenge,up,2,,,,
1788170511369,watch2,93,79,14,14,playing,watch4,attack_challenge,,watch2,True,20,a,1788170511369,,watch3,1,attack_challenge,down,2,,,,
1788170512324,watch1,82,74,8,8,playing,watch4,attack_challenge,,watch1,True,10,c,1788170510221,,,0,attack_challenge,down,1,,,20260831_185316,3
1788170512324,watch2,94,79,15,15,playing,watch4,attack_challenge,,watch1,False,10,c,1788170511319,,,0,attack_challenge,down,2,,,20260831_185316,3
1788170512324,watch3,95,82,13,13,playing,watch4,attack_challenge,,watch1,False,10,c,1788170510340,,,0,attack_challenge,down,2,,,20260831_185316,3
1788170512324,watch4,96,89,7,7,playing,watch4,attack_challenge,,watch1,False,10,c,1788170511319,,,0,attack_challenge,down,3,,,20260831_185316,3
1788170512721,watch1,83,74,9,9,playing,watch4,attack_challenge,,watch1,True,10,c,1788170512721,,,0,attack_challenge,down,1,,,,
1788170513364,watch2,89,79,10,10,playing,watch4,attack_challenge,,watch2,True,20,a,1788170513364,,watch3,1,attack_challenge,down,2,,,,
1788170513894,watch1,82,74,8,8,playing,watch4,attack_challenge,,watch1,True,10,c,1788170512596,,,0,attack_challenge,down,1,,,20260831_185316,3
1788170513894,watch2,89,79,10,10,playing,watch4,attack_challenge,,watch1,False,10,c,1788170513364,,,0,attack_challenge,down,2,,,20260831_185316,3
1788170513894,watch3,94,82,12,12,playing,watch4,attack_challenge,,watch1,False,10,c,1788170512596,,,0,attack_challenge,down,2,,,20260831_185316,3
1788170513894,watch4,103,89,14,14,playing,watch4,attack_challenge,,watch1,False,10,c,1788170513742,,,0,attack_challenge,down,3,,,20260831_185316,3
1788170514726,watch1,80,74,6,6,playing,watch4,attack_challenge,,watch1,True,10,c,1788170514726,,,0,attack_challenge,down,1,,,,
1788170515351,watch3,92,82,10,10,playing,watch4,attack_challenge,,watch3,True,30,c,1788170515351,,"watch1,watch4",2,attack_challenge,up,2,,,,
1788170515412,watch2,86,79,7,7,playing,watch4,attack_challenge,,watch2,True,20,a,1788170515412,,watch3,1,attack_challenge,down,2,,,,
1788170515650,watch4,104,89,15,15,playing,watch4,attack_challenge,,watch4,True,10,c,1788170515650,,,0,attack_challenge,up,3,,,,
1788170517304,watch1,78,74,4,4,playing,watch4,attack_challenge,,watch1,True,10,c,1788170516811,,,0,attack_challenge,down,1,,,20260831_185316,3
1788170517304,watch2,86,79,7,7,playing,watch4,attack_challenge,,watch1,False,10,c,1788170515412,,,0,attack_challenge,down,2,,,20260831_185316,3
1788170517304,watch3,91,82,9,9,playing,watch4,attack_challenge,,watch1,False,10,c,1788170516517,,,0,attack_challenge,down,2,,,20260831_185316,3
1788170517304,watch4,104,89,15,15,playing,watch4,attack_challenge,,watch1,False,10,c,1788170515650,,,0,attack_challenge,down,3,,,20260831_185316,3
1788170516805,watch4,105,89,16,16,playing,watch4,attack_challenge,,watch4,True,10,c,1788170516805,,,0,attack_challenge,up,3,,,,
1788170516811,watch1,78,74,4,4,playing,watch4,attack_challenge,,watch1,True,10,c,1788170516811,,,0,attack_challenge,down,1,,,,
1788170517473,watch2,84,79,5,5,playing,watch4,attack_challenge,,watch2,True,20,a,1788170517473,,watch3,1,attack_challenge,down,2,,,,
1788170517467,watch3,90,82,8,8,playing,watch4,attack_challenge,,watch3,True,30,c,1788170517467,,"watch1,watch4",2,attack_challenge,up,2,,,,
1788170517763,watch4,104,89,15,15,playing,watch4,attack_challenge,,watch4,True,10,c,1788170517763,,,0,attack_challenge,up,3,,,,
1788170518484,watch2,82,79,3,3,playing,watch4,attack_challenge,,watch2,True,20,a,1788170518484,,watch3,1,attack_challenge,down,2,,,,
1788170519225,watch1,77,74,3,3,playing,watch4,attack_challenge,,watch1,True,10,c,1788170519225,,,0,attack_challenge,down,1,,,,
1788170520558,watch3,89,82,7,7,playing,watch4,attack_challenge,,watch3,True,30,c,1788170520558,,"watch1,watch4",2,attack_challenge,up,2,,,,
1788170520674,watch4,102,89,13,13,playing,watch4,attack_challenge,,watch4,True,10,c,1788170520674,,,0,attack_challenge,up,3,,,,
1788170521055,watch1,76,74,2,2,playing,watch4,attack_challenge,,watch1,True,10,c,1788170521055,,,0,attack_challenge,down,1,,,,
1788170521419,watch3,88,82,6,6,playing,watch1,attack_challenge,,watch3,True,30,c,1788170521419,,"watch1,watch4",2,attack_challenge,up,2,,,,
1788170522796,watch1,80,74,6,6,playing,watch1,attack_challenge,,watch1,True,30,a,1788170522796,,,0,,,1,,,,
1788170523386,watch3,87,82,5,5,playing,watch1,attack_challenge,,watch3,True,30,c,1788170523386,,"watch1,watch4",2,attack_challenge,up,2,,,,
1788170524390,watch3,88,82,6,6,playing,watch1,attack_challenge,,watch3,True,30,c,1788170524390,,"watch1,watch4",2,attack_challenge,up,2,,,,
1788170524798,watch1,81,74,7,7,playing,watch1,attack_challenge,,watch1,True,30,a,1788170524798,,,0,,,1,,,,
1788170525423,watch1,81,74,7,7,playing,watch1,attack_challenge,,watch2,False,10,c,1788170524877,,,0,attack_challenge,up,1,,,20260831_185316,3
1788170525423,watch2,82,79,3,3,playing,watch1,attack_challenge,,watch2,True,10,c,1788170524877,,,0,attack_challenge,up,2,,,20260831_185316,3
1788170525423,watch3,88,82,6,6,playing,watch1,attack_challenge,,watch2,False,10,c,1788170524390,,,0,attack_challenge,up,2,,,20260831_185316,3
1788170525423,watch4,102,89,13,13,playing,watch1,attack_challenge,,watch2,False,10,c,1788170524877,,,0,attack_challenge,up,3,,,20260831_185316,3
1788170525619,watch4,103,89,14,14,playing,watch1,attack_challenge,,watch4,True,10,c,1788170525619,,,0,attack_challenge,up,3,,,,
1788170527603,watch1,80,74,6,6,playing,watch1,attack_challenge,,watch2,False,10,c,1788170527275,,,0,attack_challenge,up,1,,,20260831_185316,3
1788170527603,watch2,82,79,3,3,playing,watch1,attack_challenge,,watch2,True,10,c,1788170526367,,,0,attack_challenge,up,2,,,20260831_185316,3
1788170527603,watch3,88,82,6,6,playing,watch1,attack_challenge,,watch2,False,10,c,1788170524390,,,0,attack_challenge,up,2,,,20260831_185316,3
1788170527603,watch4,103,89,14,14,playing,watch1,attack_challenge,,watch2,False,10,c,1788170525619,,,0,attack_challenge,up,3,,,20260831_185316,3
1788170527275,watch1,80,74,6,6,playing,watch1,attack_challenge,,watch1,True,30,a,1788170527275,,,0,,,1,,,,
1788170527275,watch4,105,89,16,16,playing,watch1,attack_challenge,,watch4,True,10,c,1788170527275,,,0,attack_challenge,up,3,,,,
1788170527268,watch2,80,79,1,1,playing,watch1,attack_challenge,,watch2,True,10,c,1788170527268,,,0,attack_challenge,up,2,,,,
1788170527724,watch4,106,89,17,17,playing,watch1,attack_challenge,,watch4,True,10,c,1788170527724,,,0,attack_challenge,up,3,,,,
1788170529420,watch3,90,82,8,8,playing,watch1,attack_challenge,,watch3,True,30,c,1788170529420,,"watch1,watch4",2,attack_challenge,up,2,,,,
1788170529352,watch2,79,79,0,0,playing,watch1,attack_challenge,,watch2,True,10,c,1788170529352,,,0,attack_challenge,up,2,,,,
1788170531037,watch1,81,74,7,7,playing,watch1,attack_challenge,,watch2,False,10,c,1788170530079,,,0,attack_challenge,up,1,,,20260831_185316,3
1788170531037,watch2,79,79,0,0,playing,watch1,attack_challenge,,watch2,True,10,c,1788170529352,,,0,attack_challenge,up,2,,,20260831_185316,3
1788170531037,watch3,89,82,7,7,playing,watch1,attack_challenge,,watch2,False,10,c,1788170528388,,,0,attack_challenge,up,2,,,20260831_185316,3
1788170531037,watch4,106,89,17,17,playing,watch1,attack_challenge,,watch2,False,10,c,1788170530708,,,0,attack_challenge,up,3,,,20260831_185316,3
1788170530079,watch1,81,74,7,7,playing,watch1,attack_challenge,,watch1,True,30,a,1788170530079,,,0,,,1,,,,
1788170530794,watch2,78,79,-1,1,playing,watch1,attack_challenge,,watch2,True,10,c,1788170530794,,,0,attack_challenge,up,2,,,,
1788170531854,watch4,109,89,20,20,playing,watch1,attack_challenge,,watch4,True,10,c,1788170531854,,,0,attack_challenge,up,3,,,,
1788170531899,watch1,80,74,6,6,playing,watch1,attack_challenge,,watch1,True,30,a,1788170531899,,,0,,,1,,,,
1788170532667,watch2,82,79,3,3,playing,watch1,attack_challenge,,watch2,True,10,c,1788170532667,,,0,attack_challenge,up,2,,,,
1788170533749,watch3,89,82,7,7,playing,watch1,attack_challenge,,watch3,True,30,c,1788170533749,,"watch1,watch4",2,attack_challenge,up,2,,,,
1788170533861,watch1,81,74,7,7,playing,watch1,attack_challenge,,watch1,True,30,a,1788170533861,,,0,,,1,,,,
1788170534423,watch3,88,82,6,6,playing,watch1,attack_challenge,,watch3,True,30,c,1788170534423,,"watch1,watch4",2,attack_challenge,up,2,,,,
1788170534751,watch2,86,79,7,7,playing,watch1,attack_challenge,,watch2,True,10,c,1788170534751,,,0,attack_challenge,up,2,,,,
1788170535108,watch1,81,74,7,7,playing,watch1,attack_challenge,,watch2,False,10,c,1788170533861,,,0,attack_challenge,up,1,,,20260831_185316,3
1788170535108,watch2,86,79,7,7,playing,watch1,attack_challenge,,watch2,True,10,c,1788170534751,,,0,attack_challenge,up,2,,,20260831_185316,3
1788170535108,watch3,88,82,6,6,playing,watch1,attack_challenge,,watch2,False,10,c,1788170534423,,,0,attack_challenge,up,2,,,20260831_185316,3
1788170535108,watch4,109,89,20,20,playing,watch1,attack_challenge,,watch2,False,10,c,1788170532995,,,0,attack_challenge,up,3,,,20260831_185316,3
1788170535623,watch4,111,89,22,22,playing,watch1,attack_challenge,,watch4,True,10,c,1788170535623,,,0,attack_challenge,up,3,,,,
1788170535942,watch1,80,74,6,6,playing,watch1,attack_challenge,,watch1,True,30,a,1788170535942,,,0,,,1,,,,
1788170536595,watch1,80,74,6,6,playing,watch1,attack_challenge,,watch2,False,10,c,1788170535942,,,0,attack_challenge,up,1,,,20260831_185316,3
1788170536595,watch2,83,79,4,4,playing,watch1,attack_challenge,,watch2,True,10,c,1788170536507,,,0,attack_challenge,up,2,,,20260831_185316,3
1788170536595,watch3,88,82,6,6,playing,watch1,attack_challenge,,watch2,False,10,c,1788170536286,,,0,attack_challenge,up,2,,,20260831_185316,3
1788170536595,watch4,111,89,22,22,playing,watch1,attack_challenge,,watch2,False,10,c,1788170535623,,,0,attack_challenge,up,3,,,20260831_185316,3
1788170537056,watch4,117,89,28,28,playing,watch1,attack_challenge,,watch4,True,10,c,1788170537056,,,0,attack_challenge,up,3,,,,
1788170537638,watch4,125,89,36,36,playing,watch1,attack_challenge,,watch4,True,10,c,1788170537638,,,0,attack_challenge,up,3,,,,
1788170537959,watch1,78,74,4,4,playing,watch1,attack_challenge,,watch1,True,30,a,1788170537959,,,0,,,1,,,,
1788170538428,watch1,78,74,4,4,playing,watch1,attack_challenge,,watch2,False,10,c,1788170537959,,watch4,1,attack_challenge,up,1,,,20260831_185316,3
1788170538428,watch2,83,79,4,4,playing,watch1,attack_challenge,,watch2,True,10,c,1788170536507,,watch4,1,attack_challenge,up,2,,,20260831_185316,3
1788170538428,watch3,88,82,6,6,playing,watch1,attack_challenge,,watch2,False,10,c,1788170537388,,watch4,1,attack_challenge,up,2,,,20260831_185316,3
1788170538428,watch4,125,89,36,36,playing,watch1,attack_challenge,,watch2,False,10,c,1788170537638,,watch4,1,attack_challenge,up,3,,,20260831_185316,3
1788170538583,watch2,81,79,2,2,playing,watch1,attack_challenge,,watch2,True,10,c,1788170538583,,watch4,1,attack_challenge,up,2,,,,
1788170538824,watch4,129,89,40,40,playing,watch1,attack_challenge,,watch4,True,10,c,1788170538824,,,0,attack_challenge,up,3,,,,
1788170539435,watch3,90,82,8,8,playing,watch1,attack_challenge,,watch3,True,30,c,1788170539435,,"watch1,watch4",2,attack_challenge,up,2,,,,
1788170539798,watch4,131,89,42,42,playing,watch1,attack_challenge,,watch4,True,10,c,1788170539798,,,0,attack_challenge,up,3,,,,
1788170539933,watch1,74,74,0,0,playing,watch1,attack_challenge,,watch1,True,30,a,1788170539933,,,0,,,1,,,,
1788170540578,watch2,79,79,0,0,playing,watch1,attack_challenge,,watch2,True,10,c,1788170540578,,watch4,1,attack_challenge,up,2,,,,
1788170540575,watch3,93,82,11,11,playing,watch1,attack_challenge,,watch3,True,30,c,1788170540575,,"watch1,watch4",2,attack_challenge,up,2,,,,
1788170541862,watch1,74,74,0,0,playing,watch1,attack_challenge,,watch2,False,10,c,1788170541196,,watch4,1,attack_challenge,up,1,,,20260831_185316,3
1788170541862,watch2,79,79,0,0,playing,watch1,attack_challenge,,watch2,True,10,c,1788170540578,,watch4,1,attack_challenge,up,2,,,20260831_185316,3
1788170541862,watch3,93,82,11,11,playing,watch1,attack_challenge,,watch2,False,10,c,1788170541196,,watch4,1,attack_challenge,up,2,,,20260831_185316,3
1788170541862,watch4,131,89,42,42,playing,watch1,attack_challenge,,watch2,False,10,c,1788170541196,,watch4,1,attack_challenge,up,3,,,20260831_185316,3
1788170542684,watch4,131,89,42,42,playing,watch2,attack_challenge,,watch4,True,10,c,1788170542684,,,0,attack_challenge,up,3,,,,
1788170543336,watch1,74,74,0,0,playing,watch2,attack_challenge,,watch3,False,10,c,1788170542769,,,0,attack_challenge,up,1,,,20260831_185316,3
1788170543336,watch2,79,79,0,0,playing,watch2,attack_challenge,,watch3,False,10,c,1788170542769,,,0,attack_challenge,up,2,,,20260831_185316,3
1788170543336,watch3,93,82,11,11,playing,watch2,attack_challenge,,watch3,True,10,c,1788170542769,,,0,attack_challenge,up,2,,,20260831_185316,3
1788170543336,watch4,131,89,42,42,playing,watch2,attack_challenge,,watch3,False,10,c,1788170542684,,,0,attack_challenge,up,3,,,20260831_185316,3
1788170543572,watch2,81,79,2,2,playing,watch2,attack_challenge,,watch2,True,10,c,1788170543572,,watch4,1,attack_challenge,up,2,,,,
1788170543931,watch1,73,74,-1,1,playing,watch2,attack_challenge,,watch1,True,30,a,1788170543931,,,0,,,1,,,,
1788170543931,watch4,130,89,41,41,playing,watch2,attack_challenge,,watch4,True,10,c,1788170543931,,,0,attack_challenge,up,3,,,,
1788170544806,watch4,129,89,40,40,playing,watch2,attack_challenge,,watch4,True,10,c,1788170544806,,,0,attack_challenge,up,3,,,,
1788170545537,watch2,83,79,4,4,playing,watch2,attack_challenge,,watch2,True,10,c,1788170545537,,watch4,1,attack_challenge,up,2,,,,
1788170545935,watch4,127,89,38,38,playing,watch2,attack_challenge,,watch4,True,10,c,1788170545935,,,0,attack_challenge,up,3,,,,
1788170545937,watch1,72,74,-2,2,playing,watch2,attack_challenge,,watch1,True,30,a,1788170545937,,,0,,,1,,,,
1788170546794,watch4,125,89,36,36,playing,watch3,attack_challenge,,watch4,True,10,c,1788170546794,,,0,attack_challenge,up,3,,,,
1788170546786,watch3,92,82,10,10,playing,watch3,attack_challenge,,watch3,True,10,c,1788170546786,,,0,attack_challenge,up,2,,,,
1788170548502,watch1,71,74,-3,3,playing,watch3,attack_challenge,,watch4,False,10,c,1788170548284,,,0,attack_challenge,up,1,,,20260831_185316,3
1788170548502,watch2,85,79,6,6,playing,watch3,attack_challenge,,watch4,False,10,c,1788170547730,,,0,attack_challenge,up,2,,,20260831_185316,3
1788170548502,watch3,93,82,11,11,playing,watch3,attack_challenge,,watch4,False,10,c,1788170547221,,,0,attack_challenge,up,2,,,20260831_185316,3
1788170548502,watch4,127,89,38,38,playing,watch3,attack_challenge,,watch4,True,10,c,1788170547221,,,0,attack_challenge,up,3,,,20260831_185316,3
1788170548284,watch1,71,74,-3,3,playing,watch3,attack_challenge,,watch1,True,30,a,1788170548284,,,0,,,1,,,,
1788170548924,watch4,124,89,35,35,playing,watch3,attack_challenge,,watch4,True,10,c,1788170548924,,,0,attack_challenge,up,3,,,,
1788170548911,watch3,93,82,11,11,playing,watch3,attack_challenge,,watch3,True,10,c,1788170548911,,,0,attack_challenge,up,2,,,,
1788170549532,watch3,92,82,10,10,playing,watch3,attack_challenge,,watch3,True,10,c,1788170549532,,,0,attack_challenge,up,2,,,,
1788170549923,watch2,86,79,7,7,playing,watch3,attack_challenge,,watch2,True,10,c,1788170549923,,watch4,1,attack_challenge,up,2,,,,
1788170550898,watch4,121,89,32,32,playing,watch3,attack_challenge,,watch4,True,10,c,1788170550898,,,0,attack_challenge,up,3,,,,
1788170551279,watch1,70,74,-4,4,playing,watch3,attack_challenge,,watch1,True,30,a,1788170551279,,,0,,,1,,,,
1788170551879,watch2,87,79,8,8,playing,watch3,attack_challenge,,watch2,True,10,c,1788170551879,,watch4,1,attack_challenge,up,2,,,,
1788170552677,watch3,94,82,12,12,playing,watch4,attack_challenge,,watch3,True,10,c,1788170552677,,,0,attack_challenge,up,2,,,,
1788170552818,watch4,116,89,27,27,playing,watch4,attack_challenge,,watch4,True,10,c,1788170552818,,,0,attack_challenge,up,3,,,,
1788170553199,watch1,71,74,-3,3,playing,watch4,attack_challenge,,watch1,True,30,a,1788170553199,,,0,,,1,,,,
1788170553819,watch4,114,89,25,25,playing,watch4,attack_challenge,,watch4,True,10,c,1788170553819,,,0,attack_challenge,up,3,,,,
1788170553812,watch3,92,82,10,10,playing,watch4,attack_challenge,,watch3,True,10,c,1788170553812,,,0,attack_challenge,up,2,,,,
1788170553812,watch2,89,79,10,10,playing,watch4,attack_challenge,,watch2,True,10,c,1788170553812,,watch4,1,attack_challenge,up,2,,,,
1788170554768,watch4,112,89,23,23,playing,watch4,attack_challenge,,watch4,True,10,c,1788170554768,,,0,attack_challenge,up,3,,,,
1788170555090,watch1,74,74,0,0,playing,watch4,attack_challenge,,watch1,True,10,c,1788170555090,,,0,attack_challenge,down,1,,,,
1788170556007,watch3,89,82,7,7,playing,watch4,attack_challenge,,watch3,True,10,c,1788170556007,,,0,attack_challenge,up,2,,,,
1788170559674,watch1,76,74,2,2,playing,watch4,attack_challenge,,watch1,True,10,c,1788170557168,,,0,attack_challenge,down,1,,,20260831_185316,3
1788170559674,watch2,90,79,11,11,playing,watch4,attack_challenge,,watch1,False,10,c,1788170558181,,,0,attack_challenge,down,2,,,20260831_185316,3
1788170559674,watch3,88,82,6,6,playing,watch4,attack_challenge,,watch1,False,10,c,1788170556845,,,0,attack_challenge,down,2,,,20260831_185316,3
1788170559674,watch4,112,89,23,23,playing,watch4,attack_challenge,,watch1,False,10,c,1788170554768,,,0,attack_challenge,down,3,,,20260831_185316,3
1788170556845,watch3,88,82,6,6,playing,watch4,attack_challenge,,watch3,True,10,c,1788170556845,,,0,attack_challenge,up,2,,,,
1788170557168,watch1,76,74,2,2,playing,watch4,attack_challenge,,watch1,True,10,c,1788170557168,,,0,attack_challenge,down,1,,,,
1788170558181,watch2,90,79,11,11,playing,watch4,attack_challenge,,watch2,True,10,c,1788170558181,,watch4,1,attack_challenge,up,2,,,,
1788170559458,watch3,87,82,5,5,playing,watch4,attack_challenge,,watch3,True,10,c,1788170559458,,,0,attack_challenge,up,2,,,,
1788170559459,watch4,114,89,25,25,playing,watch4,attack_challenge,,watch4,True,10,c,1788170559459,,,0,attack_challenge,up,3,,,,
1788170559459,watch1,78,74,4,4,playing,watch4,attack_challenge,,watch1,True,10,c,1788170559459,,,0,attack_challenge,down,1,,,,
1788170560276,watch2,91,79,12,12,playing,watch4,attack_challenge,,watch2,True,10,c,1788170560276,,watch4,1,attack_challenge,up,2,,,,
1788170560574,watch3,85,82,3,3,playing,watch4,attack_challenge,,watch3,True,10,c,1788170560574,,,0,attack_challenge,up,2,,,,
1788170560792,watch2,89,79,10,10,playing,watch4,attack_challenge,,watch2,True,10,c,1788170560792,,watch4,1,attack_challenge,up,2,,,,
1788170561666,watch3,86,82,4,4,playing,watch4,attack_challenge,,watch3,True,10,c,1788170561666,,,0,attack_challenge,up,2,,,,
1788170562046,watch4,117,89,28,28,playing,watch4,attack_challenge,,watch4,True,10,c,1788170562046,,,0,attack_challenge,up,3,,,,
1788170563342,watch3,87,82,5,5,playing,watch4,attack_challenge,,watch3,True,10,c,1788170563342,,,0,attack_challenge,up,2,,,,
1788170563343,watch4,118,89,29,29,playing,watch4,attack_challenge,,watch4,True,10,c,1788170563343,,,0,attack_challenge,up,3,,,,
1788170563343,watch1,79,74,5,5,playing,watch4,attack_challenge,,watch1,True,10,c,1788170563343,,,0,attack_challenge,down,1,,,,
1788170563845,watch3,88,82,6,6,playing,watch4,attack_challenge,,watch3,True,10,c,1788170563845,,,0,attack_challenge,up,2,,,,
1788170563846,watch4,117,89,28,28,playing,watch4,attack_challenge,,watch4,True,10,c,1788170563846,,,0,attack_challenge,up,3,,,,
1788170565083,watch2,91,79,12,12,playing,watch4,attack_challenge,,watch2,True,10,c,1788170565083,,watch4,1,attack_challenge,up,2,,,,
1788170565083,watch1,80,74,6,6,playing,watch4,attack_challenge,,watch1,True,10,c,1788170565083,,,0,attack_challenge,down,1,,,,
1788170567169,watch3,86,82,4,4,playing,watch4,attack_challenge,,watch3,True,10,c,1788170567169,,,0,attack_challenge,up,2,,,,
1788170567176,watch2,92,79,13,13,playing,watch4,attack_challenge,,watch2,True,10,c,1788170567176,,watch4,1,attack_challenge,up,2,,,,
1788170567176,watch1,81,74,7,7,playing,watch4,attack_challenge,,watch1,True,10,c,1788170567176,,,0,attack_challenge,down,1,,,,
1788170567835,watch3,87,82,5,5,playing,watch4,attack_challenge,,watch3,True,10,c,1788170567835,,,0,attack_challenge,up,2,,,,
1788170568897,watch2,87,79,8,8,playing,watch4,attack_challenge,,watch2,True,10,c,1788170568897,,watch4,1,attack_challenge,up,2,,,,
1788170569455,watch1,80,74,6,6,playing,watch4,attack_challenge,,watch1,True,10,c,1788170569455,,,0,attack_challenge,down,1,,,,
1788170571391,watch4,113,89,24,24,playing,watch1,attack_challenge,,watch4,True,10,c,1788170571391,,,0,attack_challenge,up,3,,,,
1788170570227,watch4,115,89,26,26,playing,watch1,attack_challenge,,watch4,True,10,c,1788170570227,,,0,attack_challenge,up,3,,,,
1788170573312,watch1,81,74,7,7,playing,watch1,attack_challenge,,watch2,False,10,c,1788170570097,,,0,attack_challenge,down,1,,,20260831_185316,3
1788170573312,watch2,91,79,12,12,playing,watch1,attack_challenge,,watch2,True,10,c,1788170566208,,,0,attack_challenge,down,2,,,20260831_185316,3
1788170573312,watch3,87,82,5,5,playing,watch1,attack_challenge,,watch2,False,10,c,1788170570097,,,0,attack_challenge,down,2,,,20260831_185316,3
1788170573312,watch4,109,89,20,20,playing,watch1,attack_challenge,,watch2,False,10,c,1788170572826,,,0,attack_challenge,down,3,,,20260831_185316,3
1788170572075,watch4,110,89,21,21,playing,watch1,attack_challenge,,watch4,True,10,c,1788170572075,,,0,attack_challenge,up,3,,,,
1788170572826,watch4,109,89,20,20,playing,watch1,attack_challenge,,watch4,True,10,c,1788170572826,,,0,attack_challenge,up,3,,,,
1788170572825,watch2,82,79,3,3,playing,watch1,attack_challenge,,watch2,True,10,c,1788170572825,,,0,attack_challenge,down,2,,,,
1788170575691,watch1,80,74,6,6,playing,watch1,attack_challenge,,watch2,False,10,c,1788170572652,,"watch2,watch4",2,attack_challenge,down,1,,,20260831_185316,3
1788170575691,watch2,83,79,4,4,playing,watch1,attack_challenge,,watch2,True,10,c,1788170572652,,"watch2,watch4",2,attack_challenge,down,2,,,20260831_185316,3
1788170575691,watch3,87,82,5,5,playing,watch1,attack_challenge,,watch2,False,10,c,1788170572652,,"watch2,watch4",2,attack_challenge,down,2,,,20260831_185316,3
1788170575691,watch4,109,89,20,20,playing,watch1,attack_challenge,,watch2,False,10,c,1788170574805,,"watch2,watch4",2,attack_challenge,down,3,,,20260831_185316,3
1788170574215,watch1,82,74,8,8,playing,watch1,attack_challenge,,watch1,True,10,c,1788170574215,,,0,attack_challenge,down,1,,,,
1788170574215,watch4,110,89,21,21,playing,watch1,attack_challenge,,watch4,True,10,c,1788170574215,,,0,attack_challenge,up,3,,,,
1788170574905,watch3,86,82,4,4,playing,watch1,attack_challenge,,watch3,True,10,c,1788170574905,,,0,attack_challenge,up,2,,,,
1788170575006,watch2,84,79,5,5,playing,watch1,attack_challenge,,watch2,True,10,c,1788170575006,,"watch2,watch4",2,attack_challenge,down,2,,,,
1788170575007,watch4,111,89,22,22,playing,watch1,attack_challenge,,watch4,True,10,c,1788170575007,,,0,attack_challenge,up,3,,,,
1788170575936,watch4,112,89,23,23,playing,watch1,attack_challenge,,watch4,True,10,c,1788170575936,,,0,attack_challenge,up,3,,,,
1788170576828,watch3,87,82,5,5,playing,watch1,attack_challenge,,watch3,True,10,c,1788170576828,,,0,attack_challenge,up,2,,,,
1788170578592,watch1,81,74,7,7,playing,watch2,attack_challenge,,watch1,True,10,c,1788170578592,,,0,attack_challenge,down,1,,,,
1788170579916,watch3,88,82,6,6,playing,watch2,attack_challenge,,watch3,True,10,c,1788170579916,,,0,attack_challenge,up,2,,,,
1788170580256,watch1,82,74,8,8,playing,watch2,attack_challenge,,watch1,True,10,c,1788170580256,,,0,attack_challenge,down,1,,,,
1788170581092,watch4,115,89,26,26,playing,watch2,attack_challenge,,watch4,True,10,c,1788170581092,,,0,attack_challenge,up,3,,,,
1788170581092,watch2,86,79,7,7,playing,watch2,attack_challenge,,watch2,True,10,c,1788170581092,,"watch2,watch4",2,attack_challenge,down,2,,,,
1788170581990,watch1,81,74,7,7,playing,watch2,attack_challenge,,watch3,False,10,c,1788170579767,,,0,attack_challenge,up,1,,,20260831_185316,3
1788170581990,watch2,86,79,7,7,playing,watch2,attack_challenge,,watch3,False,10,c,1788170581092,,,0,attack_challenge,up,2,,,20260831_185316,3
1788170581990,watch3,87,82,5,5,playing,watch2,attack_challenge,,watch3,True,10,c,1788170579767,,,0,attack_challenge,up,2,,,20260831_185316,3
1788170581990,watch4,115,89,26,26,playing,watch2,attack_challenge,,watch3,False,10,c,1788170581092,,,0,attack_challenge,up,3,,,20260831_185316,3
1788170581992,watch4,116,89,27,27,playing,watch2,attack_challenge,,watch4,True,10,c,1788170581992,,,0,attack_challenge,up,3,,,,
1788170581990,watch2,85,79,6,6,playing,watch2,attack_challenge,,watch2,True,10,c,1788170581990,,"watch2,watch4",2,attack_challenge,down,2,,,,
1788170582288,watch1,83,74,9,9,playing,watch2,attack_challenge,,watch1,True,10,c,1788170582288,,,0,attack_challenge,down,1,,,,
1788170584476,watch1,83,74,9,9,playing,watch2,attack_challenge,,watch3,False,10,c,1788170583714,,,0,attack_challenge,up,1,,,20260831_185316,3
1788170584476,watch2,86,79,7,7,playing,watch2,attack_challenge,,watch3,False,10,c,1788170581777,,,0,attack_challenge,up,2,,,20260831_185316,3
1788170584476,watch3,88,82,6,6,playing,watch2,attack_challenge,,watch3,True,10,c,1788170581777,,,0,attack_challenge,up,2,,,20260831_185316,3
1788170584476,watch4,116,89,27,27,playing,watch2,attack_challenge,,watch3,False,10,c,1788170583714,,,0,attack_challenge,up,3,,,20260831_185316,3
1788170583717,watch3,89,82,7,7,playing,watch2,attack_challenge,,watch3,True,10,c,1788170583717,,,0,attack_challenge,up,2,,,,
1788170584373,watch1,79,74,5,5,playing,watch2,attack_challenge,,watch1,True,10,c,1788170584373,,,0,attack_challenge,down,1,,,,
1788170584948,watch4,118,89,29,29,playing,watch2,attack_challenge,,watch4,True,10,c,1788170584948,,,0,attack_challenge,up,3,,,,
1788170584372,watch4,117,89,28,28,playing,watch2,attack_challenge,,watch4,True,10,c,1788170584372,,,0,attack_challenge,up,3,,,,
1788170585747,watch3,92,82,10,10,playing,watch2,attack_challenge,,watch3,True,10,c,1788170585747,,,0,attack_challenge,up,2,,,,
1788170586464,watch1,78,74,4,4,playing,watch2,attack_challenge,,watch1,True,10,c,1788170586464,,,0,attack_challenge,down,1,,,,
1788170586635,watch3,95,82,13,13,playing,watch2,attack_challenge,,watch3,True,10,c,1788170586635,,,0,attack_challenge,up,2,,,,
1788170587944,watch2,86,79,7,7,playing,watch2,attack_challenge,,watch2,True,10,c,1788170587944,,"watch2,watch4",2,attack_challenge,down,2,,,,
1788170587944,watch4,119,89,30,30,playing,watch2,attack_challenge,,watch4,True,10,c,1788170587944,,,0,attack_challenge,up,3,,,,
1788170588251,watch1,76,74,2,2,playing,watch2,attack_challenge,,watch1,True,10,c,1788170588251,,,0,attack_challenge,down,1,,,,
1788170589285,watch3,96,82,14,14,playing,watch2,attack_challenge,,watch3,True,10,c,1788170589285,,,0,attack_challenge,up,2,,,,
1788170589343,watch1,75,74,1,1,playing,watch2,attack_challenge,,watch1,True,10,c,1788170589343,,,0,attack_challenge,down,1,,,,
1788170589950,watch4,118,89,29,29,playing,watch2,attack_challenge,,watch4,True,10,c,1788170589950,,,0,attack_challenge,up,3,,,,
1788170591279,watch1,74,74,0,0,playing,watch2,attack_challenge,,watch1,True,10,c,1788170591279,,,0,attack_challenge,down,1,,,,
1788170591278,watch4,115,89,26,26,playing,watch2,attack_challenge,,watch4,True,10,c,1788170591278,,,0,attack_challenge,up,3,,,,
1788170592979,watch4,111,89,22,22,playing,watch2,attack_challenge,,watch4,True,10,c,1788170592979,,,0,attack_challenge,up,3,,,,
1788170593859,watch1,74,74,0,0,playing,watch2,attack_challenge,,watch3,False,10,c,1788170592819,,,0,attack_challenge,up,1,,,20260831_185316,3
1788170593859,watch2,86,79,7,7,playing,watch2,attack_challenge,,watch3,False,10,c,1788170592819,,,0,attack_challenge,up,2,,,20260831_185316,3
1788170593859,watch3,95,82,13,13,playing,watch2,attack_challenge,,watch3,True,10,c,1788170593640,,,0,attack_challenge,up,2,,,20260831_185316,3
1788170593859,watch4,115,89,26,26,playing,watch2,attack_challenge,,watch3,False,10,c,1788170592819,,,0,attack_challenge,up,3,,,20260831_185316,3
1788170593640,watch3,95,82,13,13,playing,watch2,attack_challenge,,watch3,True,10,c,1788170593640,,,0,attack_challenge,up,2,,,,
1788170594486,watch4,109,89,20,20,playing,watch2,attack_challenge,,watch4,True,10,c,1788170594486,,,0,attack_challenge,up,3,,,,
1788170594966,watch4,107,89,18,18,playing,watch2,attack_challenge,,watch4,True,10,c,1788170594966,,,0,attack_challenge,up,3,,,,
1788170595969,watch3,94,82,12,12,playing,watch2,attack_challenge,,watch3,True,10,c,1788170595969,,,0,attack_challenge,up,2,,,,
1788170595953,watch1,75,74,1,1,playing,watch2,attack_challenge,,watch1,True,10,c,1788170595953,,,0,attack_challenge,down,1,,,,
1788170596239,watch4,105,89,16,16,playing,watch2,attack_challenge,,watch4,True,10,c,1788170596239,,,0,attack_challenge,up,3,,,,
1788170597080,watch4,102,89,13,13,playing,watch2,attack_challenge,,watch4,True,10,c,1788170597080,,,0,attack_challenge,up,3,,,,
1788170597411,watch1,76,74,2,2,playing,watch2,attack_challenge,,watch1,True,10,c,1788170597411,,,0,attack_challenge,down,1,,,,
1788170599296,watch4,98,89,9,9,playing,watch2,attack_challenge,,watch4,True,10,c,1788170599296,,,0,attack_challenge,up,3,,,,
1788170597696,watch3,93,82,11,11,playing,watch2,attack_challenge,,watch3,True,10,c,1788170597696,,,0,attack_challenge,up,2,,,,
1788170598316,watch4,99,89,10,10,playing,watch2,attack_challenge,,watch4,True,10,c,1788170598316,,,0,attack_challenge,up,3,,,,
1788170598315,watch2,85,79,6,6,playing,watch2,attack_challenge,,watch2,True,10,c,1788170598315,,"watch2,watch4",2,attack_challenge,down,2,,,,
1788170602450,watch1,76,74,2,2,playing,watch2,attack_challenge,,watch3,False,10,c,1788170600519,,,0,attack_challenge,up,1,,,20260831_185316,3
1788170602450,watch2,83,79,4,4,playing,watch2,attack_challenge,,watch3,False,10,c,1788170600110,,,0,attack_challenge,up,2,,,20260831_185316,3
1788170602450,watch3,94,82,12,12,playing,watch2,attack_challenge,,watch3,True,10,c,1788170597300,,,0,attack_challenge,up,2,,,20260831_185316,3
1788170602450,watch4,102,89,13,13,playing,watch2,attack_challenge,,watch3,False,10,c,1788170600519,,,0,attack_challenge,up,3,,,20260831_185316,3
1788170600110,watch2,83,79,4,4,playing,watch2,attack_challenge,,watch2,True,10,c,1788170600110,,"watch2,watch4",2,attack_challenge,down,2,,,,
1788170601384,watch1,79,74,5,5,playing,watch2,attack_challenge,,watch1,True,10,c,1788170601384,,,0,attack_challenge,down,1,,,,
1788170602203,watch4,99,89,10,10,playing,watch2,attack_challenge,,watch4,True,10,c,1788170602203,,,0,attack_challenge,up,3,,,,
1788170602204,watch2,82,79,3,3,playing,watch2,attack_challenge,,watch2,True,10,c,1788170602204,,"watch2,watch4",2,attack_challenge,down,2,,,,
1788170603399,watch4,100,89,11,11,playing,watch3,attack_challenge,,watch4,True,10,c,1788170603399,,,0,attack_challenge,up,3,,,,
1788170603400,watch2,80,79,1,1,playing,watch3,attack_challenge,,watch2,True,10,c,1788170603400,,"watch2,watch4",2,attack_challenge,down,2,,,,
1788170603400,watch1,81,74,7,7,playing,watch3,attack_challenge,,watch1,True,10,c,1788170603400,,,0,attack_challenge,down,1,,,,
1788170604008,watch4,99,89,10,10,playing,watch3,attack_challenge,,watch4,True,10,c,1788170604008,,,0,attack_challenge,down,3,,,,
1788170607249,watch1,81,74,7,7,playing,watch3,attack_challenge,,watch4,False,10,c,1788170603400,,,0,attack_challenge,down,1,,,20260831_185316,3
1788170607249,watch2,80,79,1,1,playing,watch3,attack_challenge,,watch4,False,10,c,1788170604017,,,0,attack_challenge,down,2,,,20260831_185316,3
1788170607249,watch3,91,82,9,9,playing,watch3,attack_challenge,,watch4,False,10,c,1788170606938,,,0,attack_challenge,down,2,,,20260831_185316,3
1788170607249,watch4,99,89,10,10,playing,watch3,attack_challenge,,watch4,True,10,c,1788170604017,,,0,attack_challenge,down,3,,,20260831_185316,3
1788170607898,watch3,90,82,8,8,playing,watch3,attack_challenge,,watch3,True,10,c,1788170607898,,,0,attack_challenge,up,2,,,,
1788170606938,watch3,91,82,9,9,playing,watch3,attack_challenge,,watch3,True,10,c,1788170606938,,,0,attack_challenge,up,2,,,,
1788170609174,watch1,81,74,7,7,playing,watch3,attack_challenge,,watch4,False,10,c,1788170607648,,,0,attack_challenge,down,1,,,20260831_185316,3
1788170609174,watch2,79,79,0,0,playing,watch3,attack_challenge,,watch4,False,10,c,1788170607648,,,0,attack_challenge,down,2,,,20260831_185316,3
1788170609174,watch3,89,82,7,7,playing,watch3,attack_challenge,,watch4,False,10,c,1788170608947,,,0,attack_challenge,down,2,,,20260831_185316,3
1788170609174,watch4,98,89,9,9,playing,watch3,attack_challenge,,watch4,True,10,c,1788170607648,,,0,attack_challenge,down,3,,,20260831_185316,3
1788170608947,watch3,89,82,7,7,playing,watch3,attack_challenge,,watch3,True,10,c,1788170608947,,,0,attack_challenge,up,2,,,,
1788170609537,watch1,81,74,7,7,playing,watch3,attack_challenge,,watch1,True,10,c,1788170609537,,,0,attack_challenge,down,1,,,,
1788170609735,watch3,90,82,8,8,playing,watch3,attack_challenge,,watch3,True,10,c,1788170609735,,,0,attack_challenge,up,2,,,,
1788170611216,watch1,82,74,8,8,playing,watch3,attack_challenge,,watch4,False,10,c,1788170610000,,,0,attack_challenge,down,1,,,20260831_185316,3
1788170611216,watch2,81,79,2,2,playing,watch3,attack_challenge,,watch4,False,10,c,1788170611062,,,0,attack_challenge,down,2,,,20260831_185316,3
1788170611216,watch3,89,82,7,7,playing,watch3,attack_challenge,,watch4,False,10,c,1788170610000,,,0,attack_challenge,down,2,,,20260831_185316,3
1788170611216,watch4,98,89,9,9,playing,watch3,attack_challenge,,watch4,True,10,c,1788170610000,,,0,attack_challenge,down,3,,,20260831_185316,3
1788170611818,watch3,91,82,9,9,playing,watch3,attack_challenge,,watch3,True,10,c,1788170611818,,,0,attack_challenge,up,2,,,,
1788170612651,watch3,92,82,10,10,playing,watch3,attack_challenge,,watch3,True,10,c,1788170612651,,,0,attack_challenge,up,2,,,,
1788170613251,watch1,81,74,7,7,playing,watch3,attack_challenge,,watch4,False,10,c,1788170612064,,,0,attack_challenge,down,1,,,20260831_185316,3
1788170613251,watch2,82,79,3,3,playing,watch3,attack_challenge,,watch4,False,10,c,1788170613045,,,0,attack_challenge,down,2,,,20260831_185316,3
1788170613251,watch3,92,82,10,10,playing,watch3,attack_challenge,,watch4,False,10,c,1788170612651,,,0,attack_challenge,down,2,,,20260831_185316,3
1788170613251,watch4,98,89,9,9,playing,watch3,attack_challenge,,watch4,True,10,c,1788170612064,,,0,attack_challenge,down,3,,,20260831_185316,3
1788170614013,watch3,90,82,8,8,playing,watch3,attack_challenge,,watch3,True,10,c,1788170614013,,,0,attack_challenge,up,2,,,,
1788170614026,watch4,94,89,5,5,playing,watch3,attack_challenge,,watch4,True,10,c,1788170614026,,,0,attack_challenge,down,3,,,,
1788170615538,watch1,82,74,8,8,playing,watch3,attack_challenge,,watch4,False,10,c,1788170614429,,,0,attack_challenge,down,1,,,20260831_185316,3
1788170615538,watch2,82,79,3,3,playing,watch3,attack_challenge,,watch4,False,10,c,1788170613045,,,0,attack_challenge,down,2,,,20260831_185316,3
1788170615538,watch3,92,82,10,10,playing,watch3,attack_challenge,,watch4,False,10,c,1788170614796,,,0,attack_challenge,down,2,,,20260831_185316,3
1788170615538,watch4,92,89,3,3,playing,watch3,attack_challenge,,watch4,True,10,c,1788170615292,,,0,attack_challenge,down,3,,,20260831_185316,3
1788170614796,watch3,92,82,10,10,playing,watch3,attack_challenge,,watch3,True,10,c,1788170614796,,,0,attack_challenge,up,2,,,,
1788170615292,watch4,92,89,3,3,playing,watch3,attack_challenge,,watch4,True,10,c,1788170615292,,,0,attack_challenge,down,3,,,,
1788170616583,watch1,83,74,9,9,playing,watch3,attack_challenge,,watch1,True,10,c,1788170616583,,,0,attack_challenge,down,1,,,,
1788170616104,watch4,91,89,2,2,playing,watch3,attack_challenge,,watch4,True,10,c,1788170616104,,,0,attack_challenge,down,3,,,,
1788170617226,watch2,83,79,4,4,playing,watch3,attack_challenge,,watch2,True,10,c,1788170617226,,"watch2,watch4",2,attack_challenge,down,2,,,,
1788170616778,watch3,95,82,13,13,playing,watch3,attack_challenge,,watch3,True,10,c,1788170616778,,,0,attack_challenge,up,2,,,,
1788170619108,watch4,92,89,3,3,playing,watch3,attack_challenge,,watch4,True,10,c,1788170619108,,,0,attack_challenge,down,3,,,,
1788170623351,watch3,,,,,playing,watch3,,,,,,,,倒壊,,,,,0,-3,倒壊,,
1788170622912,watch1,83,74,9,9,playing,watch3,attack_challenge,,watch4,False,10,c,1788170617831,,,0,attack_challenge,down,1,,,,
1788170622912,watch2,85,79,6,6,playing,watch3,attack_challenge,,watch4,False,10,c,1788170619109,,,0,attack_challenge,down,4,,,,
1788170622912,watch3,95,82,13,13,playing,watch3,attack_challenge,,watch4,False,10,c,1788170617831,,,0,attack_challenge,down,0,,,,
1788170622912,watch4,91,89,2,2,playing,watch3,attack_challenge,,watch4,True,10,c,1788170617831,,,0,attack_challenge,down,5,,,,
