timestamp,device_id,heartbeat,baseline,diff,abs_diff,game_phase,current_turn,control_mode,random_extreme,target_watch,is_target,rpm,direction,source_timestamp,collapse
1785318244332,watch1,67,70,-3,3,playing,watch1,attack_challenge,,watch1,True,10,a,1785318243892,
1785318244332,watch2,67,68,-1,1,playing,watch1,attack_challenge,,watch1,False,10,a,1785318243337,
1785318244332,watch3,67,69,-2,2,playing,watch1,attack_challenge,,watch1,False,10,a,1785318243496,
1785318244332,watch4,67,68,-1,1,playing,watch1,attack_challenge,,watch1,False,10,a,1785318243892,
1785318244349,watch1,67,70,-3,3,playing,watch1,attack_challenge,,watch1,True,10,a,1785318243892,
1785318244349,watch2,67,68,-1,1,playing,watch1,attack_challenge,,watch1,False,10,a,1785318243337,
1785318244349,watch3,67,69,-2,2,playing,watch1,attack_challenge,,watch1,False,10,a,1785318243496,
1785318244349,watch4,67,68,-1,1,playing,watch1,attack_challenge,,watch1,False,10,a,1785318243892,
1785318245812,watch1,67,70,-3,3,playing,watch1,attack_challenge,,watch1,True,10,a,1785318245107,
1785318245812,watch2,67,68,-1,1,playing,watch1,attack_challenge,,watch1,False,10,a,1785318245107,
1785318245812,watch3,67,69,-2,2,playing,watch1,attack_challenge,,watch1,False,10,a,1785318245107,
1785318245812,watch4,67,68,-1,1,playing,watch1,attack_challenge,,watch1,False,10,a,1785318245107,
1785318245825,watch1,67,70,-3,3,playing,watch1,attack_challenge,,watch1,True,10,a,1785318245107,
1785318245825,watch2,67,68,-1,1,playing,watch1,attack_challenge,,watch1,False,10,a,1785318245107,
1785318245825,watch3,67,69,-2,2,playing,watch1,attack_challenge,,watch1,False,10,a,1785318245107,
1785318245825,watch4,67,68,-1,1,playing,watch1,attack_challenge,,watch1,False,10,a,1785318245107,
1785318247631,watch1,67,70,-3,3,playing,watch1,attack_challenge,,watch1,True,10,a,1785318246622,
1785318247631,watch2,66,68,-2,2,playing,watch1,attack_challenge,,watch1,False,10,a,1785318247345,
1785318247631,watch3,67,69,-2,2,playing,watch1,attack_challenge,,watch1,False,10,a,1785318246622,
1785318247631,watch4,66,68,-2,2,playing,watch1,attack_challenge,,watch1,False,10,a,1785318247174,
1785318248664,watch1,67,70,-3,3,playing,watch1,attack_challenge,,watch1,True,10,a,1785318248174,
1785318248664,watch2,66,68,-2,2,playing,watch1,attack_challenge,,watch1,False,10,a,1785318247345,
1785318248664,watch3,67,69,-2,2,playing,watch1,attack_challenge,,watch1,False,10,a,1785318248174,
1785318248664,watch4,66,68,-2,2,playing,watch1,attack_challenge,,watch1,False,10,a,1785318248174,
1785318248826,watch1,67,70,-3,3,playing,watch1,attack_challenge,,watch1,True,10,a,1785318248174,
1785318248826,watch2,66,68,-2,2,playing,watch1,attack_challenge,,watch1,False,10,a,1785318247345,
1785318248826,watch3,67,69,-2,2,playing,watch1,attack_challenge,,watch1,False,10,a,1785318248174,
1785318248826,watch4,66,68,-2,2,playing,watch1,attack_challenge,,watch1,False,10,a,1785318248174,
1785318250304,watch1,67,70,-3,3,playing,watch1,attack_challenge,,watch1,True,10,a,1785318249536,
1785318250304,watch2,66,68,-2,2,playing,watch1,attack_challenge,,watch1,False,10,a,1785318249536,
1785318250304,watch3,67,69,-2,2,playing,watch1,attack_challenge,,watch1,False,10,a,1785318248174,
1785318250304,watch4,67,68,-1,1,playing,watch1,attack_challenge,,watch1,False,10,a,1785318249144,
1785318250337,watch1,67,70,-3,3,playing,watch1,attack_challenge,,watch1,True,10,a,1785318249536,
1785318250337,watch2,66,68,-2,2,playing,watch1,attack_challenge,,watch1,False,10,a,1785318249536,
1785318250337,watch3,67,69,-2,2,playing,watch1,attack_challenge,,watch1,False,10,a,1785318248174,
1785318250337,watch4,67,68,-1,1,playing,watch1,attack_challenge,,watch1,False,10,a,1785318249144,
1785318252096,watch1,67,70,-3,3,playing,watch1,attack_challenge,,watch1,True,20,a,1785318251714,
1785318252096,watch2,67,68,-1,1,playing,watch1,attack_challenge,,watch1,False,20,a,1785318250344,
1785318252096,watch3,67,69,-2,2,playing,watch1,attack_challenge,,watch1,False,20,a,1785318251097,
1785318252096,watch4,67,68,-1,1,playing,watch1,attack_challenge,,watch1,False,20,a,1785318251097,
1785318252140,watch1,67,70,-3,3,playing,watch1,attack_challenge,,watch1,True,20,a,1785318251714,
1785318252140,watch2,67,68,-1,1,playing,watch1,attack_challenge,,watch1,False,20,a,1785318250344,
1785318252140,watch3,67,69,-2,2,playing,watch1,attack_challenge,,watch1,False,20,a,1785318251097,
1785318252140,watch4,67,68,-1,1,playing,watch1,attack_challenge,,watch1,False,20,a,1785318251097,
1785318253356,watch1,67,70,-3,3,playing,watch1,attack_challenge,,watch1,True,10,a,1785318251714,
1785318253356,watch2,68,68,0,0,playing,watch1,attack_challenge,,watch1,False,10,a,1785318252351,
1785318253356,watch3,68,69,-1,1,playing,watch1,attack_challenge,,watch1,False,10,a,1785318252693,
1785318253356,watch4,67,68,-1,1,playing,watch1,attack_challenge,,watch1,False,10,a,1785318253179,
1785318253600,watch1,67,70,-3,3,playing,watch1,attack_challenge,,watch1,True,10,a,1785318251714,
1785318253600,watch2,69,68,1,1,playing,watch1,attack_challenge,,watch1,False,10,a,1785318253381,
1785318253600,watch3,68,69,-1,1,playing,watch1,attack_challenge,,watch1,False,10,a,1785318252693,
1785318253600,watch4,67,68,-1,1,playing,watch1,attack_challenge,,watch1,False,10,a,1785318253179,
1785318254515,watch1,67,70,-3,3,playing,watch1,attack_challenge,,watch1,True,10,a,1785318253910,
1785318254515,watch2,69,68,1,1,playing,watch1,attack_challenge,,watch1,False,10,a,1785318253381,
1785318254515,watch3,69,69,0,0,playing,watch1,attack_challenge,,watch1,False,10,a,1785318253574,
1785318254515,watch4,67,68,-1,1,playing,watch1,attack_challenge,,watch1,False,10,a,1785318253179,
1785318254908,watch1,69,70,-1,1,playing,watch1,attack_challenge,,watch1,True,10,a,1785318254602,
1785318254908,watch2,69,68,1,1,playing,watch1,attack_challenge,,watch1,False,10,a,1785318253381,
1785318254908,watch3,69,69,0,0,playing,watch1,attack_challenge,,watch1,False,10,a,1785318253574,
1785318254908,watch4,67,68,-1,1,playing,watch1,attack_challenge,,watch1,False,10,a,1785318253179,
1785318255783,watch1,69,70,-1,1,playing,watch1,attack_challenge,,watch1,True,10,a,1785318254602,
1785318255783,watch2,69,68,1,1,playing,watch1,attack_challenge,,watch1,False,10,a,1785318255083,
1785318255783,watch3,69,69,0,0,playing,watch1,attack_challenge,,watch1,False,10,a,1785318255083,
1785318255783,watch4,67,68,-1,1,playing,watch1,attack_challenge,,watch1,False,10,a,1785318255083,
1785318256050,watch1,69,70,-1,1,playing,watch1,attack_challenge,,watch1,True,10,a,1785318254602,
1785318256050,watch2,69,68,1,1,playing,watch1,attack_challenge,,watch1,False,10,a,1785318255083,
1785318256050,watch3,69,69,0,0,playing,watch1,attack_challenge,,watch1,False,10,a,1785318255083,
1785318256050,watch4,67,68,-1,1,playing,watch1,attack_challenge,,watch1,False,10,a,1785318255083,
1785318257860,watch1,69,70,-1,1,playing,watch1,attack_challenge,,watch1,True,10,a,1785318256662,
1785318257860,watch2,69,68,1,1,playing,watch1,attack_challenge,,watch1,False,10,a,1785318256662,
1785318257860,watch3,70,69,1,1,playing,watch1,attack_challenge,,watch1,False,10,a,1785318256551,
1785318257860,watch4,69,68,1,1,playing,watch1,attack_challenge,,watch1,False,10,a,1785318257528,
1785318257933,watch1,69,70,-1,1,playing,watch1,attack_challenge,,watch1,True,10,a,1785318256662,
1785318257933,watch2,69,68,1,1,playing,watch1,attack_challenge,,watch1,False,10,a,1785318256662,
1785318257933,watch3,70,69,1,1,playing,watch1,attack_challenge,,watch1,False,10,a,1785318256551,
1785318257933,watch4,69,68,1,1,playing,watch1,attack_challenge,,watch1,False,10,a,1785318257528,
1785318259536,watch1,69,70,-1,1,playing,watch1,attack_challenge,,watch1,True,10,a,1785318258645,
1785318259536,watch2,69,68,1,1,playing,watch1,attack_challenge,,watch1,False,10,a,1785318258645,
1785318259536,watch3,70,69,1,1,playing,watch1,attack_challenge,,watch1,False,10,a,1785318256551,
1785318259536,watch4,70,68,2,2,playing,watch1,attack_challenge,,watch1,False,10,a,1785318259354,
1785318259603,watch1,69,70,-1,1,playing,watch1,attack_challenge,,watch1,True,10,a,1785318258645,
1785318259603,watch2,69,68,1,1,playing,watch1,attack_challenge,,watch1,False,10,a,1785318258645,
1785318259603,watch3,70,69,1,1,playing,watch1,attack_challenge,,watch1,False,10,a,1785318256551,
1785318259603,watch4,70,68,2,2,playing,watch1,attack_challenge,,watch1,False,10,a,1785318259354,
1785318260888,watch1,70,70,0,0,playing,watch1,attack_challenge,,watch1,True,10,c,1785318260353,
1785318260888,watch2,69,68,1,1,playing,watch1,attack_challenge,,watch1,False,10,c,1785318260353,
1785318260888,watch3,70,69,1,1,playing,watch1,attack_challenge,,watch1,False,10,c,1785318260353,
1785318260888,watch4,70,68,2,2,playing,watch1,attack_challenge,,watch1,False,10,c,1785318259354,
1785318260990,watch1,70,70,0,0,playing,watch1,attack_challenge,,watch1,True,10,c,1785318260353,
1785318260990,watch2,69,68,1,1,playing,watch1,attack_challenge,,watch1,False,10,c,1785318260353,
1785318260990,watch3,70,69,1,1,playing,watch1,attack_challenge,,watch1,False,10,c,1785318260353,
1785318260990,watch4,70,68,2,2,playing,watch1,attack_challenge,,watch1,False,10,c,1785318259354,
1785318262377,watch1,70,70,0,0,playing,watch1,attack_challenge,,watch1,True,10,c,1785318261740,
1785318262377,watch2,69,68,1,1,playing,watch1,attack_challenge,,watch1,False,10,c,1785318261740,
1785318262377,watch3,70,69,1,1,playing,watch1,attack_challenge,,watch1,False,10,c,1785318261740,
1785318262377,watch4,70,68,2,2,playing,watch1,attack_challenge,,watch1,False,10,c,1785318261740,
1785318262450,watch1,70,70,0,0,playing,watch1,attack_challenge,,watch1,True,10,c,1785318261740,
1785318262450,watch2,69,68,1,1,playing,watch1,attack_challenge,,watch1,False,10,c,1785318261740,
1785318262450,watch3,70,69,1,1,playing,watch1,attack_challenge,,watch1,False,10,c,1785318261740,
1785318262450,watch4,70,68,2,2,playing,watch1,attack_challenge,,watch1,False,10,c,1785318261740,
1785318263935,watch1,70,70,0,0,playing,watch1,attack_challenge,,watch1,True,10,c,1785318263307,
1785318263935,watch2,69,68,1,1,playing,watch1,attack_challenge,,watch1,False,10,c,1785318263307,
1785318263935,watch3,70,69,1,1,playing,watch1,attack_challenge,,watch1,False,10,c,1785318263307,
1785318263935,watch4,69,68,1,1,playing,watch1,attack_challenge,,watch1,False,10,c,1785318263217,
1785318266043,watch1,69,70,-1,1,playing,watch1,attack_challenge,,watch1,True,10,a,1785318264686,
1785318266043,watch2,69,68,1,1,playing,watch1,attack_challenge,,watch1,False,10,a,1785318264799,
1785318266043,watch3,70,69,1,1,playing,watch1,attack_challenge,,watch1,False,10,a,1785318264799,
1785318266043,watch4,69,68,1,1,playing,watch1,attack_challenge,,watch1,False,10,a,1785318264799,
1785318267715,watch1,69,70,-1,1,playing,watch1,attack_challenge,,watch1,True,10,a,1785318266925,
1785318267715,watch2,69,68,1,1,playing,watch1,attack_challenge,,watch1,False,10,a,1785318266925,
1785318267715,watch3,70,69,1,1,playing,watch1,attack_challenge,,watch1,False,10,a,1785318266925,
1785318267715,watch4,69,68,1,1,playing,watch1,attack_challenge,,watch1,False,10,a,1785318266925,
1785318267756,watch1,69,70,-1,1,playing,watch1,attack_challenge,,watch1,True,10,a,1785318266925,
1785318267756,watch2,69,68,1,1,playing,watch1,attack_challenge,,watch1,False,10,a,1785318266925,
1785318267756,watch3,70,69,1,1,playing,watch1,attack_challenge,,watch1,False,10,a,1785318266925,
1785318267756,watch4,69,68,1,1,playing,watch1,attack_challenge,,watch1,False,10,a,1785318266925,
1785318269257,watch1,69,70,-1,1,playing,watch1,attack_challenge,,watch1,True,10,a,1785318268555,
1785318269257,watch2,69,68,1,1,playing,watch1,attack_challenge,,watch1,False,10,a,1785318268555,
1785318269257,watch3,70,69,1,1,playing,watch1,attack_challenge,,watch1,False,10,a,1785318268555,
1785318269257,watch4,69,68,1,1,playing,watch1,attack_challenge,,watch1,False,10,a,1785318268555,
1785318271021,watch1,69,70,-1,1,playing,watch1,attack_challenge,,watch1,True,10,a,1785318270141,
1785318271021,watch2,69,68,1,1,playing,watch1,attack_challenge,,watch1,False,10,a,1785318270141,
1785318271021,watch3,69,69,0,0,playing,watch1,attack_challenge,,watch1,False,10,a,1785318270727,
1785318271021,watch4,69,68,1,1,playing,watch1,attack_challenge,,watch1,False,10,a,1785318270141,
1785318272354,watch1,69,70,-1,1,playing,watch1,attack_challenge,,watch1,True,10,a,1785318271713,
1785318272354,watch2,69,68,1,1,playing,watch1,attack_challenge,,watch1,False,10,a,1785318271713,
1785318272354,watch3,70,69,1,1,playing,watch1,attack_challenge,,watch1,False,10,a,1785318271557,
1785318272354,watch4,70,68,2,2,playing,watch1,attack_challenge,,watch1,False,10,a,1785318272234,
1785318273828,watch1,70,70,0,0,playing,watch1,attack_challenge,,watch1,True,10,c,1785318272734,
1785318273828,watch2,71,68,3,3,playing,watch1,attack_challenge,,watch1,False,10,c,1785318273415,
1785318273828,watch3,71,69,2,2,playing,watch1,attack_challenge,,watch1,False,10,c,1785318273590,
1785318273828,watch4,70,68,2,2,playing,watch1,attack_challenge,,watch1,False,10,c,1785318272234,
1785318273950,watch1,70,70,0,0,playing,watch1,attack_challenge,,watch1,True,10,c,1785318272734,
1785318273950,watch2,71,68,3,3,playing,watch1,attack_challenge,,watch1,False,10,c,1785318273415,
1785318273950,watch3,71,69,2,2,playing,watch1,attack_challenge,,watch1,False,10,c,1785318273590,
1785318273950,watch4,70,68,2,2,playing,watch1,attack_challenge,,watch1,False,10,c,1785318272234,
1785318275193,watch1,72,70,2,2,playing,watch1,attack_challenge,,watch1,True,10,c,1785318274841,
1785318275193,watch2,72,68,4,4,playing,watch1,attack_challenge,,watch1,False,10,c,1785318274563,
1785318275193,watch3,73,69,4,4,playing,watch1,attack_challenge,,watch1,False,10,c,1785318274678,
1785318275193,watch4,73,68,5,5,playing,watch1,attack_challenge,,watch1,False,10,c,1785318274269,
1785318275276,watch1,72,70,2,2,playing,watch1,attack_challenge,,watch1,True,10,c,1785318274841,
1785318275276,watch2,72,68,4,4,playing,watch1,attack_challenge,,watch1,False,10,c,1785318274563,
1785318275276,watch3,73,69,4,4,playing,watch1,attack_challenge,,watch1,False,10,c,1785318274678,
1785318275276,watch4,73,68,5,5,playing,watch1,attack_challenge,,watch1,False,10,c,1785318274269,
1785318276587,watch1,76,70,6,6,playing,watch1,attack_challenge,,watch1,True,20,c,1785318275749,
1785318276587,watch2,74,68,6,6,playing,watch1,attack_challenge,,watch1,False,20,c,1785318276448,
1785318276587,watch3,73,69,4,4,playing,watch1,attack_challenge,,watch1,False,20,c,1785318274678,
1785318276587,watch4,76,68,8,8,playing,watch1,attack_challenge,,watch1,False,20,c,1785318276254,
1785318284147,watch1,79,70,9,9,playing,watch1,attack_challenge,,watch1,True,30,c,1785318283111,
1785318284147,watch2,75,68,7,7,playing,watch1,attack_challenge,,watch1,False,30,c,1785318279445,
1785318284147,watch3,80,69,11,11,playing,watch1,attack_challenge,,watch1,False,30,c,1785318283682,
1785318284147,watch4,76,68,8,8,playing,watch1,attack_challenge,,watch1,False,30,c,1785318276254,
1785318285314,watch1,84,70,14,14,playing,watch1,attack_challenge,,watch1,True,30,c,1785318284111,
1785318285314,watch2,82,68,14,14,playing,watch1,attack_challenge,,watch1,False,30,c,1785318284492,
1785318285314,watch3,84,69,15,15,playing,watch1,attack_challenge,,watch1,False,30,c,1785318284650,
1785318285314,watch4,84,68,16,16,playing,watch1,attack_challenge,,watch1,False,30,c,1785318284328,
1785318285413,watch1,84,70,14,14,playing,watch1,attack_challenge,,watch1,True,30,c,1785318284111,
1785318285413,watch2,82,68,14,14,playing,watch1,attack_challenge,,watch1,False,30,c,1785318284492,
1785318285413,watch3,84,69,15,15,playing,watch1,attack_challenge,,watch1,False,30,c,1785318284650,
1785318285413,watch4,84,68,16,16,playing,watch1,attack_challenge,,watch1,False,30,c,1785318284328,
1785318286726,watch1,84,70,14,14,playing,watch1,attack_challenge,,watch1,True,30,c,1785318285650,
1785318286726,watch2,85,68,17,17,playing,watch1,attack_challenge,,watch1,False,30,c,1785318286501,
1785318286726,watch3,84,69,15,15,playing,watch1,attack_challenge,,watch1,False,30,c,1785318285650,
1785318286726,watch4,88,68,20,20,playing,watch1,attack_challenge,,watch1,False,30,c,1785318286306,
1785318286839,watch1,84,70,14,14,playing,watch1,attack_challenge,,watch1,True,30,c,1785318285650,
1785318286839,watch2,85,68,17,17,playing,watch1,attack_challenge,,watch1,False,30,c,1785318286501,
1785318286839,watch3,84,69,15,15,playing,watch1,attack_challenge,,watch1,False,30,c,1785318285650,
1785318286839,watch4,88,68,20,20,playing,watch1,attack_challenge,,watch1,False,30,c,1785318286306,
1785318288163,watch1,97,70,27,27,playing,watch1,attack_challenge,,watch1,True,40,c,1785318287822,
1785318288163,watch2,85,68,17,17,playing,watch1,attack_challenge,,watch1,False,40,c,1785318286501,
1785318288163,watch3,84,69,15,15,playing,watch1,attack_challenge,,watch1,False,40,c,1785318287155,
1785318288163,watch4,94,68,26,26,playing,watch1,attack_challenge,,watch1,False,40,c,1785318287381,
1785318289189,watch1,97,70,27,27,playing,watch1,attack_challenge,,watch1,True,40,c,1785318287822,
1785318289189,watch2,85,68,17,17,playing,watch1,attack_challenge,,watch1,False,40,c,1785318288381,
1785318289189,watch3,87,69,18,18,playing,watch1,attack_challenge,,watch1,False,40,c,1785318288761,
1785318289189,watch4,94,68,26,26,playing,watch1,attack_challenge,,watch1,False,40,c,1785318287381,
1785318294321,watch1,101,70,31,31,playing,watch1,attack_challenge,,watch1,True,30,c,1785318289892,
1785318294321,watch2,102,68,34,34,playing,watch1,attack_challenge,,watch1,False,30,c,1785318292494,
1785318294321,watch3,95,69,26,26,playing,watch1,attack_challenge,,watch1,False,30,c,1785318289718,
1785318294321,watch4,99,68,31,31,playing,watch1,attack_challenge,,watch1,False,30,c,1785318289322,
1785318296795,watch1,101,70,31,31,playing,watch1,attack_challenge,,watch1,True,40,c,1785318289892,
1785318296795,watch2,101,68,33,33,playing,watch1,attack_challenge,,watch1,False,40,c,1785318295087,
1785318296795,watch3,103,69,34,34,playing,watch1,attack_challenge,,watch1,False,40,c,1785318295825,
1785318296795,watch4,99,68,31,31,playing,watch1,attack_challenge,,watch1,False,40,c,1785318289322,
1785318297881,watch1,108,70,38,38,playing,watch1,attack_challenge,,watch1,True,40,a,1785318296991,
1785318297881,watch2,101,68,33,33,playing,watch1,attack_challenge,,watch1,False,40,a,1785318297134,
1785318297881,watch3,103,69,34,34,playing,watch1,attack_challenge,,watch1,False,40,a,1785318297134,
1785318297881,watch4,106,68,38,38,playing,watch1,attack_challenge,,watch1,False,40,a,1785318297134,
1785318297998,watch1,108,70,38,38,playing,watch1,attack_challenge,,watch1,True,40,a,1785318296991,
1785318297998,watch2,101,68,33,33,playing,watch1,attack_challenge,,watch1,False,40,a,1785318297134,
1785318297998,watch3,103,69,34,34,playing,watch1,attack_challenge,,watch1,False,40,a,1785318297134,
1785318297998,watch4,106,68,38,38,playing,watch1,attack_challenge,,watch1,False,40,a,1785318297134,
1785318299282,watch1,108,70,38,38,playing,watch1,attack_challenge,,watch1,True,40,a,1785318298611,
1785318299282,watch2,101,68,33,33,playing,watch1,attack_challenge,,watch1,False,40,a,1785318298611,
1785318299282,watch3,103,69,34,34,playing,watch1,attack_challenge,,watch1,False,40,a,1785318298611,
1785318299282,watch4,107,68,39,39,playing,watch1,attack_challenge,,watch1,False,40,a,1785318298611,
1785318299376,watch1,108,70,38,38,playing,watch1,attack_challenge,,watch1,True,40,a,1785318298611,
1785318299376,watch2,101,68,33,33,playing,watch1,attack_challenge,,watch1,False,40,a,1785318298611,
1785318299376,watch3,103,69,34,34,playing,watch1,attack_challenge,,watch1,False,40,a,1785318298611,
1785318299376,watch4,107,68,39,39,playing,watch1,attack_challenge,,watch1,False,40,a,1785318298611,
1785318300485,watch1,108,70,38,38,playing,watch1,attack_challenge,,watch1,True,40,c,1785318300149,
1785318300485,watch2,101,68,33,33,playing,watch1,attack_challenge,,watch1,False,40,c,1785318300149,
1785318300485,watch3,102,69,33,33,playing,watch1,attack_challenge,,watch1,False,40,c,1785318299661,
1785318300485,watch4,108,68,40,40,playing,watch1,attack_challenge,,watch1,False,40,c,1785318299376,
1785318300603,watch1,108,70,38,38,playing,watch1,attack_challenge,,watch1,True,40,c,1785318300149,
1785318300603,watch2,101,68,33,33,playing,watch1,attack_challenge,,watch1,False,40,c,1785318300149,
1785318300603,watch3,102,69,33,33,playing,watch1,attack_challenge,,watch1,False,40,c,1785318299661,
1785318300603,watch4,108,68,40,40,playing,watch1,attack_challenge,,watch1,False,40,c,1785318299376,
1785318302081,watch1,108,70,38,38,playing,watch1,attack_challenge,,watch1,True,40,c,1785318301360,
1785318302081,watch2,101,68,33,33,playing,watch1,attack_challenge,,watch1,False,40,c,1785318301360,
1785318302081,watch3,101,69,32,32,playing,watch1,attack_challenge,,watch1,False,40,c,1785318300688,
1785318302081,watch4,108,68,40,40,playing,watch1,attack_challenge,,watch1,False,40,c,1785318301360,
1785318303455,watch1,103,70,33,33,playing,watch1,attack_challenge,,watch1,True,40,c,1785318302904,
1785318303455,watch2,101,68,33,33,playing,watch1,attack_challenge,,watch1,False,40,c,1785318302922,
1785318303455,watch3,99,69,30,30,playing,watch1,attack_challenge,,watch1,False,40,c,1785318302669,
1785318303455,watch4,107,68,39,39,playing,watch1,attack_challenge,,watch1,False,40,c,1785318302922,
1785318303559,watch1,103,70,33,33,playing,watch1,attack_challenge,,watch1,True,40,a,1785318302904,
1785318303559,watch2,101,68,33,33,playing,watch1,attack_challenge,,watch1,False,40,a,1785318302922,
1785318303559,watch3,99,69,30,30,playing,watch1,attack_challenge,,watch1,False,40,a,1785318302669,
1785318303559,watch4,107,68,39,39,playing,watch1,attack_challenge,,watch1,False,40,a,1785318302922,
1785318306063,watch1,104,70,34,34,playing,watch1,attack_challenge,,watch1,True,40,c,1785318305018,
1785318306063,watch2,100,68,32,32,playing,watch1,attack_challenge,,watch1,False,40,c,1785318305593,
1785318306063,watch3,102,69,33,33,playing,watch1,attack_challenge,,watch1,False,40,c,1785318304750,
1785318306063,watch4,103,68,35,35,playing,watch1,attack_challenge,,watch1,False,40,c,1785318305413,
1785318306260,watch1,104,70,34,34,playing,watch1,attack_challenge,,watch1,True,40,c,1785318305018,
1785318306260,watch2,100,68,32,32,playing,watch1,attack_challenge,,watch1,False,40,c,1785318305593,
1785318306260,watch3,102,69,33,33,playing,watch1,attack_challenge,,watch1,False,40,c,1785318304750,
1785318306260,watch4,103,68,35,35,playing,watch1,attack_challenge,,watch1,False,40,c,1785318305413,
1785318307409,watch1,104,70,34,34,playing,watch1,attack_challenge,,watch1,True,40,c,1785318306741,
1785318307409,watch2,100,68,32,32,playing,watch1,attack_challenge,,watch1,False,40,c,1785318306741,
1785318307409,watch3,102,69,33,33,playing,watch1,attack_challenge,,watch1,False,40,c,1785318306741,
1785318307409,watch4,102,68,34,34,playing,watch1,attack_challenge,,watch1,False,40,c,1785318306473,
1785318307534,watch1,104,70,34,34,playing,watch1,attack_challenge,,watch1,True,40,c,1785318306741,
1785318307534,watch2,100,68,32,32,playing,watch1,attack_challenge,,watch1,False,40,c,1785318306741,
1785318307534,watch3,102,69,33,33,playing,watch1,attack_challenge,,watch1,False,40,c,1785318306741,
1785318307534,watch4,102,68,34,34,playing,watch1,attack_challenge,,watch1,False,40,c,1785318306473,
1785318309307,watch1,104,70,34,34,playing,watch1,attack_challenge,,watch1,True,40,a,1785318306741,
1785318309307,watch2,99,68,31,31,playing,watch1,attack_challenge,,watch1,False,40,a,1785318308394,
1785318309307,watch3,103,69,34,34,playing,watch1,attack_challenge,,watch1,False,40,a,1785318308815,
1785318309307,watch4,102,68,34,34,playing,watch1,attack_challenge,,watch1,False,40,a,1785318308394,
1785318310470,watch1,105,70,35,35,playing,watch2,attack_challenge,,watch1,True,40,c,1785318309118,
1785318310470,watch2,103,68,35,35,playing,watch2,attack_challenge,,watch1,False,40,c,1785318309977,
1785318310470,watch3,103,69,34,34,playing,watch2,attack_challenge,,watch1,False,40,c,1785318309977,
1785318310470,watch4,103,68,35,35,playing,watch2,attack_challenge,,watch1,False,40,c,1785318309977,
1785318310799,watch1,105,70,35,35,playing,watch2,attack_challenge,,watch2,False,40,c,1785318309118,
1785318310799,watch2,103,68,35,35,playing,watch2,attack_challenge,,watch2,True,40,c,1785318309977,
1785318310799,watch3,103,69,34,34,playing,watch2,attack_challenge,,watch2,False,40,c,1785318309977,
1785318310799,watch4,105,68,37,37,playing,watch2,attack_challenge,,watch2,False,40,c,1785318310470,
1785318312088,watch1,105,70,35,35,playing,watch2,attack_challenge,,watch2,False,40,c,1785318311469,
1785318312088,watch2,104,68,36,36,playing,watch2,attack_challenge,,watch2,True,40,c,1785318311589,
1785318312088,watch3,103,69,34,34,playing,watch2,attack_challenge,,watch2,False,40,c,1785318309977,
1785318312088,watch4,105,68,37,37,playing,watch2,attack_challenge,,watch2,False,40,c,1785318310470,
1785318312306,watch1,105,70,35,35,playing,watch2,attack_challenge,,watch2,False,40,c,1785318309118,
1785318312306,watch2,104,68,36,36,playing,watch2,attack_challenge,,watch2,True,40,c,1785318311589,
1785318312306,watch3,105,69,36,36,playing,watch2,attack_challenge,,watch2,False,40,c,1785318311879,
1785318312306,watch4,105,68,37,37,playing,watch2,attack_challenge,,watch2,False,40,c,1785318310470,
1785318313393,watch1,105,70,35,35,playing,watch2,attack_challenge,,watch2,False,40,c,1785318313028,
1785318313393,watch2,106,68,38,38,playing,watch2,attack_challenge,,watch2,True,40,c,1785318312611,
1785318313393,watch3,106,69,37,37,playing,watch2,attack_challenge,,watch2,False,40,c,1785318312801,
1785318313393,watch4,107,68,39,39,playing,watch2,attack_challenge,,watch2,False,40,c,1785318312501,
1785318313528,watch1,105,70,35,35,playing,watch2,attack_challenge,,watch2,False,40,c,1785318313028,
1785318313528,watch2,106,68,38,38,playing,watch2,attack_challenge,,watch2,True,40,c,1785318312611,
1785318313528,watch3,106,69,37,37,playing,watch2,attack_challenge,,watch2,False,40,c,1785318312801,
1785318313528,watch4,107,68,39,39,playing,watch2,attack_challenge,,watch2,False,40,c,1785318312501,
1785318314913,watch1,106,70,36,36,playing,watch2,attack_challenge,,watch2,False,40,c,1785318314285,
1785318314913,watch2,104,68,36,36,playing,watch2,attack_challenge,,watch2,True,40,c,1785318313592,
1785318314913,watch3,105,69,36,36,playing,watch2,attack_challenge,,watch2,False,40,c,1785318313740,
1785318314913,watch4,106,68,38,38,playing,watch2,attack_challenge,,watch2,False,40,c,1785318314550,
1785318316382,watch1,103,70,33,33,playing,watch2,attack_challenge,,watch2,False,40,c,1785318316048,
1785318316382,watch2,104,68,36,36,playing,watch2,attack_challenge,,watch2,True,40,c,1785318315550,
1785318316382,watch3,105,69,36,36,playing,watch2,attack_challenge,,watch2,False,40,c,1785318315550,
1785318316382,watch4,106,68,38,38,playing,watch2,attack_challenge,,watch2,False,40,c,1785318315550,
1785318317539,watch1,103,70,33,33,playing,watch2,attack_challenge,,watch2,False,40,c,1785318316048,
1785318317539,watch2,103,68,35,35,playing,watch2,attack_challenge,,watch2,True,40,c,1785318316611,
1785318317539,watch3,103,69,34,34,playing,watch2,attack_challenge,,watch2,False,40,c,1785318316760,
1785318317539,watch4,103,68,35,35,playing,watch2,attack_challenge,,watch2,False,40,c,1785318316482,
1785318318816,watch1,103,70,33,33,playing,watch2,attack_challenge,,watch2,False,40,c,1785318318049,
1785318318816,watch2,101,68,33,33,playing,watch2,attack_challenge,,watch2,True,40,c,1785318317611,
1785318318816,watch3,102,69,33,33,playing,watch2,attack_challenge,,watch2,False,40,c,1785318317760,
1785318318816,watch4,101,68,33,33,playing,watch2,attack_challenge,,watch2,False,40,c,1785318318507,
1785318318963,watch1,103,70,33,33,playing,watch2,attack_challenge,,watch2,False,40,c,1785318318049,
1785318318963,watch2,101,68,33,33,playing,watch2,attack_challenge,,watch2,True,40,c,1785318317611,
1785318318963,watch3,102,69,33,33,playing,watch2,attack_challenge,,watch2,False,40,c,1785318317760,
1785318318963,watch4,101,68,33,33,playing,watch2,attack_challenge,,watch2,False,40,c,1785318318507,
1785318319970,watch1,101,70,31,31,playing,watch2,attack_challenge,,watch2,False,40,c,1785318319374,
1785318319970,watch2,101,68,33,33,playing,watch2,attack_challenge,,watch2,True,40,c,1785318319374,
1785318319970,watch3,102,69,33,33,playing,watch2,attack_challenge,,watch2,False,40,c,1785318319374,
1785318319970,watch4,101,68,33,33,playing,watch2,attack_challenge,,watch2,False,40,c,1785318318507,
1785318320238,watch1,102,70,32,32,playing,watch2,attack_challenge,,watch2,False,40,c,1785318320001,
1785318320238,watch2,101,68,33,33,playing,watch2,attack_challenge,,watch2,True,40,c,1785318319374,
1785318320238,watch3,102,69,33,33,playing,watch2,attack_challenge,,watch2,False,40,c,1785318319374,
1785318320238,watch4,101,68,33,33,playing,watch2,attack_challenge,,watch2,False,40,c,1785318318507,
1785318321160,watch1,102,70,32,32,playing,watch2,attack_challenge,,watch2,False,40,c,1785318320001,
1785318321160,watch2,102,68,34,34,playing,watch2,attack_challenge,,watch2,True,40,c,1785318320629,
1785318321160,watch3,102,69,33,33,playing,watch2,attack_challenge,,watch2,False,40,c,1785318320801,
1785318321160,watch4,102,68,34,34,playing,watch2,attack_challenge,,watch2,False,40,c,1785318320498,
1785318321428,watch1,102,70,32,32,playing,watch2,attack_challenge,,watch2,False,40,c,1785318320001,
1785318321428,watch2,102,68,34,34,playing,watch2,attack_challenge,,watch2,True,40,c,1785318320629,
1785318321428,watch3,102,69,33,33,playing,watch2,attack_challenge,,watch2,False,40,c,1785318320801,
1785318321428,watch4,102,68,34,34,playing,watch2,attack_challenge,,watch2,False,40,c,1785318320498,
1785318323996,watch1,103,70,33,33,playing,watch2,attack_challenge,,watch2,False,40,c,1785318323430,
1785318323996,watch2,104,68,36,36,playing,watch2,attack_challenge,,watch2,True,40,c,1785318323707,
1785318323996,watch3,104,69,35,35,playing,watch2,attack_challenge,,watch2,False,40,c,1785318323430,
1785318323996,watch4,103,68,35,35,playing,watch2,attack_challenge,,watch2,False,40,c,1785318322496,
1785318325161,watch1,104,70,34,34,playing,watch2,attack_challenge,,watch2,False,40,c,1785318324031,
1785318325161,watch2,104,68,36,36,playing,watch2,attack_challenge,,watch2,True,40,c,1785318323707,
1785318325161,watch3,104,69,35,35,playing,watch2,attack_challenge,,watch2,False,40,c,1785318324706,
1785318325161,watch4,104,68,36,36,playing,watch2,attack_challenge,,watch2,False,40,c,1785318324498,
1785318325317,watch1,104,70,34,34,playing,watch2,attack_challenge,,watch2,False,40,c,1785318324031,
1785318325317,watch2,104,68,36,36,playing,watch2,attack_challenge,,watch2,True,40,c,1785318323707,
1785318325317,watch3,104,69,35,35,playing,watch2,attack_challenge,,watch2,False,40,c,1785318324706,
1785318325317,watch4,104,68,36,36,playing,watch2,attack_challenge,,watch2,False,40,c,1785318324498,
1785318326427,watch1,104,70,34,34,playing,watch2,attack_challenge,,watch2,False,40,c,1785318325843,
1785318326427,watch2,103,68,35,35,playing,watch2,attack_challenge,,watch2,True,40,c,1785318325629,
1785318326427,watch3,104,69,35,35,playing,watch2,attack_challenge,,watch2,False,40,c,1785318325843,
1785318326427,watch4,104,68,36,36,playing,watch2,attack_challenge,,watch2,False,40,c,1785318325843,
1785318329141,watch1,102,70,32,32,playing,watch2,attack_challenge,,watch2,False,40,c,1785318328129,
1785318329141,watch2,101,68,33,33,playing,watch2,attack_challenge,,watch2,True,40,c,1785318328742,
1785318329141,watch3,101,69,32,32,playing,watch2,attack_challenge,,watch2,False,40,c,1785318327785,
1785318329141,watch4,103,68,35,35,playing,watch2,attack_challenge,,watch2,False,40,c,1785318328742,
1785318329415,watch1,102,70,32,32,playing,watch2,attack_challenge,,watch2,False,40,c,1785318328129,
1785318329415,watch2,101,68,33,33,playing,watch2,attack_challenge,,watch2,True,40,c,1785318328742,
1785318329415,watch3,101,69,32,32,playing,watch2,attack_challenge,,watch2,False,40,c,1785318327785,
1785318329415,watch4,103,68,35,35,playing,watch2,attack_challenge,,watch2,False,40,c,1785318328742,
1785318330532,watch1,100,70,30,30,playing,watch2,attack_challenge,,watch2,False,40,c,1785318330209,
1785318330532,watch2,100,68,32,32,playing,watch2,attack_challenge,,watch2,True,40,c,1785318330052,
1785318330532,watch3,100,69,31,31,playing,watch2,attack_challenge,,watch2,False,40,c,1785318329777,
1785318330532,watch4,100,68,32,32,playing,watch2,attack_challenge,,watch2,False,40,c,1785318329533,
1785318332063,watch1,100,70,30,30,playing,watch2,attack_challenge,,watch2,False,40,c,1785318331334,
1785318332063,watch2,98,68,30,30,playing,watch2,attack_challenge,,watch2,True,40,c,1785318331716,
1785318332063,watch3,98,69,29,29,playing,watch2,attack_challenge,,watch2,False,40,c,1785318331856,
1785318332063,watch4,98,68,30,30,playing,watch2,attack_challenge,,watch2,False,40,c,1785318331559,
1785318332233,watch1,98,70,28,28,playing,watch2,attack_challenge,,watch2,False,40,c,1785318332068,
1785318332233,watch2,98,68,30,30,playing,watch2,attack_challenge,,watch2,True,40,c,1785318331716,
1785318332233,watch3,98,69,29,29,playing,watch2,attack_challenge,,watch2,False,40,c,1785318331856,
1785318332233,watch4,98,68,30,30,playing,watch2,attack_challenge,,watch2,False,40,c,1785318331559,
1785318333252,watch1,98,70,28,28,playing,watch2,attack_challenge,,watch2,False,40,c,1785318332068,
1785318333252,watch2,98,68,30,30,playing,watch2,attack_challenge,,watch2,True,40,c,1785318331716,
1785318333252,watch3,98,69,29,29,playing,watch2,attack_challenge,,watch2,False,40,c,1785318331856,
1785318333252,watch4,98,68,30,30,playing,watch2,attack_challenge,,watch2,False,40,c,1785318331559,
1785318333388,watch1,98,70,28,28,playing,watch2,attack_challenge,,watch2,False,40,c,1785318332068,
1785318333388,watch2,98,68,30,30,playing,watch2,attack_challenge,,watch2,True,40,c,1785318331716,
1785318333388,watch3,98,69,29,29,playing,watch2,attack_challenge,,watch2,False,40,c,1785318331856,
1785318333388,watch4,98,68,30,30,playing,watch2,attack_challenge,,watch2,False,40,c,1785318331559,
1785318334398,watch1,97,70,27,27,playing,watch2,attack_challenge,,watch2,False,40,c,1785318334074,
1785318334398,watch2,98,68,30,30,playing,watch2,attack_challenge,,watch2,True,40,c,1785318333564,
1785318334398,watch3,98,69,29,29,playing,watch2,attack_challenge,,watch2,False,40,c,1785318333564,
1785318334398,watch4,97,68,29,29,playing,watch2,attack_challenge,,watch2,False,40,c,1785318333554,
1785318334564,watch1,97,70,27,27,playing,watch2,attack_challenge,,watch2,False,40,c,1785318334074,
1785318334564,watch2,98,68,30,30,playing,watch2,attack_challenge,,watch2,True,40,c,1785318333564,
1785318334564,watch3,98,69,29,29,playing,watch2,attack_challenge,,watch2,False,40,c,1785318333564,
1785318334564,watch4,97,68,29,29,playing,watch2,attack_challenge,,watch2,False,40,c,1785318333554,
1785318335551,watch1,97,70,27,27,playing,watch2,attack_challenge,,watch2,False,40,c,1785318334074,
1785318335551,watch2,97,68,29,29,playing,watch2,attack_challenge,,watch2,True,40,c,1785318334674,
1785318335551,watch3,98,69,29,29,playing,watch2,attack_challenge,,watch2,False,40,c,1785318335070,
1785318335551,watch4,97,68,29,29,playing,watch2,attack_challenge,,watch2,False,40,c,1785318335070,
1785318335755,watch1,97,70,27,27,playing,watch2,attack_challenge,,watch2,False,40,c,1785318334074,
1785318335755,watch2,97,68,29,29,playing,watch2,attack_challenge,,watch2,True,40,c,1785318334674,
1785318335755,watch3,98,69,29,29,playing,watch2,attack_challenge,,watch2,False,40,c,1785318335070,
1785318335755,watch4,97,68,29,29,playing,watch2,attack_challenge,,watch2,False,40,c,1785318335070,
1785318336786,watch1,98,70,28,28,playing,watch2,attack_challenge,,watch2,False,40,c,1785318336085,
1785318336786,watch2,97,68,29,29,playing,watch2,attack_challenge,,watch2,True,40,c,1785318336325,
1785318336786,watch3,98,69,29,29,playing,watch2,attack_challenge,,watch2,False,40,c,1785318336325,
1785318336786,watch4,97,68,29,29,playing,watch2,attack_challenge,,watch2,False,40,c,1785318336325,
1785318337023,watch1,98,70,28,28,playing,watch2,attack_challenge,,watch2,False,40,c,1785318336085,
1785318337023,watch2,97,68,29,29,playing,watch2,attack_challenge,,watch2,True,40,c,1785318336325,
1785318337023,watch3,97,69,28,28,playing,watch2,attack_challenge,,watch2,False,40,c,1785318336786,
1785318337023,watch4,97,68,29,29,playing,watch2,attack_challenge,,watch2,False,40,c,1785318336325,
1785318338132,watch1,98,70,28,28,playing,watch2,attack_challenge,,watch2,False,40,c,1785318337692,
1785318338132,watch2,97,68,29,29,playing,watch2,attack_challenge,,watch2,True,40,c,1785318337692,
1785318338132,watch3,97,69,28,28,playing,watch2,attack_challenge,,watch2,False,40,c,1785318336786,
1785318338132,watch4,97,68,29,29,playing,watch2,attack_challenge,,watch2,False,40,c,1785318337692,
1785318338258,watch1,98,70,28,28,playing,watch2,attack_challenge,,watch2,False,40,c,1785318337692,
1785318338258,watch2,97,68,29,29,playing,watch2,attack_challenge,,watch2,True,40,c,1785318337692,
1785318338258,watch3,97,69,28,28,playing,watch2,attack_challenge,,watch2,False,40,c,1785318336786,
1785318338258,watch4,97,68,29,29,playing,watch2,attack_challenge,,watch2,False,40,c,1785318337692,
1785318339887,watch1,98,70,28,28,playing,watch2,attack_challenge,,watch2,False,40,c,1785318339029,
1785318339887,watch2,97,68,29,29,playing,watch2,attack_challenge,,watch2,True,40,c,1785318339029,
1785318339887,watch3,97,69,28,28,playing,watch2,attack_challenge,,watch2,False,40,c,1785318339029,
1785318339887,watch4,96,68,28,28,playing,watch2,attack_challenge,,watch2,False,40,c,1785318339736,
1785318341550,watch1,95,70,25,25,playing,watch2,attack_challenge,,watch2,False,40,c,1785318341307,
1785318341550,watch2,93,68,25,25,playing,watch2,attack_challenge,,watch2,True,40,c,1785318340688,
1785318341550,watch3,95,69,26,26,playing,watch2,attack_challenge,,watch2,False,40,c,1785318340072,
1785318341550,watch4,96,68,28,28,playing,watch2,attack_challenge,,watch2,False,40,c,1785318340739,
1785318342750,watch1,95,70,25,25,playing,watch2,attack_challenge,,watch2,False,40,c,1785318341307,
1785318342750,watch2,93,68,25,25,playing,watch2,attack_challenge,,watch2,True,40,c,1785318340688,
1785318342750,watch3,91,69,22,22,playing,watch2,attack_challenge,,watch2,False,40,c,1785318341850,
1785318342750,watch4,95,68,27,27,playing,watch2,attack_challenge,,watch2,False,40,c,1785318341614,
1785318342940,watch1,95,70,25,25,playing,watch2,attack_challenge,,watch2,False,40,c,1785318341307,
1785318342940,watch2,93,68,25,25,playing,watch2,attack_challenge,,watch2,True,40,c,1785318340688,
1785318342940,watch3,91,69,22,22,playing,watch2,attack_challenge,,watch2,False,40,c,1785318341850,
1785318342940,watch4,95,68,27,27,playing,watch2,attack_challenge,,watch2,False,40,c,1785318341614,
1785318344003,watch1,93,70,23,23,playing,watch2,attack_challenge,,watch2,False,40,c,1785318343141,
1785318344003,watch2,91,68,23,23,playing,watch2,attack_challenge,,watch2,True,40,c,1785318343287,
1785318344003,watch3,91,69,22,22,playing,watch2,attack_challenge,,watch2,False,40,c,1785318343287,
1785318344003,watch4,93,68,25,25,playing,watch2,attack_challenge,,watch2,False,40,c,1785318343717,
1785318344186,watch1,93,70,23,23,playing,watch2,attack_challenge,,watch2,False,40,c,1785318343141,
1785318344186,watch2,91,68,23,23,playing,watch2,attack_challenge,,watch2,True,40,c,1785318343287,
1785318344186,watch3,91,69,22,22,playing,watch2,attack_challenge,,watch2,False,40,c,1785318343287,
1785318344186,watch4,93,68,25,25,playing,watch2,attack_challenge,,watch2,False,40,c,1785318343717,
1785318345420,watch1,93,70,23,23,playing,watch2,attack_challenge,,watch2,False,40,c,1785318344722,
1785318345420,watch2,90,68,22,22,playing,watch2,attack_challenge,,watch2,True,40,c,1785318344710,
1785318345420,watch3,91,69,22,22,playing,watch2,attack_challenge,,watch2,False,40,c,1785318344722,
1785318345420,watch4,93,68,25,25,playing,watch2,attack_challenge,,watch2,False,40,c,1785318343717,
1785318345882,watch1,91,70,21,21,playing,watch2,attack_challenge,,watch2,False,40,c,1785318345261,
1785318345882,watch2,90,68,22,22,playing,watch2,attack_challenge,,watch2,True,40,c,1785318344710,
1785318345882,watch3,91,69,22,22,playing,watch2,attack_challenge,,watch2,False,40,c,1785318344722,
1785318345882,watch4,93,68,25,25,playing,watch2,attack_challenge,,watch2,False,40,c,1785318344722,
1785318346636,watch1,91,70,21,21,playing,watch2,attack_challenge,,watch2,False,40,c,1785318345261,
1785318346636,watch2,89,68,21,21,playing,watch2,attack_challenge,,watch2,True,40,c,1785318345829,
1785318346636,watch3,91,69,22,22,playing,watch2,attack_challenge,,watch2,False,40,c,1785318344722,
1785318346636,watch4,93,68,25,25,playing,watch2,attack_challenge,,watch2,False,40,c,1785318344722,
1785318347596,watch1,90,70,20,20,playing,watch2,attack_challenge,,watch2,False,40,c,1785318347258,
1785318347596,watch2,88,68,20,20,playing,watch2,attack_challenge,,watch2,True,40,c,1785318346704,
1785318347596,watch3,90,69,21,21,playing,watch2,attack_challenge,,watch2,False,40,c,1785318346754,
1785318347596,watch4,93,68,25,25,playing,watch2,attack_challenge,,watch2,False,40,c,1785318344722,
1785318347879,watch1,90,70,20,20,playing,watch2,attack_challenge,,watch2,False,40,c,1785318347258,
1785318347879,watch2,88,68,20,20,playing,watch2,attack_challenge,,watch2,True,40,c,1785318346704,
1785318347879,watch3,90,69,21,21,playing,watch2,attack_challenge,,watch2,False,40,c,1785318346754,
1785318347879,watch4,90,68,22,22,playing,watch2,attack_challenge,,watch2,False,40,c,1785318347635,
1785318349296,watch1,88,70,18,18,playing,watch2,attack_challenge,,watch2,False,40,c,1785318349167,
1785318349296,watch2,87,68,19,19,playing,watch2,attack_challenge,,watch2,True,40,c,1785318348882,
1785318349296,watch3,89,69,20,20,playing,watch2,attack_challenge,,watch2,False,40,c,1785318348384,
1785318349296,watch4,90,68,22,22,playing,watch2,attack_challenge,,watch2,False,40,c,1785318347635,
1785318350352,watch1,88,70,18,18,playing,watch2,attack_challenge,,watch2,False,40,c,1785318349167,
1785318350352,watch2,85,68,17,17,playing,watch2,attack_challenge,,watch2,True,40,c,1785318349730,
1785318350352,watch3,89,69,20,20,playing,watch2,attack_challenge,,watch2,False,40,c,1785318349881,
1785318350352,watch4,88,68,20,20,playing,watch2,attack_challenge,,watch2,False,40,c,1785318349881,
1785318350634,watch1,88,70,18,18,playing,watch2,attack_challenge,,watch2,False,40,c,1785318349167,
1785318350634,watch2,85,68,17,17,playing,watch2,attack_challenge,,watch2,True,40,c,1785318349730,
1785318350634,watch3,89,69,20,20,playing,watch2,attack_challenge,,watch2,False,40,c,1785318349881,
1785318350634,watch4,88,68,20,20,playing,watch2,attack_challenge,,watch2,False,40,c,1785318349881,
1785318352087,watch1,86,70,16,16,playing,watch2,attack_challenge,,watch2,False,30,c,1785318351315,
1785318352087,watch2,82,68,14,14,playing,watch2,attack_challenge,,watch2,True,30,c,1785318351727,
1785318352087,watch3,85,69,16,16,playing,watch2,attack_challenge,,watch2,False,30,c,1785318351849,
1785318352087,watch4,84,68,16,16,playing,watch2,attack_challenge,,watch2,False,30,c,1785318350660,
1785318352901,watch1,86,70,16,16,playing,watch2,attack_challenge,,watch2,False,30,c,1785318352470,
1785318352901,watch2,82,68,14,14,playing,watch2,attack_challenge,,watch2,True,30,c,1785318351727,
1785318352901,watch3,85,69,16,16,playing,watch2,attack_challenge,,watch2,False,30,c,1785318351849,
1785318352901,watch4,84,68,16,16,playing,watch2,attack_challenge,,watch2,False,30,c,1785318352470,
1785318353466,watch1,82,70,12,12,playing,watch2,attack_challenge,,watch2,False,30,c,1785318353184,
1785318353466,watch2,82,68,14,14,playing,watch2,attack_challenge,,watch2,True,30,c,1785318351727,
1785318353466,watch3,85,69,16,16,playing,watch2,attack_challenge,,watch2,False,30,c,1785318351849,
1785318353466,watch4,84,68,16,16,playing,watch2,attack_challenge,,watch2,False,30,c,1785318352470,
1785318354473,watch1,82,70,12,12,playing,watch2,attack_challenge,,watch2,False,30,c,1785318353184,
1785318354473,watch2,81,68,13,13,playing,watch2,attack_challenge,,watch2,True,30,c,1785318353838,
1785318354473,watch3,84,69,15,15,playing,watch2,attack_challenge,,watch2,False,30,c,1785318353953,
1785318354473,watch4,84,68,16,16,playing,watch2,attack_challenge,,watch2,False,30,c,1785318353725,
1785318356120,watch1,82,70,12,12,playing,watch2,attack_challenge,,watch2,False,30,c,1785318355381,
1785318356120,watch2,79,68,11,11,playing,watch2,attack_challenge,,watch2,True,30,c,1785318355746,
1785318356120,watch3,83,69,14,14,playing,watch2,attack_challenge,,watch2,False,30,c,1785318355871,
1785318356120,watch4,82,68,14,14,playing,watch2,attack_challenge,,watch2,False,30,c,1785318354667,
1785318357158,watch1,82,70,12,12,playing,watch2,attack_challenge,,watch2,False,30,c,1785318356661,
1785318357158,watch2,79,68,11,11,playing,watch2,attack_challenge,,watch2,True,30,c,1785318355746,
1785318357158,watch3,83,69,14,14,playing,watch2,attack_challenge,,watch2,False,30,c,1785318355871,
1785318357158,watch4,82,68,14,14,playing,watch2,attack_challenge,,watch2,False,30,c,1785318356661,
1785318357436,watch1,80,70,10,10,playing,watch2,attack_challenge,,watch2,False,30,c,1785318357232,
1785318357436,watch2,79,68,11,11,playing,watch2,attack_challenge,,watch2,True,30,c,1785318355746,
1785318357436,watch3,83,69,14,14,playing,watch2,attack_challenge,,watch2,False,30,c,1785318355871,
1785318357436,watch4,82,68,14,14,playing,watch2,attack_challenge,,watch2,False,30,c,1785318356661,
1785318358880,watch1,79,70,9,9,playing,watch2,attack_challenge,,watch2,False,30,c,1785318358356,
1785318358880,watch2,79,68,11,11,playing,watch2,attack_challenge,,watch2,True,30,c,1785318358035,
1785318358880,watch3,83,69,14,14,playing,watch2,attack_challenge,,watch2,False,30,c,1785318358035,
1785318358880,watch4,78,68,10,10,playing,watch2,attack_challenge,,watch2,False,30,c,1785318358707,
1785318359954,watch1,79,70,9,9,playing,watch2,attack_challenge,,watch2,False,30,c,1785318359527,
1785318359954,watch2,77,68,9,9,playing,watch2,attack_challenge,,watch2,True,30,c,1785318359803,
1785318359954,watch3,83,69,14,14,playing,watch2,attack_challenge,,watch2,False,30,c,1785318359527,
1785318359954,watch4,78,68,10,10,playing,watch2,attack_challenge,,watch2,False,30,c,1785318358707,
1785318360200,watch1,79,70,9,9,playing,watch2,attack_challenge,,watch2,False,30,c,1785318359527,
1785318360200,watch2,77,68,9,9,playing,watch2,attack_challenge,,watch2,True,30,c,1785318359803,
1785318360200,watch3,80,69,11,11,playing,watch2,attack_challenge,,watch2,False,30,c,1785318359926,
1785318360200,watch4,78,68,10,10,playing,watch2,attack_challenge,,watch2,False,30,c,1785318358707,
1785318361473,watch1,79,70,9,9,playing,watch2,attack_challenge,,watch2,False,30,c,1785318360804,
1785318361473,watch2,77,68,9,9,playing,watch2,attack_challenge,,watch2,True,30,c,1785318359803,
1785318361473,watch3,79,69,10,10,playing,watch2,attack_challenge,,watch2,False,30,c,1785318361035,
1785318361473,watch4,77,68,9,9,playing,watch2,attack_challenge,,watch2,False,30,c,1785318360690,
1785318361556,watch1,79,70,9,9,playing,watch2,attack_challenge,,watch2,False,30,c,1785318360804,
1785318361556,watch2,77,68,9,9,playing,watch2,attack_challenge,,watch2,True,30,c,1785318359803,
1785318361556,watch3,79,69,10,10,playing,watch2,attack_challenge,,watch2,False,30,c,1785318361035,
1785318361556,watch4,77,68,9,9,playing,watch2,attack_challenge,,watch2,False,30,c,1785318360690,
1785318364137,watch1,79,70,9,9,playing,watch2,attack_challenge,,watch2,False,20,c,1785318363645,
1785318364137,watch2,75,68,7,7,playing,watch2,attack_challenge,,watch2,True,20,c,1785318363782,
1785318364137,watch3,74,69,5,5,playing,watch2,attack_challenge,,watch2,False,20,c,1785318363887,
1785318364137,watch4,75,68,7,7,playing,watch2,attack_challenge,,watch2,False,20,c,1785318362721,
1785318364219,watch1,79,70,9,9,playing,watch2,attack_challenge,,watch2,False,20,c,1785318363645,
1785318364219,watch2,75,68,7,7,playing,watch2,attack_challenge,,watch2,True,20,c,1785318363782,
1785318364219,watch3,74,69,5,5,playing,watch2,attack_challenge,,watch2,False,20,c,1785318363887,
1785318364219,watch4,75,68,7,7,playing,watch2,attack_challenge,,watch2,False,20,c,1785318362721,
1785318365294,watch1,79,70,9,9,playing,watch2,attack_challenge,,watch2,False,20,c,1785318364760,
1785318365294,watch2,75,68,7,7,playing,watch2,attack_challenge,,watch2,True,20,c,1785318363782,
1785318365294,watch3,74,69,5,5,playing,watch2,attack_challenge,,watch2,False,20,c,1785318363887,
1785318365294,watch4,75,68,7,7,playing,watch2,attack_challenge,,watch2,False,20,c,1785318364760,
1785318365427,watch1,79,70,9,9,playing,watch2,attack_challenge,,watch2,False,20,c,1785318364760,
1785318365427,watch2,75,68,7,7,playing,watch2,attack_challenge,,watch2,True,20,c,1785318363782,
1785318365427,watch3,74,69,5,5,playing,watch2,attack_challenge,,watch2,False,20,c,1785318363887,
1785318365427,watch4,75,68,7,7,playing,watch2,attack_challenge,,watch2,False,20,c,1785318364760,
1785318366896,watch1,79,70,9,9,playing,watch2,attack_challenge,,watch2,False,20,c,1785318366213,
1785318366896,watch2,73,68,5,5,playing,watch2,attack_challenge,,watch2,True,20,c,1785318365786,
1785318366896,watch3,74,69,5,5,playing,watch2,attack_challenge,,watch2,False,20,c,1785318366213,
1785318366896,watch4,72,68,4,4,playing,watch2,attack_challenge,,watch2,False,20,c,1785318366748,
1785318368273,watch1,79,70,9,9,playing,watch2,attack_challenge,,watch2,False,20,c,1785318367604,
1785318368273,watch2,73,68,5,5,playing,watch2,attack_challenge,,watch2,True,20,c,1785318367604,
1785318368273,watch3,75,69,6,6,playing,watch2,attack_challenge,,watch2,False,20,c,1785318367979,
1785318368273,watch4,72,68,4,4,playing,watch2,attack_challenge,,watch2,False,20,c,1785318366748,
1785318368408,watch1,79,70,9,9,playing,watch2,attack_challenge,,watch2,False,20,c,1785318367604,
1785318368408,watch2,73,68,5,5,playing,watch2,attack_challenge,,watch2,True,20,c,1785318367604,
1785318368408,watch3,75,69,6,6,playing,watch2,attack_challenge,,watch2,False,20,c,1785318367979,
1785318368408,watch4,72,68,4,4,playing,watch2,attack_challenge,,watch2,False,20,c,1785318366748,
1785318369527,watch1,79,70,9,9,playing,watch2,attack_challenge,,watch2,False,20,c,1785318368981,
1785318369527,watch2,73,68,5,5,playing,watch2,attack_challenge,,watch2,True,20,c,1785318368981,
1785318369527,watch3,74,69,5,5,playing,watch2,attack_challenge,,watch2,False,20,c,1785318368933,
1785318369527,watch4,71,68,3,3,playing,watch2,attack_challenge,,watch2,False,20,c,1785318368729,
1785318369760,watch1,79,70,9,9,playing,watch2,attack_challenge,,watch2,False,20,c,1785318368981,
1785318369760,watch2,73,68,5,5,playing,watch2,attack_challenge,,watch2,True,20,c,1785318368981,
1785318369760,watch3,74,69,5,5,playing,watch2,attack_challenge,,watch2,False,20,c,1785318368933,
1785318369760,watch4,71,68,3,3,playing,watch2,attack_challenge,,watch2,False,20,c,1785318368729,
1785318371221,watch1,79,70,9,9,playing,watch2,attack_challenge,,watch2,False,20,c,1785318370345,
1785318371221,watch2,71,68,3,3,playing,watch2,attack_challenge,,watch2,True,20,c,1785318370933,
1785318371221,watch3,75,69,6,6,playing,watch2,attack_challenge,,watch2,False,20,c,1785318369939,
1785318371221,watch4,70,68,2,2,playing,watch2,attack_challenge,,watch2,False,20,c,1785318370762,
1785318372199,watch1,79,70,9,9,playing,watch2,attack_challenge,,watch2,False,20,c,1785318371596,
1785318372199,watch2,71,68,3,3,playing,watch2,attack_challenge,,watch2,True,20,c,1785318370933,
1785318372199,watch3,74,69,5,5,playing,watch2,attack_challenge,,watch2,False,20,c,1785318371963,
1785318372199,watch4,70,68,2,2,playing,watch2,attack_challenge,,watch2,False,20,c,1785318370762,
1785318372457,watch1,79,70,9,9,playing,watch2,attack_challenge,,watch2,False,20,c,1785318371596,
1785318372457,watch2,71,68,3,3,playing,watch2,attack_challenge,,watch2,True,20,c,1785318370933,
1785318372457,watch3,74,69,5,5,playing,watch2,attack_challenge,,watch2,False,20,c,1785318371963,
1785318372457,watch4,70,68,2,2,playing,watch2,attack_challenge,,watch2,False,20,c,1785318370762,
1785318373676,watch1,79,70,9,9,playing,watch2,attack_challenge,,watch2,False,20,c,1785318372963,
1785318373676,watch2,71,68,3,3,playing,watch2,attack_challenge,,watch2,True,20,c,1785318372963,
1785318373676,watch3,72,69,3,3,playing,watch2,attack_challenge,,watch2,False,20,c,1785318372920,
1785318373676,watch4,70,68,2,2,playing,watch2,attack_challenge,,watch2,False,20,c,1785318372963,
1785318375016,watch1,79,70,9,9,playing,watch2,attack_challenge,,watch2,False,10,c,1785318374492,
1785318375016,watch2,70,68,2,2,playing,watch2,attack_challenge,,watch2,True,10,c,1785318373904,
1785318375016,watch3,71,69,2,2,playing,watch2,attack_challenge,,watch2,False,10,c,1785318374122,
1785318375016,watch4,69,68,1,1,playing,watch2,attack_challenge,,watch2,False,10,c,1785318373764,
1785318375267,watch1,79,70,9,9,playing,watch2,attack_challenge,,watch2,False,10,c,1785318374492,
1785318375267,watch2,70,68,2,2,playing,watch2,attack_challenge,,watch2,True,10,c,1785318373904,
1785318375267,watch3,71,69,2,2,playing,watch2,attack_challenge,,watch2,False,10,c,1785318374122,
1785318375267,watch4,69,68,1,1,playing,watch2,attack_challenge,,watch2,False,10,c,1785318373764,
1785318376296,watch1,79,70,9,9,playing,watch2,attack_challenge,,watch2,False,10,c,1785318375630,
1785318376296,watch2,70,68,2,2,playing,watch2,attack_challenge,,watch2,True,10,c,1785318375630,
1785318376296,watch3,71,69,2,2,playing,watch2,attack_challenge,,watch2,False,10,c,1785318375630,
1785318376296,watch4,69,68,1,1,playing,watch2,attack_challenge,,watch2,False,10,c,1785318375630,
1785318376500,watch1,79,70,9,9,playing,watch2,attack_challenge,,watch2,False,10,c,1785318375630,
1785318376500,watch2,70,68,2,2,playing,watch2,attack_challenge,,watch2,True,10,c,1785318375630,
1785318376500,watch3,71,69,2,2,playing,watch2,attack_challenge,,watch2,False,10,c,1785318375630,
1785318376500,watch4,69,68,1,1,playing,watch2,attack_challenge,,watch2,False,10,c,1785318375630,
1785318377652,watch1,79,70,9,9,playing,watch2,attack_challenge,,watch2,False,10,c,1785318377173,
1785318377652,watch2,69,68,1,1,playing,watch2,attack_challenge,,watch2,True,10,c,1785318376826,
1785318377652,watch3,70,69,1,1,playing,watch2,attack_challenge,,watch2,False,10,c,1785318376979,
1785318377652,watch4,69,68,1,1,playing,watch2,attack_challenge,,watch2,False,10,c,1785318377173,
1785318377858,watch1,79,70,9,9,playing,watch2,attack_challenge,,watch2,False,10,c,1785318377173,
1785318377858,watch2,69,68,1,1,playing,watch2,attack_challenge,,watch2,True,10,c,1785318376826,
1785318377858,watch3,70,69,1,1,playing,watch2,attack_challenge,,watch2,False,10,c,1785318376979,
1785318377858,watch4,69,68,1,1,playing,watch2,attack_challenge,,watch2,False,10,c,1785318377173,
1785318379054,watch1,79,70,9,9,playing,watch2,attack_challenge,,watch2,False,10,c,1785318378491,
1785318379054,watch2,69,68,1,1,playing,watch2,attack_challenge,,watch2,True,10,c,1785318378491,
1785318379054,watch3,71,69,2,2,playing,watch2,attack_challenge,,watch2,False,10,c,1785318377941,
1785318379054,watch4,69,68,1,1,playing,watch2,attack_challenge,,watch2,False,10,c,1785318378491,
1785318379175,watch1,79,70,9,9,playing,watch2,attack_challenge,,watch2,False,10,c,1785318378491,
1785318379175,watch2,69,68,1,1,playing,watch2,attack_challenge,,watch2,True,10,c,1785318378491,
1785318379175,watch3,71,69,2,2,playing,watch2,attack_challenge,,watch2,False,10,c,1785318377941,
1785318379175,watch4,69,68,1,1,playing,watch2,attack_challenge,,watch2,False,10,c,1785318378491,
1785318380702,watch1,79,70,9,9,playing,watch2,attack_challenge,,watch2,False,10,c,1785318379907,
1785318380702,watch2,68,68,0,0,playing,watch2,attack_challenge,,watch2,True,10,c,1785318379950,
1785318380702,watch3,71,69,2,2,playing,watch2,attack_challenge,,watch2,False,10,c,1785318379907,
1785318380702,watch4,68,68,0,0,playing,watch2,attack_challenge,,watch2,False,10,c,1785318379797,
1785318380849,watch1,79,70,9,9,playing,watch2,attack_challenge,,watch2,False,10,c,1785318379907,
1785318380849,watch2,68,68,0,0,playing,watch2,attack_challenge,,watch2,True,10,c,1785318379950,
1785318380849,watch3,71,69,2,2,playing,watch2,attack_challenge,,watch2,False,10,c,1785318379907,
1785318380849,watch4,68,68,0,0,playing,watch2,attack_challenge,,watch2,False,10,c,1785318379797,
1785318382376,watch1,68,70,-2,2,playing,watch2,attack_challenge,,watch2,False,10,c,1785318380872,
1785318382376,watch2,68,68,0,0,playing,watch2,attack_challenge,,watch2,True,10,c,1785318381588,
1785318382376,watch3,73,69,4,4,playing,watch2,attack_challenge,,watch2,False,10,c,1785318382163,
1785318382376,watch4,67,68,-1,1,playing,watch2,attack_challenge,,watch2,False,10,c,1785318381874,
1785318382604,watch1,68,70,-2,2,playing,watch2,attack_challenge,,watch2,False,10,c,1785318380872,
1785318382604,watch2,68,68,0,0,playing,watch2,attack_challenge,,watch2,True,10,c,1785318381588,
1785318382604,watch3,73,69,4,4,playing,watch2,attack_challenge,,watch2,False,10,c,1785318382163,
1785318382604,watch4,67,68,-1,1,playing,watch2,attack_challenge,,watch2,False,10,c,1785318381874,
1785318383756,watch1,67,70,-3,3,playing,watch2,attack_challenge,,watch2,False,10,c,1785318382964,
1785318383756,watch2,68,68,0,0,playing,watch2,attack_challenge,,watch2,True,10,c,1785318383056,
1785318383756,watch3,73,69,4,4,playing,watch2,attack_challenge,,watch2,False,10,c,1785318382163,
1785318383756,watch4,67,68,-1,1,playing,watch2,attack_challenge,,watch2,False,10,c,1785318383056,
1785318383932,watch1,67,70,-3,3,playing,watch2,attack_challenge,,watch2,False,10,c,1785318382964,
1785318383932,watch2,68,68,0,0,playing,watch2,attack_challenge,,watch2,True,10,c,1785318383056,
1785318383932,watch3,73,69,4,4,playing,watch2,attack_challenge,,watch2,False,10,c,1785318382163,
1785318383932,watch4,67,68,-1,1,playing,watch2,attack_challenge,,watch2,False,10,c,1785318383056,
1785318385137,watch1,67,70,-3,3,playing,watch2,attack_challenge,,watch2,False,10,a,1785318384627,
1785318385137,watch2,67,68,-1,1,playing,watch2,attack_challenge,,watch2,True,10,a,1785318384627,
1785318385137,watch3,70,69,1,1,playing,watch2,attack_challenge,,watch2,False,10,a,1785318383954,
1785318385137,watch4,67,68,-1,1,playing,watch2,attack_challenge,,watch2,False,10,a,1785318384627,
1785318385287,watch1,67,70,-3,3,playing,watch2,attack_challenge,,watch2,False,10,a,1785318384627,
1785318385287,watch2,67,68,-1,1,playing,watch2,attack_challenge,,watch2,True,10,a,1785318384627,
1785318385287,watch3,70,69,1,1,playing,watch2,attack_challenge,,watch2,False,10,a,1785318383954,
1785318385287,watch4,67,68,-1,1,playing,watch2,attack_challenge,,watch2,False,10,a,1785318384627,
1785318386673,watch1,67,70,-3,3,playing,watch2,attack_challenge,,watch2,False,10,a,1785318386034,
1785318386673,watch2,67,68,-1,1,playing,watch2,attack_challenge,,watch2,True,10,a,1785318386034,
1785318386673,watch3,71,69,2,2,playing,watch2,attack_challenge,,watch2,False,10,a,1785318385954,
1785318386673,watch4,67,68,-1,1,playing,watch2,attack_challenge,,watch2,False,10,a,1785318386034,
1785318386854,watch1,67,70,-3,3,playing,watch2,attack_challenge,,watch2,False,10,a,1785318386034,
1785318386854,watch2,67,68,-1,1,playing,watch2,attack_challenge,,watch2,True,10,a,1785318386034,
1785318386854,watch3,71,69,2,2,playing,watch2,attack_challenge,,watch2,False,10,a,1785318385954,
1785318386854,watch4,67,68,-1,1,playing,watch2,attack_challenge,,watch2,False,10,a,1785318386034,
1785318388248,watch1,67,70,-3,3,playing,watch2,attack_challenge,,watch2,False,10,a,1785318387585,
1785318388248,watch2,67,68,-1,1,playing,watch2,attack_challenge,,watch2,True,10,a,1785318387585,
1785318388248,watch3,69,69,0,0,playing,watch2,attack_challenge,,watch2,False,10,a,1785318388043,
1785318388248,watch4,67,68,-1,1,playing,watch2,attack_challenge,,watch2,False,10,a,1785318387585,
1785318388429,watch1,67,70,-3,3,playing,watch2,attack_challenge,,watch2,False,10,a,1785318387585,
1785318388429,watch2,67,68,-1,1,playing,watch2,attack_challenge,,watch2,True,10,a,1785318387585,
1785318388429,watch3,69,69,0,0,playing,watch2,attack_challenge,,watch2,False,10,a,1785318388043,
1785318388429,watch4,67,68,-1,1,playing,watch2,attack_challenge,,watch2,False,10,a,1785318387585,
1785318390030,watch1,67,70,-3,3,playing,watch2,attack_challenge,,watch2,False,10,a,1785318389029,
1785318390030,watch2,67,68,-1,1,playing,watch2,attack_challenge,,watch2,True,10,a,1785318389029,
1785318390030,watch3,69,69,0,0,playing,watch2,attack_challenge,,watch2,False,10,a,1785318388043,
1785318390030,watch4,67,68,-1,1,playing,watch2,attack_challenge,,watch2,False,10,a,1785318389029,
1785318391692,watch1,67,70,-3,3,playing,watch2,attack_challenge,,watch2,False,10,a,1785318390840,
1785318391692,watch2,67,68,-1,1,playing,watch2,attack_challenge,,watch2,True,10,a,1785318390840,
1785318391692,watch3,69,69,0,0,playing,watch2,attack_challenge,,watch2,False,10,a,1785318390840,
1785318391692,watch4,67,68,-1,1,playing,watch2,attack_challenge,,watch2,False,10,a,1785318390840,
1785318391867,watch1,67,70,-3,3,playing,watch2,attack_challenge,,watch2,False,10,a,1785318390840,
1785318391867,watch2,67,68,-1,1,playing,watch2,attack_challenge,,watch2,True,10,a,1785318390840,
1785318391867,watch3,69,69,0,0,playing,watch2,attack_challenge,,watch2,False,10,a,1785318390840,
1785318391867,watch4,67,68,-1,1,playing,watch2,attack_challenge,,watch2,False,10,a,1785318390840,
1785318393218,watch1,67,70,-3,3,playing,watch2,attack_challenge,,watch2,False,10,a,1785318392591,
1785318393218,watch2,67,68,-1,1,playing,watch2,attack_challenge,,watch2,True,10,a,1785318392591,
1785318393218,watch3,68,69,-1,1,playing,watch2,attack_challenge,,watch2,False,10,a,1785318392591,
1785318393218,watch4,67,68,-1,1,playing,watch2,attack_challenge,,watch2,False,10,a,1785318392591,
1785318393611,watch1,67,70,-3,3,playing,watch2,attack_challenge,,watch2,False,10,a,1785318392591,
1785318393611,watch2,67,68,-1,1,playing,watch2,attack_challenge,,watch2,True,10,a,1785318392591,
1785318393611,watch3,69,69,0,0,playing,watch2,attack_challenge,,watch2,False,10,a,1785318393038,
1785318393611,watch4,67,68,-1,1,playing,watch2,attack_challenge,,watch2,False,10,a,1785318390840,
1785318394850,watch1,66,70,-4,4,playing,watch2,attack_challenge,,watch2,False,10,a,1785318394218,
1785318394850,watch2,67,68,-1,1,playing,watch2,attack_challenge,,watch2,True,10,a,1785318394218,
1785318394850,watch3,69,69,0,0,playing,watch2,attack_challenge,,watch2,False,10,a,1785318394218,
1785318394850,watch4,67,68,-1,1,playing,watch2,attack_challenge,,watch2,False,10,a,1785318394218,
1785318395071,watch1,66,70,-4,4,playing,watch2,attack_challenge,,watch2,False,10,a,1785318394218,
1785318395071,watch2,67,68,-1,1,playing,watch2,attack_challenge,,watch2,True,10,a,1785318394218,
1785318395071,watch3,69,69,0,0,playing,watch2,attack_challenge,,watch2,False,10,a,1785318394218,
1785318395071,watch4,67,68,-1,1,playing,watch2,attack_challenge,,watch2,False,10,a,1785318394218,
1785318396476,watch1,66,70,-4,4,playing,watch2,attack_challenge,,watch2,False,10,a,1785318395824,
1785318396476,watch2,67,68,-1,1,playing,watch2,attack_challenge,,watch2,True,10,a,1785318395824,
1785318396476,watch3,69,69,0,0,playing,watch2,attack_challenge,,watch2,False,10,a,1785318395824,
1785318396476,watch4,67,68,-1,1,playing,watch2,attack_challenge,,watch2,False,10,a,1785318395824,
1785318396701,watch1,66,70,-4,4,playing,watch2,attack_challenge,,watch2,False,10,a,1785318395824,
1785318396701,watch2,67,68,-1,1,playing,watch2,attack_challenge,,watch2,True,10,a,1785318395824,
1785318396701,watch3,69,69,0,0,playing,watch2,attack_challenge,,watch2,False,10,a,1785318395824,
1785318396701,watch4,67,68,-1,1,playing,watch2,attack_challenge,,watch2,False,10,a,1785318395824,
1785318398048,watch1,66,70,-4,4,playing,watch2,attack_challenge,,watch2,False,10,a,1785318397387,
1785318398048,watch2,67,68,-1,1,playing,watch2,attack_challenge,,watch2,True,10,a,1785318397387,
1785318398048,watch3,68,69,-1,1,playing,watch2,attack_challenge,,watch2,False,10,a,1785318396988,
1785318398048,watch4,67,68,-1,1,playing,watch2,attack_challenge,,watch2,False,10,a,1785318397387,
1785318398212,watch1,66,70,-4,4,playing,watch2,attack_challenge,,watch2,False,10,a,1785318397387,
1785318398212,watch2,67,68,-1,1,playing,watch2,attack_challenge,,watch2,True,10,a,1785318397387,
1785318398212,watch3,68,69,-1,1,playing,watch2,attack_challenge,,watch2,False,10,a,1785318396988,
1785318398212,watch4,67,68,-1,1,playing,watch2,attack_challenge,,watch2,False,10,a,1785318397387,
1785318399643,watch1,67,70,-3,3,playing,watch2,attack_challenge,,watch2,False,10,a,1785318398945,
1785318399643,watch2,67,68,-1,1,playing,watch2,attack_challenge,,watch2,True,10,a,1785318398960,
1785318399643,watch3,68,69,-1,1,playing,watch2,attack_challenge,,watch2,False,10,a,1785318398960,
1785318399643,watch4,67,68,-1,1,playing,watch2,attack_challenge,,watch2,False,10,a,1785318398960,
1785318399855,watch1,67,70,-3,3,playing,watch2,attack_challenge,,watch2,False,10,a,1785318398945,
1785318399855,watch2,67,68,-1,1,playing,watch2,attack_challenge,,watch2,True,10,a,1785318398960,
1785318399855,watch3,68,69,-1,1,playing,watch2,attack_challenge,,watch2,False,10,a,1785318398960,
1785318399855,watch4,67,68,-1,1,playing,watch2,attack_challenge,,watch2,False,10,a,1785318398960,
1785318401202,watch1,67,70,-3,3,playing,watch2,attack_challenge,,watch2,False,10,a,1785318400532,
1785318401202,watch2,67,68,-1,1,playing,watch2,attack_challenge,,watch2,True,10,a,1785318400891,
1785318401202,watch3,69,69,0,0,playing,watch2,attack_challenge,,watch2,False,10,a,1785318400041,
1785318401202,watch4,67,68,-1,1,playing,watch2,attack_challenge,,watch2,False,10,a,1785318400532,
1785318402267,watch1,67,70,-3,3,playing,watch2,attack_challenge,,watch2,False,10,a,1785318401783,
1785318402267,watch2,67,68,-1,1,playing,watch2,attack_challenge,,watch2,True,10,a,1785318400891,
1785318402267,watch3,69,69,0,0,playing,watch2,attack_challenge,,watch2,False,10,a,1785318401783,
1785318402267,watch4,67,68,-1,1,playing,watch2,attack_challenge,,watch2,False,10,a,1785318401783,
1785318402458,watch1,67,70,-3,3,playing,watch2,attack_challenge,,watch2,False,10,a,1785318401783,
1785318402458,watch2,67,68,-1,1,playing,watch2,attack_challenge,,watch2,True,10,a,1785318400891,
1785318402458,watch3,69,69,0,0,playing,watch2,attack_challenge,,watch2,False,10,a,1785318401783,
1785318402458,watch4,67,68,-1,1,playing,watch2,attack_challenge,,watch2,False,10,a,1785318401783,
1785318403892,watch1,67,70,-3,3,playing,watch2,attack_challenge,,watch2,False,10,a,1785318403170,
1785318403892,watch2,67,68,-1,1,playing,watch2,attack_challenge,,watch2,True,10,a,1785318403170,
1785318403892,watch3,69,69,0,0,playing,watch2,attack_challenge,,watch2,False,10,a,1785318403170,
1785318403892,watch4,67,68,-1,1,playing,watch2,attack_challenge,,watch2,False,10,a,1785318403170,
1785318404014,watch1,67,70,-3,3,playing,watch2,attack_challenge,,watch2,False,10,a,1785318403170,
1785318404014,watch2,67,68,-1,1,playing,watch2,attack_challenge,,watch2,True,10,a,1785318403170,
1785318404014,watch3,69,69,0,0,playing,watch2,attack_challenge,,watch2,False,10,a,1785318403170,
1785318404014,watch4,67,68,-1,1,playing,watch2,attack_challenge,,watch2,False,10,a,1785318403170,
1785318405491,watch1,67,70,-3,3,playing,watch2,attack_challenge,,watch2,False,10,a,1785318403170,
1785318405491,watch2,66,68,-2,2,playing,watch2,attack_challenge,,watch2,True,10,a,1785318405027,
1785318405491,watch3,68,69,-1,1,playing,watch2,attack_challenge,,watch2,False,10,a,1785318405193,
1785318405491,watch4,67,68,-1,1,playing,watch2,attack_challenge,,watch2,False,10,a,1785318403170,
1785318405890,watch1,67,70,-3,3,playing,watch2,attack_challenge,,watch2,False,10,a,1785318403170,
1785318405890,watch2,66,68,-2,2,playing,watch2,attack_challenge,,watch2,True,10,a,1785318405027,
1785318405890,watch3,69,69,0,0,playing,watch2,attack_challenge,,watch2,False,10,a,1785318404796,
1785318405890,watch4,67,68,-1,1,playing,watch2,attack_challenge,,watch2,False,10,a,1785318404796,
1785318407202,watch1,66,70,-4,4,playing,watch2,attack_challenge,,watch2,False,10,a,1785318405974,
1785318407202,watch2,67,68,-1,1,playing,watch2,attack_challenge,,watch2,True,10,a,1785318406999,
1785318407202,watch3,69,69,0,0,playing,watch2,attack_challenge,,watch2,False,10,a,1785318406125,
1785318407202,watch4,67,68,-1,1,playing,watch2,attack_challenge,,watch2,False,10,a,1785318406714,
1785318407348,watch1,66,70,-4,4,playing,watch2,attack_challenge,,watch2,False,10,a,1785318405974,
1785318407348,watch2,67,68,-1,1,playing,watch2,attack_challenge,,watch2,True,10,a,1785318406999,
1785318407348,watch3,69,69,0,0,playing,watch2,attack_challenge,,watch2,False,10,a,1785318406125,
1785318407348,watch4,67,68,-1,1,playing,watch2,attack_challenge,,watch2,False,10,a,1785318406714,
1785318408673,watch1,66,70,-4,4,playing,watch2,attack_challenge,,watch2,False,10,a,1785318407997,
1785318408673,watch2,66,68,-2,2,playing,watch2,attack_challenge,,watch2,True,10,a,1785318407923,
1785318408673,watch3,69,69,0,0,playing,watch2,attack_challenge,,watch2,False,10,a,1785318407997,
1785318408673,watch4,67,68,-1,1,playing,watch2,attack_challenge,,watch2,False,10,a,1785318407997,
1785318408859,watch1,66,70,-4,4,playing,watch2,attack_challenge,,watch2,False,10,a,1785318407997,
1785318408859,watch2,66,68,-2,2,playing,watch2,attack_challenge,,watch2,True,10,a,1785318407923,
1785318408859,watch3,69,69,0,0,playing,watch2,attack_challenge,,watch2,False,10,a,1785318407997,
1785318408859,watch4,67,68,-1,1,playing,watch2,attack_challenge,,watch2,False,10,a,1785318407997,
1785318410345,watch1,66,70,-4,4,playing,watch2,attack_challenge,,watch2,False,10,a,1785318409483,
1785318410345,watch2,67,68,-1,1,playing,watch2,attack_challenge,,watch2,True,10,a,1785318409958,
1785318410345,watch3,69,69,0,0,playing,watch2,attack_challenge,,watch2,False,10,a,1785318410106,
1785318410345,watch4,67,68,-1,1,playing,watch2,attack_challenge,,watch2,False,10,a,1785318409483,
1785318411862,watch1,66,70,-4,4,playing,watch2,attack_challenge,,watch2,False,10,a,1785318410892,
1785318411862,watch2,67,68,-1,1,playing,watch2,attack_challenge,,watch2,True,10,a,1785318409958,
1785318411862,watch3,70,69,1,1,playing,watch2,attack_challenge,,watch2,False,10,a,1785318411403,
1785318411862,watch4,67,68,-1,1,playing,watch2,attack_challenge,,watch2,False,10,a,1785318410892,
1785318413081,watch1,67,70,-3,3,playing,watch2,attack_challenge,,watch2,False,10,c,1785318412087,
1785318413081,watch2,69,68,1,1,playing,watch2,attack_challenge,,watch2,True,10,c,1785318411945,
1785318413081,watch3,70,69,1,1,playing,watch2,attack_challenge,,watch2,False,10,c,1785318412403,
1785318413081,watch4,68,68,0,0,playing,watch2,attack_challenge,,watch2,False,10,c,1785318412403,
1785318413314,watch1,67,70,-3,3,playing,watch2,attack_challenge,,watch2,False,10,c,1785318412087,
1785318413314,watch2,69,68,1,1,playing,watch2,attack_challenge,,watch2,True,10,c,1785318411945,
1785318413314,watch3,70,69,1,1,playing,watch2,attack_challenge,,watch2,False,10,c,1785318412403,
1785318413314,watch4,68,68,0,0,playing,watch2,attack_challenge,,watch2,False,10,c,1785318412403,
1785318414829,watch1,67,70,-3,3,playing,watch2,attack_challenge,,watch2,False,10,c,1785318413644,
1785318414829,watch2,70,68,2,2,playing,watch2,attack_challenge,,watch2,True,10,c,1785318414047,
1785318414829,watch3,71,69,2,2,playing,watch2,attack_challenge,,watch2,False,10,c,1785318414183,
1785318414829,watch4,68,68,0,0,playing,watch2,attack_challenge,,watch2,False,10,c,1785318412403,
1785318416269,watch1,70,70,0,0,playing,watch2,attack_challenge,,watch2,False,20,c,1785318416053,
1785318416269,watch2,71,68,3,3,playing,watch2,attack_challenge,,watch2,True,20,c,1785318415099,
1785318416269,watch3,71,69,2,2,playing,watch2,attack_challenge,,watch2,False,20,c,1785318415323,
1785318416269,watch4,70,68,2,2,playing,watch2,attack_challenge,,watch2,False,20,c,1785318415902,
1785318416500,watch1,70,70,0,0,playing,watch2,attack_challenge,,watch2,False,20,c,1785318416053,
1785318416500,watch2,71,68,3,3,playing,watch2,attack_challenge,,watch2,True,20,c,1785318415099,
1785318416500,watch3,71,69,2,2,playing,watch2,attack_challenge,,watch2,False,20,c,1785318415323,
1785318416500,watch4,70,68,2,2,playing,watch2,attack_challenge,,watch2,False,20,c,1785318415902,
1785318417552,watch1,70,70,0,0,playing,watch2,attack_challenge,,watch2,False,20,c,1785318416053,
1785318417552,watch2,71,68,3,3,playing,watch2,attack_challenge,,watch2,True,20,c,1785318416552,
1785318417552,watch3,71,69,2,2,playing,watch2,attack_challenge,,watch2,False,20,c,1785318416552,
1785318417552,watch4,70,68,2,2,playing,watch2,attack_challenge,,watch2,False,20,c,1785318415902,
1785318417830,watch1,70,70,0,0,playing,watch2,attack_challenge,,watch2,False,20,c,1785318416053,
1785318417830,watch2,71,68,3,3,playing,watch2,attack_challenge,,watch2,True,20,c,1785318416552,
1785318417830,watch3,71,69,2,2,playing,watch2,attack_challenge,,watch2,False,20,c,1785318416552,
1785318417830,watch4,70,68,2,2,playing,watch2,attack_challenge,,watch2,False,20,c,1785318415902,
1785318418861,watch1,70,70,0,0,playing,watch2,attack_challenge,,watch2,False,20,c,1785318416053,
1785318418861,watch2,71,68,3,3,playing,watch2,attack_challenge,,watch2,True,20,c,1785318417838,
1785318418861,watch3,72,69,3,3,playing,watch2,attack_challenge,,watch2,False,20,c,1785318418277,
1785318418861,watch4,70,68,2,2,playing,watch2,attack_challenge,,watch2,False,20,c,1785318415902,
1785318419212,watch1,70,70,0,0,playing,watch2,attack_challenge,,watch2,False,20,c,1785318416053,
1785318419212,watch2,72,68,4,4,playing,watch2,attack_challenge,,watch2,True,20,c,1785318418974,
1785318419212,watch3,72,69,3,3,playing,watch2,attack_challenge,,watch2,False,20,c,1785318418277,
1785318419212,watch4,70,68,2,2,playing,watch2,attack_challenge,,watch2,False,20,c,1785318415902,
1785318420678,watch1,70,70,0,0,playing,watch2,attack_challenge,,watch2,False,20,c,1785318419432,
1785318420678,watch2,71,68,3,3,playing,watch2,attack_challenge,,watch2,True,20,c,1785318420071,
1785318420678,watch3,73,69,4,4,playing,watch2,attack_challenge,,watch2,False,20,c,1785318420214,
1785318420678,watch4,70,68,2,2,playing,watch2,attack_challenge,,watch2,False,20,c,1785318419952,
1785318421616,watch1,70,70,0,0,playing,watch2,attack_challenge,,watch2,False,10,c,1785318420854,
1785318421616,watch2,70,68,2,2,playing,watch2,attack_challenge,,watch2,True,10,c,1785318421002,
1785318421616,watch3,71,69,2,2,playing,watch2,attack_challenge,,watch2,False,10,c,1785318421112,
1785318421616,watch4,70,68,2,2,playing,watch2,attack_challenge,,watch2,False,10,c,1785318419952,
1785318421884,watch1,70,70,0,0,playing,watch2,attack_challenge,,watch2,False,10,c,1785318420854,
1785318421884,watch2,70,68,2,2,playing,watch2,attack_challenge,,watch2,True,10,c,1785318421002,
1785318421884,watch3,71,69,2,2,playing,watch2,attack_challenge,,watch2,False,10,c,1785318421112,
1785318421884,watch4,70,68,2,2,playing,watch2,attack_challenge,,watch2,False,10,c,1785318419952,
1785318422823,watch1,70,70,0,0,playing,watch2,attack_challenge,,watch2,False,10,c,1785318421973,
1785318422823,watch2,70,68,2,2,playing,watch2,attack_challenge,,watch2,True,10,c,1785318421002,
1785318422823,watch3,71,69,2,2,playing,watch2,attack_challenge,,watch2,False,10,c,1785318421112,
1785318422823,watch4,70,68,2,2,playing,watch2,attack_challenge,,watch2,False,10,c,1785318421973,
1785318423070,watch1,70,70,0,0,playing,watch2,attack_challenge,,watch2,False,10,c,1785318421973,
1785318423070,watch2,70,68,2,2,playing,watch2,attack_challenge,,watch2,True,10,c,1785318421002,
1785318423070,watch3,71,69,2,2,playing,watch2,attack_challenge,,watch2,False,10,c,1785318421112,
1785318423070,watch4,70,68,2,2,playing,watch2,attack_challenge,,watch2,False,10,c,1785318421973,
1785318424216,watch1,70,70,0,0,playing,watch2,attack_challenge,,watch2,False,10,c,1785318423200,
1785318424216,watch2,70,68,2,2,playing,watch2,attack_challenge,,watch2,True,10,c,1785318423200,
1785318424216,watch3,71,69,2,2,playing,watch2,attack_challenge,,watch2,False,10,c,1785318423200,
1785318424216,watch4,69,68,1,1,playing,watch2,attack_challenge,,watch2,False,10,c,1785318423994,
1785318424718,watch1,69,70,-1,1,playing,watch2,attack_challenge,,watch2,False,10,c,1785318424204,
1785318424718,watch2,69,68,1,1,playing,watch2,attack_challenge,,watch2,True,10,c,1785318424030,
1785318424718,watch3,71,69,2,2,playing,watch2,attack_challenge,,watch2,False,10,c,1785318423200,
1785318424718,watch4,69,68,1,1,playing,watch2,attack_challenge,,watch2,False,10,c,1785318423994,
1785318425540,watch1,68,70,-2,2,playing,watch2,attack_challenge,,watch2,False,10,c,1785318425066,
1785318425540,watch2,69,68,1,1,playing,watch2,attack_challenge,,watch2,True,10,c,1785318424030,
1785318425540,watch3,70,69,1,1,playing,watch2,attack_challenge,,watch2,False,10,c,1785318425175,
1785318425540,watch4,69,68,1,1,playing,watch2,attack_challenge,,watch2,False,10,c,1785318423994,
1785318426238,watch1,68,70,-2,2,playing,watch2,attack_challenge,,watch2,False,10,c,1785318425066,
1785318426238,watch2,69,68,1,1,playing,watch2,attack_challenge,,watch2,True,10,c,1785318425829,
1785318426238,watch3,70,69,1,1,playing,watch2,attack_challenge,,watch2,False,10,c,1785318425175,
1785318426238,watch4,68,68,0,0,playing,watch2,attack_challenge,,watch2,False,10,c,1785318426066,
1785318426760,watch1,68,70,-2,2,playing,watch2,attack_challenge,,watch2,False,10,c,1785318425066,
1785318426760,watch2,69,68,1,1,playing,watch2,attack_challenge,,watch2,True,10,c,1785318425829,
1785318426760,watch3,70,69,1,1,playing,watch2,attack_challenge,,watch2,False,10,c,1785318425175,
1785318426760,watch4,68,68,0,0,playing,watch2,attack_challenge,,watch2,False,10,c,1785318426066,
1785318427766,watch1,68,70,-2,2,playing,watch2,attack_challenge,,watch2,False,10,c,1785318427066,
1785318427766,watch2,69,68,1,1,playing,watch2,attack_challenge,,watch2,True,10,c,1785318427066,
1785318427766,watch3,70,69,1,1,playing,watch2,attack_challenge,,watch2,False,10,c,1785318427066,
1785318427766,watch4,68,68,0,0,playing,watch2,attack_challenge,,watch2,False,10,c,1785318427066,
1785318427958,watch1,68,70,-2,2,playing,watch2,attack_challenge,,watch2,False,10,c,1785318427066,
1785318427958,watch2,69,68,1,1,playing,watch2,attack_challenge,,watch2,True,10,c,1785318427066,
1785318427958,watch3,70,69,1,1,playing,watch2,attack_challenge,,watch2,False,10,c,1785318427066,
1785318427958,watch4,68,68,0,0,playing,watch2,attack_challenge,,watch2,False,10,c,1785318427066,
1785318428956,watch1,68,70,-2,2,playing,watch2,attack_challenge,,watch2,False,10,a,1785318428684,
1785318428956,watch2,67,68,-1,1,playing,watch2,attack_challenge,,watch2,True,10,a,1785318428166,
1785318428956,watch3,70,69,1,1,playing,watch2,attack_challenge,,watch2,False,10,a,1785318427066,
1785318428956,watch4,67,68,-1,1,playing,watch2,attack_challenge,,watch2,False,10,a,1785318427984,
1785318429533,watch1,68,70,-2,2,playing,watch2,attack_challenge,,watch2,False,10,a,1785318428684,
1785318429533,watch2,66,68,-2,2,playing,watch2,attack_challenge,,watch2,True,10,a,1785318429015,
1785318429533,watch3,66,69,-3,3,playing,watch2,attack_challenge,,watch2,False,10,a,1785318429151,
1785318429533,watch4,67,68,-1,1,playing,watch2,attack_challenge,,watch2,False,10,a,1785318427984,
1785318430258,watch1,68,70,-2,2,playing,watch2,attack_challenge,,watch2,False,10,a,1785318428684,
1785318430258,watch2,66,68,-2,2,playing,watch2,attack_challenge,,watch2,True,10,a,1785318429015,
1785318430258,watch3,66,69,-3,3,playing,watch2,attack_challenge,,watch2,False,10,a,1785318429151,
1785318430258,watch4,66,68,-2,2,playing,watch2,attack_challenge,,watch2,False,10,a,1785318429981,
1785318430839,watch1,68,70,-2,2,playing,watch2,attack_challenge,,watch2,False,10,a,1785318428684,
1785318430839,watch2,66,68,-2,2,playing,watch2,attack_challenge,,watch2,True,10,a,1785318429015,
1785318430839,watch3,66,69,-3,3,playing,watch2,attack_challenge,,watch2,False,10,a,1785318429151,
1785318430839,watch4,66,68,-2,2,playing,watch2,attack_challenge,,watch2,False,10,a,1785318429981,
1785318431922,watch1,66,70,-4,4,playing,watch2,attack_challenge,,watch2,False,10,a,1785318431384,
1785318431922,watch2,66,68,-2,2,playing,watch2,attack_challenge,,watch2,True,10,a,1785318430954,
1785318431922,watch3,66,69,-3,3,playing,watch2,attack_challenge,,watch2,False,10,a,1785318430954,
1785318431922,watch4,66,68,-2,2,playing,watch2,attack_challenge,,watch2,False,10,a,1785318429981,
1785318433982,watch1,66,70,-4,4,playing,watch2,attack_challenge,,watch2,False,10,a,1785318431384,
1785318433982,watch2,66,68,-2,2,playing,watch2,attack_challenge,,watch2,True,10,a,1785318430954,
1785318433982,watch3,64,69,-5,5,playing,watch2,attack_challenge,,watch2,False,10,a,1785318433240,
1785318433982,watch4,66,68,-2,2,playing,watch2,attack_challenge,,watch2,False,10,a,1785318429981,
1785318434305,watch1,66,70,-4,4,playing,watch2,attack_challenge,,watch2,False,10,a,1785318432582,
1785318434305,watch2,66,68,-2,2,playing,watch2,attack_challenge,,watch2,True,10,a,1785318430954,
1785318434305,watch3,64,69,-5,5,playing,watch2,attack_challenge,,watch2,False,10,a,1785318433240,
1785318434305,watch4,66,68,-2,2,playing,watch2,attack_challenge,,watch2,False,10,a,1785318429981,
1785318437418,watch1,66,70,-4,4,playing,watch2,attack_challenge,,watch2,False,20,a,1785318432582,
1785318437418,watch2,64,68,-4,4,playing,watch2,attack_challenge,,watch2,True,20,a,1785318435623,
1785318437418,watch3,64,69,-5,5,playing,watch2,attack_challenge,,watch2,False,20,a,1785318435623,
1785318437418,watch4,65,68,-3,3,playing,watch2,attack_challenge,,watch2,False,20,a,1785318434358,
1785318440644,watch1,64,70,-6,6,playing,watch2,attack_challenge,,watch2,False,20,a,1785318438794,
1785318440644,watch2,64,68,-4,4,playing,watch2,attack_challenge,,watch2,True,20,a,1785318438794,
1785318440644,watch3,64,69,-5,5,playing,watch2,attack_challenge,,watch2,False,20,a,1785318438794,
1785318440644,watch4,64,68,-4,4,playing,watch2,attack_challenge,,watch2,False,20,a,1785318438794,
1785318441919,watch1,64,70,-6,6,playing,watch2,attack_challenge,,watch2,False,20,a,1785318440821,
1785318441919,watch2,64,68,-4,4,playing,watch2,attack_challenge,,watch2,True,20,a,1785318440821,
1785318441919,watch3,65,69,-4,4,playing,watch2,attack_challenge,,watch2,False,20,a,1785318440821,
1785318441919,watch4,64,68,-4,4,playing,watch2,attack_challenge,,watch2,False,20,a,1785318440821,
1785318442245,watch1,64,70,-6,6,playing,watch2,attack_challenge,,watch2,False,20,a,1785318440821,
1785318442245,watch2,65,68,-3,3,playing,watch2,attack_challenge,,watch2,True,20,a,1785318442054,
1785318442245,watch3,65,69,-4,4,playing,watch2,attack_challenge,,watch2,False,20,a,1785318440821,
1785318442245,watch4,64,68,-4,4,playing,watch2,attack_challenge,,watch2,False,20,a,1785318440821,
1785318443175,watch1,64,70,-6,6,playing,watch2,attack_challenge,,watch2,False,10,a,1785318442535,
1785318443175,watch2,65,68,-3,3,playing,watch2,attack_challenge,,watch2,True,10,a,1785318442054,
1785318443175,watch3,64,69,-5,5,playing,watch2,attack_challenge,,watch2,False,10,a,1785318442535,
1785318443175,watch4,64,68,-4,4,playing,watch2,attack_challenge,,watch2,False,10,a,1785318442535,
1785318443505,watch1,64,70,-6,6,playing,watch2,attack_challenge,,watch2,False,10,a,1785318442535,
1785318443505,watch2,65,68,-3,3,playing,watch2,attack_challenge,,watch2,True,10,a,1785318442054,
1785318443505,watch3,64,69,-5,5,playing,watch2,attack_challenge,,watch2,False,10,a,1785318442535,
1785318443505,watch4,64,68,-4,4,playing,watch2,attack_challenge,,watch2,False,10,a,1785318442535,
1785318444570,watch1,64,70,-6,6,playing,watch2,attack_challenge,,watch2,False,10,a,1785318443955,
1785318444570,watch2,65,68,-3,3,playing,watch2,attack_challenge,,watch2,True,10,a,1785318443955,
1785318444570,watch3,64,69,-5,5,playing,watch2,attack_challenge,,watch2,False,10,a,1785318443955,
1785318444570,watch4,64,68,-4,4,playing,watch2,attack_challenge,,watch2,False,10,a,1785318443955,
1785318444917,watch1,64,70,-6,6,playing,watch2,attack_challenge,,watch2,False,10,a,1785318443955,
1785318444917,watch2,65,68,-3,3,playing,watch2,attack_challenge,,watch2,True,10,a,1785318443955,
1785318444917,watch3,64,69,-5,5,playing,watch2,attack_challenge,,watch2,False,10,a,1785318443955,
1785318444917,watch4,64,68,-4,4,playing,watch2,attack_challenge,,watch2,False,10,a,1785318443955,
1785318446882,watch1,64,70,-6,6,playing,watch2,attack_challenge,,watch2,False,10,a,1785318445458,
1785318446882,watch2,65,68,-3,3,playing,watch2,attack_challenge,,watch2,True,10,a,1785318445458,
1785318446882,watch3,64,69,-5,5,playing,watch2,attack_challenge,,watch2,False,10,a,1785318445458,
1785318446882,watch4,64,68,-4,4,playing,watch2,attack_challenge,,watch2,False,10,a,1785318445458,
1785318448402,watch1,64,70,-6,6,playing,watch2,attack_challenge,,watch2,False,10,a,1785318447745,
1785318448402,watch2,65,68,-3,3,playing,watch2,attack_challenge,,watch2,True,10,a,1785318447745,
1785318448402,watch3,64,69,-5,5,playing,watch2,attack_challenge,,watch2,False,10,a,1785318447745,
1785318448402,watch4,64,68,-4,4,playing,watch2,attack_challenge,,watch2,False,10,a,1785318447745,
1785318448564,watch1,64,70,-6,6,playing,watch2,attack_challenge,,watch2,False,10,a,1785318447745,
1785318448564,watch2,65,68,-3,3,playing,watch2,attack_challenge,,watch2,True,10,a,1785318447745,
1785318448564,watch3,64,69,-5,5,playing,watch2,attack_challenge,,watch2,False,10,a,1785318447745,
1785318448564,watch4,64,68,-4,4,playing,watch2,attack_challenge,,watch2,False,10,a,1785318447745,
1785318450004,watch1,64,70,-6,6,playing,watch2,attack_challenge,,watch2,False,10,a,1785318449260,
1785318450004,watch2,65,68,-3,3,playing,watch2,attack_challenge,,watch2,True,10,a,1785318449260,
1785318450004,watch3,64,69,-5,5,playing,watch2,attack_challenge,,watch2,False,10,a,1785318449260,
1785318450004,watch4,64,68,-4,4,playing,watch2,attack_challenge,,watch2,False,10,a,1785318449260,
1785318456812,watch1,65,70,-5,5,playing,watch2,attack_challenge,,watch2,False,10,a,1785318454537,
1785318456812,watch2,64,68,-4,4,playing,watch2,attack_challenge,,watch2,True,10,a,1785318450083,
1785318456812,watch3,68,69,-1,1,playing,watch2,attack_challenge,,watch2,False,10,a,1785318456213,
1785318456812,watch4,64,68,-4,4,playing,watch2,attack_challenge,,watch2,False,10,a,1785318449260,
1785318457907,watch1,68,70,-2,2,playing,watch2,attack_challenge,,watch2,False,10,c,1785318456467,
1785318457907,watch2,70,68,2,2,playing,watch2,attack_challenge,,watch2,True,10,c,1785318457267,
1785318457907,watch3,68,69,-1,1,playing,watch2,attack_challenge,,watch2,False,10,c,1785318456213,
1785318457907,watch4,64,68,-4,4,playing,watch2,attack_challenge,,watch2,False,10,c,1785318449260,
1785318459534,watch1,70,70,0,0,playing,watch2,attack_challenge,,watch2,False,10,c,1785318458256,
1785318459534,watch2,70,68,2,2,playing,watch2,attack_challenge,,watch2,True,10,c,1785318459256,
1785318459534,watch3,68,69,-1,1,playing,watch2,attack_challenge,,watch2,False,10,c,1785318456213,
1785318459534,watch4,69,68,1,1,playing,watch2,attack_challenge,,watch2,False,10,c,1785318459105,
1785318460900,watch1,71,70,1,1,playing,watch2,attack_challenge,,watch2,False,10,c,1785318460308,
1785318460900,watch2,70,68,2,2,playing,watch2,attack_challenge,,watch2,True,10,c,1785318459256,
1785318460900,watch3,71,69,2,2,playing,watch2,attack_challenge,,watch2,False,10,c,1785318460260,
1785318460900,watch4,70,68,2,2,playing,watch2,attack_challenge,,watch2,False,10,c,1785318460143,
1785318461683,watch1,71,70,1,1,playing,watch2,attack_challenge,,watch2,False,20,c,1785318460308,
1785318461683,watch2,71,68,3,3,playing,watch2,attack_challenge,,watch2,True,20,c,1785318461117,
1785318461683,watch3,71,69,2,2,playing,watch2,attack_challenge,,watch2,False,20,c,1785318460260,
1785318461683,watch4,70,68,2,2,playing,watch2,attack_challenge,,watch2,False,20,c,1785318460143,
1785318463113,watch1,70,70,0,0,playing,watch2,attack_challenge,,watch2,False,20,c,1785318462622,
1785318463113,watch2,71,68,3,3,playing,watch2,attack_challenge,,watch2,True,20,c,1785318462117,
1785318463113,watch3,71,69,2,2,playing,watch2,attack_challenge,,watch2,False,20,c,1785318462117,
1785318463113,watch4,70,68,2,2,playing,watch2,attack_challenge,,watch2,False,20,c,1785318460143,
1785318463328,watch1,70,70,0,0,playing,watch2,attack_challenge,,watch2,False,20,c,1785318462622,
1785318463328,watch2,71,68,3,3,playing,watch2,attack_challenge,,watch2,True,20,c,1785318462117,
1785318463328,watch3,71,69,2,2,playing,watch2,attack_challenge,,watch2,False,20,c,1785318462117,
1785318463328,watch4,70,68,2,2,playing,watch2,attack_challenge,,watch2,False,20,c,1785318460143,
1785318464703,watch1,71,70,1,1,playing,watch2,attack_challenge,,watch2,False,20,c,1785318464497,
1785318464703,watch2,71,68,3,3,playing,watch2,attack_challenge,,watch2,True,20,c,1785318463866,
1785318464703,watch3,70,69,1,1,playing,watch2,attack_challenge,,watch2,False,20,c,1785318463866,
1785318464703,watch4,71,68,3,3,playing,watch2,attack_challenge,,watch2,False,20,c,1785318463866,
1785318464949,watch1,71,70,1,1,playing,watch2,attack_challenge,,watch2,False,20,c,1785318464497,
1785318464949,watch2,71,68,3,3,playing,watch2,attack_challenge,,watch2,True,20,c,1785318463866,
1785318464949,watch3,70,69,1,1,playing,watch2,attack_challenge,,watch2,False,20,c,1785318463866,
1785318464949,watch4,71,68,3,3,playing,watch2,attack_challenge,,watch2,False,20,c,1785318463866,
1785318466064,watch1,71,70,1,1,playing,watch2,attack_challenge,,watch2,False,20,c,1785318464497,
1785318466064,watch2,71,68,3,3,playing,watch2,attack_challenge,,watch2,True,20,c,1785318465481,
1785318466064,watch3,71,69,2,2,playing,watch2,attack_challenge,,watch2,False,20,c,1785318465481,
1785318466064,watch4,71,68,3,3,playing,watch2,attack_challenge,,watch2,False,20,c,1785318465481,
1785318466508,watch1,72,70,2,2,playing,watch2,attack_challenge,,watch2,False,20,c,1785318466315,
1785318466508,watch2,72,68,4,4,playing,watch2,attack_challenge,,watch2,True,20,c,1785318466127,
1785318466508,watch3,71,69,2,2,playing,watch2,attack_challenge,,watch2,False,20,c,1785318465481,
1785318466508,watch4,71,68,3,3,playing,watch2,attack_challenge,,watch2,False,20,c,1785318465481,
1785318467670,watch1,72,70,2,2,playing,watch2,attack_challenge,,watch2,False,20,c,1785318466315,
1785318467670,watch2,73,68,5,5,playing,watch2,attack_challenge,,watch2,True,20,c,1785318467191,
1785318467670,watch3,72,69,3,3,playing,watch2,attack_challenge,,watch2,False,20,c,1785318467349,
1785318467670,watch4,71,68,3,3,playing,watch2,attack_challenge,,watch2,False,20,c,1785318466952,
1785318467881,watch1,72,70,2,2,playing,watch2,attack_challenge,,watch2,False,20,c,1785318466315,
1785318467881,watch2,73,68,5,5,playing,watch2,attack_challenge,,watch2,True,20,c,1785318467191,
1785318467881,watch3,72,69,3,3,playing,watch2,attack_challenge,,watch2,False,20,c,1785318467349,
1785318467881,watch4,71,68,3,3,playing,watch2,attack_challenge,,watch2,False,20,c,1785318466952,
1785318468924,watch1,72,70,2,2,playing,watch2,attack_challenge,,watch2,False,20,c,1785318468192,
1785318468924,watch2,73,68,5,5,playing,watch2,attack_challenge,,watch2,True,20,c,1785318468192,
1785318468924,watch3,72,69,3,3,playing,watch2,attack_challenge,,watch2,False,20,c,1785318467349,
1785318468924,watch4,72,68,4,4,playing,watch2,attack_challenge,,watch2,False,20,c,1785318468158,
1785318469150,watch1,72,70,2,2,playing,watch2,attack_challenge,,watch2,False,20,c,1785318468192,
1785318469150,watch2,73,68,5,5,playing,watch2,attack_challenge,,watch2,True,20,c,1785318468192,
1785318469150,watch3,72,69,3,3,playing,watch2,attack_challenge,,watch2,False,20,c,1785318467349,
1785318469150,watch4,72,68,4,4,playing,watch2,attack_challenge,,watch2,False,20,c,1785318468158,
1785318471722,watch1,73,70,3,3,playing,watch2,attack_challenge,,watch2,False,20,c,1785318469320,
1785318471722,watch2,73,68,5,5,playing,watch2,attack_challenge,,watch2,True,20,c,1785318469580,
1785318471722,watch3,73,69,4,4,playing,watch2,attack_challenge,,watch2,False,20,c,1785318471258,
1785318471722,watch4,72,68,4,4,playing,watch2,attack_challenge,,watch2,False,20,c,1785318469580,
1785318472954,watch1,73,70,3,3,playing,watch2,attack_challenge,,watch2,False,20,c,1785318472207,
1785318472954,watch2,73,68,5,5,playing,watch2,attack_challenge,,watch2,True,20,c,1785318472207,
1785318472954,watch3,72,69,3,3,playing,watch2,attack_challenge,,watch2,False,20,c,1785318472331,
1785318472954,watch4,72,68,4,4,playing,watch2,attack_challenge,,watch2,False,20,c,1785318472207,
1785318475323,watch1,72,70,2,2,playing,watch2,attack_challenge,,watch2,False,20,c,1785318473349,
1785318475323,watch2,73,68,5,5,playing,watch2,attack_challenge,,watch2,True,20,c,1785318473800,
1785318475323,watch3,72,69,3,3,playing,watch2,attack_challenge,,watch2,False,20,c,1785318473800,
1785318475323,watch4,72,68,4,4,playing,watch2,attack_challenge,,watch2,False,20,c,1785318473800,
1785318477493,watch1,73,70,3,3,playing,watch2,attack_challenge,,watch2,False,20,c,1785318475381,
1785318477493,watch2,73,68,5,5,playing,watch2,attack_challenge,,watch2,True,20,c,1785318475766,
1785318477493,watch3,71,69,2,2,playing,watch2,attack_challenge,,watch2,False,20,c,1785318476978,
1785318477493,watch4,72,68,4,4,playing,watch2,attack_challenge,,watch2,False,20,c,1785318475766,
1785318477702,watch1,73,70,3,3,playing,watch2,attack_challenge,,watch2,False,20,c,1785318475381,
1785318477702,watch2,73,68,5,5,playing,watch2,attack_challenge,,watch2,True,20,c,1785318475766,
1785318477702,watch3,71,69,2,2,playing,watch2,attack_challenge,,watch2,False,20,c,1785318476978,
1785318477702,watch4,72,68,4,4,playing,watch2,attack_challenge,,watch2,False,20,c,1785318475766,
1785318479114,watch1,73,70,3,3,playing,watch2,attack_challenge,,watch2,False,20,c,1785318478524,
1785318479114,watch2,73,68,5,5,playing,watch2,attack_challenge,,watch2,True,20,c,1785318478524,
1785318479114,watch3,72,69,3,3,playing,watch2,attack_challenge,,watch2,False,20,c,1785318478284,
1785318479114,watch4,72,68,4,4,playing,watch2,attack_challenge,,watch2,False,20,c,1785318478524,
1785318479271,watch1,73,70,3,3,playing,watch2,attack_challenge,,watch2,False,20,c,1785318478524,
1785318479271,watch2,73,68,5,5,playing,watch2,attack_challenge,,watch2,True,20,c,1785318478524,
1785318479271,watch3,72,69,3,3,playing,watch2,attack_challenge,,watch2,False,20,c,1785318478284,
1785318479271,watch4,72,68,4,4,playing,watch2,attack_challenge,,watch2,False,20,c,1785318478524,
1785318480766,watch1,73,70,3,3,playing,watch2,attack_challenge,,watch2,False,20,c,1785318479971,
1785318480766,watch2,73,68,5,5,playing,watch2,attack_challenge,,watch2,True,20,c,1785318479971,
1785318480766,watch3,72,69,3,3,playing,watch2,attack_challenge,,watch2,False,20,c,1785318480492,
1785318480766,watch4,72,68,4,4,playing,watch2,attack_challenge,,watch2,False,20,c,1785318479971,
1785318481026,watch1,73,70,3,3,playing,watch2,attack_challenge,,watch2,False,20,c,1785318479971,
1785318481026,watch2,73,68,5,5,playing,watch2,attack_challenge,,watch2,True,20,c,1785318479971,
1785318481026,watch3,72,69,3,3,playing,watch2,attack_challenge,,watch2,False,20,c,1785318480492,
1785318481026,watch4,72,68,4,4,playing,watch2,attack_challenge,,watch2,False,20,c,1785318479971,
1785318482070,watch1,73,70,3,3,playing,watch2,attack_challenge,,watch2,False,20,c,1785318481492,
1785318482070,watch2,73,68,5,5,playing,watch2,attack_challenge,,watch2,True,20,c,1785318481492,
1785318482070,watch3,72,69,3,3,playing,watch2,attack_challenge,,watch2,False,20,c,1785318481492,
1785318482070,watch4,72,68,4,4,playing,watch2,attack_challenge,,watch2,False,20,c,1785318481224,
1785318482374,watch1,73,70,3,3,playing,watch2,attack_challenge,,watch2,False,20,c,1785318481492,
1785318482374,watch2,73,68,5,5,playing,watch2,attack_challenge,,watch2,True,20,c,1785318481492,
1785318482374,watch3,72,69,3,3,playing,watch2,attack_challenge,,watch2,False,20,c,1785318481492,
1785318482374,watch4,72,68,4,4,playing,watch2,attack_challenge,,watch2,False,20,c,1785318481224,
1785318483653,watch1,72,70,2,2,playing,watch2,attack_challenge,,watch2,False,20,c,1785318483438,
1785318483653,watch2,73,68,5,5,playing,watch2,attack_challenge,,watch2,True,20,c,1785318482910,
1785318483653,watch3,72,69,3,3,playing,watch2,attack_challenge,,watch2,False,20,c,1785318482910,
1785318483653,watch4,72,68,4,4,playing,watch2,attack_challenge,,watch2,False,20,c,1785318482910,
1785318483968,watch1,72,70,2,2,playing,watch2,attack_challenge,,watch2,False,20,c,1785318483438,
1785318483968,watch2,73,68,5,5,playing,watch2,attack_challenge,,watch2,True,20,c,1785318482910,
1785318483968,watch3,72,69,3,3,playing,watch2,attack_challenge,,watch2,False,20,c,1785318482910,
1785318483968,watch4,72,68,4,4,playing,watch2,attack_challenge,,watch2,False,20,c,1785318482910,
1785318484963,watch1,72,70,2,2,playing,watch2,attack_challenge,,watch2,False,20,c,1785318483438,
1785318484963,watch2,73,68,5,5,playing,watch2,attack_challenge,,watch2,True,20,c,1785318484423,
1785318484963,watch3,71,69,2,2,playing,watch2,attack_challenge,,watch2,False,20,c,1785318484288,
1785318484963,watch4,72,68,4,4,playing,watch2,attack_challenge,,watch2,False,20,c,1785318484423,
1785318485325,watch1,72,70,2,2,playing,watch2,attack_challenge,,watch2,False,20,c,1785318483438,
1785318485325,watch2,72,68,4,4,playing,watch2,attack_challenge,,watch2,True,20,c,1785318485164,
1785318485325,watch3,71,69,2,2,playing,watch2,attack_challenge,,watch2,False,20,c,1785318484288,
1785318485325,watch4,72,68,4,4,playing,watch2,attack_challenge,,watch2,False,20,c,1785318484423,
1785318486194,watch1,72,70,2,2,playing,watch2,attack_challenge,,watch2,False,20,c,1785318485747,
1785318486194,watch2,72,68,4,4,playing,watch2,attack_challenge,,watch2,True,20,c,1785318485164,
1785318486194,watch3,71,69,2,2,playing,watch2,attack_challenge,,watch2,False,20,c,1785318485747,
1785318486194,watch4,71,68,3,3,playing,watch2,attack_challenge,,watch2,False,20,c,1785318485324,
1785318486749,watch1,72,70,2,2,playing,watch2,attack_challenge,,watch2,False,20,c,1785318485747,
1785318486749,watch2,72,68,4,4,playing,watch2,attack_challenge,,watch2,True,20,c,1785318485164,
1785318486749,watch3,70,69,1,1,playing,watch2,attack_challenge,,watch2,False,20,c,1785318486296,
1785318486749,watch4,71,68,3,3,playing,watch2,attack_challenge,,watch2,False,20,c,1785318485324,
1785318487539,watch1,72,70,2,2,playing,watch2,attack_challenge,,watch2,False,20,c,1785318487009,
1785318487539,watch2,72,68,4,4,playing,watch2,attack_challenge,,watch2,True,20,c,1785318487009,
1785318487539,watch3,70,69,1,1,playing,watch2,attack_challenge,,watch2,False,20,c,1785318486296,
1785318487539,watch4,71,68,3,3,playing,watch2,attack_challenge,,watch2,False,20,c,1785318487009,
1785318488313,watch1,72,70,2,2,playing,watch2,attack_challenge,,watch2,False,20,c,1785318487009,
1785318488313,watch2,72,68,4,4,playing,watch2,attack_challenge,,watch2,True,20,c,1785318487009,
1785318488313,watch3,70,69,1,1,playing,watch2,attack_challenge,,watch2,False,20,c,1785318486296,
1785318488313,watch4,71,68,3,3,playing,watch2,attack_challenge,,watch2,False,20,c,1785318487009,
1785318489082,watch1,72,70,2,2,playing,watch2,attack_challenge,,watch2,False,20,c,1785318488425,
1785318489082,watch2,72,68,4,4,playing,watch2,attack_challenge,,watch2,True,20,c,1785318488425,
1785318489082,watch3,70,69,1,1,playing,watch2,attack_challenge,,watch2,False,20,c,1785318488425,
1785318489082,watch4,71,68,3,3,playing,watch2,attack_challenge,,watch2,False,20,c,1785318488425,
1785318489628,watch1,72,70,2,2,playing,watch2,attack_challenge,,watch2,False,20,c,1785318488425,
1785318489628,watch2,72,68,4,4,playing,watch2,attack_challenge,,watch2,True,20,c,1785318488425,
1785318489628,watch3,70,69,1,1,playing,watch2,attack_challenge,,watch2,False,20,c,1785318488425,
1785318489628,watch4,71,68,3,3,playing,watch2,attack_challenge,,watch2,False,20,c,1785318488425,
1785318491131,watch1,72,70,2,2,playing,watch2,attack_challenge,,watch2,False,20,c,1785318490081,
1785318491131,watch2,71,68,3,3,playing,watch2,attack_challenge,,watch2,True,20,c,1785318490205,
1785318491131,watch3,70,69,1,1,playing,watch2,attack_challenge,,watch2,False,20,c,1785318488425,
1785318491131,watch4,71,68,3,3,playing,watch2,attack_challenge,,watch2,False,20,c,1785318490081,
1785318491919,watch1,72,70,2,2,playing,watch2,attack_challenge,,watch2,False,20,c,1785318490081,
1785318491919,watch2,71,68,3,3,playing,watch2,attack_challenge,,watch2,True,20,c,1785318490205,
1785318491919,watch3,70,69,1,1,playing,watch2,attack_challenge,,watch2,False,20,c,1785318488425,
1785318491919,watch4,71,68,3,3,playing,watch2,attack_challenge,,watch2,False,20,c,1785318490081,
1785318492749,watch1,71,70,1,1,playing,watch2,attack_challenge,,watch2,False,20,c,1785318491996,
1785318492749,watch2,71,68,3,3,playing,watch2,attack_challenge,,watch2,True,20,c,1785318491996,
1785318492749,watch3,70,69,1,1,playing,watch2,attack_challenge,,watch2,False,20,c,1785318491996,
1785318492749,watch4,71,68,3,3,playing,watch2,attack_challenge,,watch2,False,20,c,1785318491996,
1785318493219,watch1,71,70,1,1,playing,watch2,attack_challenge,,watch2,False,20,c,1785318491996,
1785318493219,watch2,71,68,3,3,playing,watch2,attack_challenge,,watch2,True,20,c,1785318491996,
1785318493219,watch3,70,69,1,1,playing,watch2,attack_challenge,,watch2,False,20,c,1785318491996,
1785318493219,watch4,71,68,3,3,playing,watch2,attack_challenge,,watch2,False,20,c,1785318491996,
1785318495718,watch1,70,70,0,0,playing,watch2,attack_challenge,,watch2,False,10,c,1785318494453,
1785318495718,watch2,70,68,2,2,playing,watch2,attack_challenge,,watch2,True,10,c,1785318494190,
1785318495718,watch3,70,69,1,1,playing,watch2,attack_challenge,,watch2,False,10,c,1785318495151,
1785318495718,watch4,71,68,3,3,playing,watch2,attack_challenge,,watch2,False,10,c,1785318495151,
1785318495964,watch1,70,70,0,0,playing,watch2,attack_challenge,,watch2,False,10,c,1785318494453,
1785318495964,watch2,70,68,2,2,playing,watch2,attack_challenge,,watch2,True,10,c,1785318494190,
1785318495964,watch3,70,69,1,1,playing,watch2,attack_challenge,,watch2,False,10,c,1785318495151,
1785318495964,watch4,71,68,3,3,playing,watch2,attack_challenge,,watch2,False,10,c,1785318495151,
1785318497079,watch1,71,70,1,1,playing,watch2,attack_challenge,,watch2,False,20,c,1785318496480,
1785318497079,watch2,71,68,3,3,playing,watch2,attack_challenge,,watch2,True,20,c,1785318496186,
1785318497079,watch3,70,69,1,1,playing,watch2,attack_challenge,,watch2,False,20,c,1785318496532,
1785318497079,watch4,70,68,2,2,playing,watch2,attack_challenge,,watch2,False,20,c,1785318496532,
1785318498680,watch1,71,70,1,1,playing,watch2,attack_challenge,,watch2,False,20,c,1785318497970,
1785318498680,watch2,71,68,3,3,playing,watch2,attack_challenge,,watch2,True,20,c,1785318497970,
1785318498680,watch3,69,69,0,0,playing,watch2,attack_challenge,,watch2,False,20,c,1785318498440,
1785318498680,watch4,71,68,3,3,playing,watch2,attack_challenge,,watch2,False,20,c,1785318497302,
1785318499077,watch1,70,70,0,0,playing,watch2,attack_challenge,,watch2,False,20,c,1785318498597,
1785318499077,watch2,71,68,3,3,playing,watch2,attack_challenge,,watch2,True,20,c,1785318497970,
1785318499077,watch3,69,69,0,0,playing,watch2,attack_challenge,,watch2,False,20,c,1785318498440,
1785318499077,watch4,71,68,3,3,playing,watch2,attack_challenge,,watch2,False,20,c,1785318497302,
1785318500083,watch1,70,70,0,0,playing,watch2,attack_challenge,,watch2,False,20,c,1785318498597,
1785318500083,watch2,71,68,3,3,playing,watch2,attack_challenge,,watch2,True,20,c,1785318499424,
1785318500083,watch3,70,69,1,1,playing,watch2,attack_challenge,,watch2,False,20,c,1785318499339,
1785318500083,watch4,71,68,3,3,playing,watch2,attack_challenge,,watch2,False,20,c,1785318499424,
1785318500320,watch1,70,70,0,0,playing,watch2,attack_challenge,,watch2,False,20,c,1785318498597,
1785318500320,watch2,71,68,3,3,playing,watch2,attack_challenge,,watch2,True,20,c,1785318499424,
1785318500320,watch3,70,69,1,1,playing,watch2,attack_challenge,,watch2,False,20,c,1785318499339,
1785318500320,watch4,71,68,3,3,playing,watch2,attack_challenge,,watch2,False,20,c,1785318499424,
1785318501330,watch1,71,70,1,1,playing,watch2,attack_challenge,,watch2,False,20,c,1785318500490,
1785318501330,watch2,71,68,3,3,playing,watch2,attack_challenge,,watch2,True,20,c,1785318500777,
1785318501330,watch3,70,69,1,1,playing,watch2,attack_challenge,,watch2,False,20,c,1785318500777,
1785318501330,watch4,71,68,3,3,playing,watch2,attack_challenge,,watch2,False,20,c,1785318500777,
1785318501642,watch1,71,70,1,1,playing,watch2,attack_challenge,,watch2,False,20,c,1785318500490,
1785318501642,watch2,71,68,3,3,playing,watch2,attack_challenge,,watch2,True,20,c,1785318500777,
1785318501642,watch3,70,69,1,1,playing,watch2,attack_challenge,,watch2,False,20,c,1785318500777,
1785318501642,watch4,71,68,3,3,playing,watch2,attack_challenge,,watch2,False,20,c,1785318500777,
1785318503013,watch1,70,70,0,0,playing,watch2,attack_challenge,,watch2,False,20,c,1785318502573,
1785318503013,watch2,71,68,3,3,playing,watch2,attack_challenge,,watch2,True,20,c,1785318502156,
1785318503013,watch3,70,69,1,1,playing,watch2,attack_challenge,,watch2,False,20,c,1785318502156,
1785318503013,watch4,71,68,3,3,playing,watch2,attack_challenge,,watch2,False,20,c,1785318500777,
1785318503242,watch1,70,70,0,0,playing,watch2,attack_challenge,,watch2,False,20,c,1785318502573,
1785318503242,watch2,71,68,3,3,playing,watch2,attack_challenge,,watch2,True,20,c,1785318502156,
1785318503242,watch3,70,69,1,1,playing,watch2,attack_challenge,,watch2,False,20,c,1785318502156,
1785318503242,watch4,71,68,3,3,playing,watch2,attack_challenge,,watch2,False,20,c,1785318500777,
1785318504387,watch1,70,70,0,0,playing,watch2,attack_challenge,,watch2,False,20,c,1785318503733,
1785318504387,watch2,71,68,3,3,playing,watch2,attack_challenge,,watch2,True,20,c,1785318503733,
1785318504387,watch3,71,69,2,2,playing,watch2,attack_challenge,,watch2,False,20,c,1785318503342,
1785318504387,watch4,71,68,3,3,playing,watch2,attack_challenge,,watch2,False,20,c,1785318503733,
1785318504964,watch1,71,70,1,1,playing,watch2,attack_challenge,,watch2,False,20,c,1785318504517,
1785318504964,watch2,71,68,3,3,playing,watch2,attack_challenge,,watch2,True,20,c,1785318503733,
1785318504964,watch3,71,69,2,2,playing,watch2,attack_challenge,,watch2,False,20,c,1785318503342,
1785318504964,watch4,71,68,3,3,playing,watch2,attack_challenge,,watch2,False,20,c,1785318503733,
1785318505989,watch1,71,70,1,1,playing,watch2,attack_challenge,,watch2,False,20,c,1785318504517,
1785318505989,watch2,71,68,3,3,playing,watch2,attack_challenge,,watch2,True,20,c,1785318505220,
1785318505989,watch3,71,69,2,2,playing,watch2,attack_challenge,,watch2,False,20,c,1785318505220,
1785318505989,watch4,71,68,3,3,playing,watch2,attack_challenge,,watch2,False,20,c,1785318505220,
1785318507416,watch1,70,70,0,0,playing,watch2,attack_challenge,,watch2,False,20,c,1785318506533,
1785318507416,watch2,71,68,3,3,playing,watch2,attack_challenge,,watch2,True,20,c,1785318505220,
1785318507416,watch3,71,69,2,2,playing,watch2,attack_challenge,,watch2,False,20,c,1785318505220,
1785318507416,watch4,71,68,3,3,playing,watch2,attack_challenge,,watch2,False,20,c,1785318505220,
1785318508916,watch1,71,70,1,1,playing,watch2,attack_challenge,,watch2,False,20,c,1785318508557,
1785318508916,watch2,71,68,3,3,playing,watch2,attack_challenge,,watch2,True,20,c,1785318505220,
1785318508916,watch3,71,69,2,2,playing,watch2,attack_challenge,,watch2,False,20,c,1785318508379,
1785318508916,watch4,71,68,3,3,playing,watch2,attack_challenge,,watch2,False,20,c,1785318506770,
1785318510204,watch1,71,70,1,1,playing,watch2,attack_challenge,,watch2,False,20,c,1785318508557,
1785318510204,watch2,71,68,3,3,playing,watch2,attack_challenge,,watch2,True,20,c,1785318509260,
1785318510204,watch3,71,69,2,2,playing,watch2,attack_challenge,,watch2,False,20,c,1785318508379,
1785318510204,watch4,71,68,3,3,playing,watch2,attack_challenge,,watch2,False,20,c,1785318509260,
1785318511810,watch1,72,70,2,2,playing,watch2,attack_challenge,,watch2,False,20,c,1785318511566,
1785318511810,watch2,72,68,4,4,playing,watch2,attack_challenge,,watch2,True,20,c,1785318510237,
1785318511810,watch3,73,69,4,4,playing,watch2,attack_challenge,,watch2,False,20,c,1785318511365,
1785318511810,watch4,72,68,4,4,playing,watch2,attack_challenge,,watch2,False,20,c,1785318510484,
1785318512665,watch1,72,70,2,2,playing,watch2,attack_challenge,,watch2,False,20,c,1785318511566,
1785318512665,watch2,73,68,5,5,playing,watch2,attack_challenge,,watch2,True,20,c,1785318512388,
1785318512665,watch3,73,69,4,4,playing,watch2,attack_challenge,,watch2,False,20,c,1785318511365,
1785318512665,watch4,72,68,4,4,playing,watch2,attack_challenge,,watch2,False,20,c,1785318510484,
1785318513051,watch1,72,70,2,2,playing,watch2,attack_challenge,,watch2,False,20,c,1785318511566,
1785318513051,watch2,73,68,5,5,playing,watch2,attack_challenge,,watch2,True,20,c,1785318512388,
1785318513051,watch3,73,69,4,4,playing,watch2,attack_challenge,,watch2,False,20,c,1785318511365,
1785318513051,watch4,72,68,4,4,playing,watch2,attack_challenge,,watch2,False,20,c,1785318510484,
1785318514465,watch1,72,70,2,2,playing,watch2,attack_challenge,,watch2,False,20,c,1785318513537,
1785318514465,watch2,74,68,6,6,playing,watch2,attack_challenge,,watch2,True,20,c,1785318514233,
1785318514465,watch3,73,69,4,4,playing,watch2,attack_challenge,,watch2,False,20,c,1785318513537,
1785318514465,watch4,72,68,4,4,playing,watch2,attack_challenge,,watch2,False,20,c,1785318513537,
1785318515505,watch1,72,70,2,2,playing,watch2,attack_challenge,,watch2,False,20,c,1785318515144,
1785318515505,watch2,74,68,6,6,playing,watch2,attack_challenge,,watch2,True,20,c,1785318514233,
1785318515505,watch3,74,69,5,5,playing,watch2,attack_challenge,,watch2,False,20,c,1785318515144,
1785318515505,watch4,73,68,5,5,playing,watch2,attack_challenge,,watch2,False,20,c,1785318514437,
1785318515913,watch1,73,70,3,3,playing,watch2,attack_challenge,,watch2,False,20,c,1785318515576,
1785318515913,watch2,74,68,6,6,playing,watch2,attack_challenge,,watch2,True,20,c,1785318514233,
1785318515913,watch3,74,69,5,5,playing,watch2,attack_challenge,,watch2,False,20,c,1785318515144,
1785318515913,watch4,73,68,5,5,playing,watch2,attack_challenge,,watch2,False,20,c,1785318514437,
1785318516946,watch1,73,70,3,3,playing,watch2,attack_challenge,,watch2,False,20,c,1785318515576,
1785318516946,watch2,74,68,6,6,playing,watch2,attack_challenge,,watch2,True,20,c,1785318516392,
1785318516946,watch3,74,69,5,5,playing,watch2,attack_challenge,,watch2,False,20,c,1785318516392,
1785318516946,watch4,73,68,5,5,playing,watch2,attack_challenge,,watch2,False,20,c,1785318516392,
1785318517240,watch1,73,70,3,3,playing,watch2,attack_challenge,,watch2,False,20,c,1785318515576,
1785318517240,watch2,74,68,6,6,playing,watch2,attack_challenge,,watch2,True,20,c,1785318516392,
1785318517240,watch3,74,69,5,5,playing,watch2,attack_challenge,,watch2,False,20,c,1785318516392,
1785318517240,watch4,73,68,5,5,playing,watch2,attack_challenge,,watch2,False,20,c,1785318516392,
1785318518244,watch1,74,70,4,4,playing,watch2,attack_challenge,,watch2,False,20,c,1785318517590,
1785318518244,watch2,74,68,6,6,playing,watch2,attack_challenge,,watch2,True,20,c,1785318517837,
1785318518244,watch3,75,69,6,6,playing,watch2,attack_challenge,,watch2,False,20,c,1785318517385,
1785318518244,watch4,73,68,5,5,playing,watch2,attack_challenge,,watch2,False,20,c,1785318517837,
1785318520187,watch1,74,70,4,4,playing,watch2,attack_challenge,,watch2,False,20,c,1785318517590,
1785318520187,watch2,75,68,7,7,playing,watch2,attack_challenge,,watch2,True,20,c,1785318518262,
1785318520187,watch3,75,69,6,6,playing,watch2,attack_challenge,,watch2,False,20,c,1785318519116,
1785318520187,watch4,74,68,6,6,playing,watch2,attack_challenge,,watch2,False,20,c,1785318518495,
1785318520848,watch1,74,70,4,4,playing,watch2,attack_challenge,,watch2,False,20,c,1785318519116,
1785318520848,watch2,75,68,7,7,playing,watch2,attack_challenge,,watch2,True,20,c,1785318518262,
1785318520848,watch3,75,69,6,6,playing,watch2,attack_challenge,,watch2,False,20,c,1785318519116,
1785318520848,watch4,75,68,7,7,playing,watch2,attack_challenge,,watch2,False,20,c,1785318520521,
1785318521813,watch1,75,70,5,5,playing,watch2,attack_challenge,,watch2,False,20,c,1785318521679,
1785318521813,watch2,75,68,7,7,playing,watch2,attack_challenge,,watch2,True,20,c,1785318521490,
1785318521813,watch3,75,69,6,6,playing,watch2,attack_challenge,,watch2,False,20,c,1785318519116,
1785318521813,watch4,75,68,7,7,playing,watch2,attack_challenge,,watch2,False,20,c,1785318520521,
1785318522381,watch1,74,70,4,4,playing,watch2,attack_challenge,,watch2,False,20,c,1785318521490,
1785318522381,watch2,75,68,7,7,playing,watch2,attack_challenge,,watch2,True,20,c,1785318521490,
1785318522381,watch3,75,69,6,6,playing,watch2,attack_challenge,,watch2,False,20,c,1785318521490,
1785318522381,watch4,75,68,7,7,playing,watch2,attack_challenge,,watch2,False,20,c,1785318520521,
1785318524310,watch1,74,70,4,4,playing,watch2,attack_challenge,,watch2,False,20,c,1785318523879,
1785318524310,watch2,75,68,7,7,playing,watch2,attack_challenge,,watch2,True,20,c,1785318523261,
1785318524310,watch3,75,69,6,6,playing,watch2,attack_challenge,,watch2,False,20,c,1785318523261,
1785318524310,watch4,75,68,7,7,playing,watch2,attack_challenge,,watch2,False,20,c,1785318520521,
1785318525934,watch1,74,70,4,4,playing,watch2,attack_challenge,,watch2,False,20,c,1785318525077,
1785318525934,watch2,74,68,6,6,playing,watch2,attack_challenge,,watch2,True,20,c,1785318524273,
1785318525934,watch3,74,69,5,5,playing,watch2,attack_challenge,,watch2,False,20,c,1785318524728,
1785318525934,watch4,74,68,6,6,playing,watch2,attack_challenge,,watch2,False,20,c,1785318525077,
1785318527313,watch1,74,70,4,4,playing,watch2,attack_challenge,,watch2,False,20,c,1785318526427,
1785318527313,watch2,74,68,6,6,playing,watch2,attack_challenge,,watch2,True,20,c,1785318526427,
1785318527313,watch3,74,69,5,5,playing,watch2,attack_challenge,,watch2,False,20,c,1785318526427,
1785318527313,watch4,74,68,6,6,playing,watch2,attack_challenge,,watch2,False,20,c,1785318526427,
1785318527804,watch1,73,70,3,3,playing,watch2,attack_challenge,,watch2,False,20,c,1785318527674,
1785318527804,watch2,74,68,6,6,playing,watch2,attack_challenge,,watch2,True,20,c,1785318526427,
1785318527804,watch3,74,69,5,5,playing,watch2,attack_challenge,,watch2,False,20,c,1785318526427,
1785318527804,watch4,73,68,5,5,playing,watch2,attack_challenge,,watch2,False,20,c,1785318527420,
1785318528795,watch1,73,70,3,3,playing,watch2,attack_challenge,,watch2,False,20,c,1785318527674,
1785318528795,watch2,74,68,6,6,playing,watch2,attack_challenge,,watch2,True,20,c,1785318528206,
1785318528795,watch3,73,69,4,4,playing,watch2,attack_challenge,,watch2,False,20,c,1785318528206,
1785318528795,watch4,73,68,5,5,playing,watch2,attack_challenge,,watch2,False,20,c,1785318527420,
1785318529092,watch1,73,70,3,3,playing,watch2,attack_challenge,,watch2,False,20,c,1785318527674,
1785318529092,watch2,74,68,6,6,playing,watch2,attack_challenge,,watch2,True,20,c,1785318528206,
1785318529092,watch3,73,69,4,4,playing,watch2,attack_challenge,,watch2,False,20,c,1785318528206,
1785318529092,watch4,73,68,5,5,playing,watch2,attack_challenge,,watch2,False,20,c,1785318527420,
1785318530318,watch1,73,70,3,3,playing,watch2,attack_challenge,,watch2,False,20,c,1785318529607,
1785318530318,watch2,73,68,5,5,playing,watch2,attack_challenge,,watch2,True,20,c,1785318529607,
1785318530318,watch3,73,69,4,4,playing,watch2,attack_challenge,,watch2,False,20,c,1785318528206,
1785318530318,watch4,72,68,4,4,playing,watch2,attack_challenge,,watch2,False,20,c,1785318529463,
1785318530589,watch1,73,70,3,3,playing,watch2,attack_challenge,,watch2,False,20,c,1785318529607,
1785318530589,watch2,73,68,5,5,playing,watch2,attack_challenge,,watch2,True,20,c,1785318529607,
1785318530589,watch3,73,69,4,4,playing,watch2,attack_challenge,,watch2,False,20,c,1785318528206,
1785318530589,watch4,72,68,4,4,playing,watch2,attack_challenge,,watch2,False,20,c,1785318529463,
1785318532220,watch1,71,70,1,1,playing,watch2,attack_challenge,,watch2,False,20,c,1785318530651,
1785318532220,watch2,73,68,5,5,playing,watch2,attack_challenge,,watch2,True,20,c,1785318531220,
1785318532220,watch3,73,69,4,4,playing,watch2,attack_challenge,,watch2,False,20,c,1785318531220,
1785318532220,watch4,71,68,3,3,playing,watch2,attack_challenge,,watch2,False,20,c,1785318531633,
1785318532579,watch1,71,70,1,1,playing,watch2,attack_challenge,,watch2,False,20,c,1785318530651,
1785318532579,watch2,71,68,3,3,playing,watch2,attack_challenge,,watch2,True,20,c,1785318532318,
1785318532579,watch3,73,69,4,4,playing,watch2,attack_challenge,,watch2,False,20,c,1785318531220,
1785318532579,watch4,71,68,3,3,playing,watch2,attack_challenge,,watch2,False,20,c,1785318531633,
1785318533737,watch1,71,70,1,1,playing,watch2,attack_challenge,,watch2,False,20,c,1785318532845,
1785318533737,watch2,71,68,3,3,playing,watch2,attack_challenge,,watch2,True,20,c,1785318532318,
1785318533737,watch3,71,69,2,2,playing,watch2,attack_challenge,,watch2,False,20,c,1785318533414,
1785318533737,watch4,71,68,3,3,playing,watch2,attack_challenge,,watch2,False,20,c,1785318532845,
1785318534060,watch1,71,70,1,1,playing,watch2,attack_challenge,,watch2,False,20,c,1785318532845,
1785318534060,watch2,71,68,3,3,playing,watch2,attack_challenge,,watch2,True,20,c,1785318532318,
1785318534060,watch3,71,69,2,2,playing,watch2,attack_challenge,,watch2,False,20,c,1785318533414,
1785318534060,watch4,71,68,3,3,playing,watch2,attack_challenge,,watch2,False,20,c,1785318532845,
1785318535081,watch1,70,70,0,0,playing,watch2,attack_challenge,,watch2,False,20,c,1785318534706,
1785318535081,watch2,71,68,3,3,playing,watch2,attack_challenge,,watch2,True,20,c,1785318534238,
1785318535081,watch3,71,69,2,2,playing,watch2,attack_challenge,,watch2,False,20,c,1785318533414,
1785318535081,watch4,71,68,3,3,playing,watch2,attack_challenge,,watch2,False,20,c,1785318534238,
1785318535334,watch1,70,70,0,0,playing,watch2,attack_challenge,,watch2,False,20,c,1785318534706,
1785318535334,watch2,71,68,3,3,playing,watch2,attack_challenge,,watch2,True,20,c,1785318534238,
1785318535334,watch3,71,69,2,2,playing,watch2,attack_challenge,,watch2,False,20,c,1785318533414,
1785318535334,watch4,71,68,3,3,playing,watch2,attack_challenge,,watch2,False,20,c,1785318534238,
1785318536835,watch1,69,70,-1,1,playing,watch2,attack_challenge,,watch2,False,10,c,1785318536710,
1785318536835,watch2,69,68,1,1,playing,watch2,attack_challenge,,watch2,True,10,c,1785318536309,
1785318536835,watch3,69,69,0,0,playing,watch2,attack_challenge,,watch2,False,10,c,1785318536434,
1785318536835,watch4,70,68,2,2,playing,watch2,attack_challenge,,watch2,False,10,c,1785318535637,
1785318537788,watch1,69,70,-1,1,playing,watch2,attack_challenge,,watch2,False,10,c,1785318536710,
1785318537788,watch2,68,68,0,0,playing,watch2,attack_challenge,,watch2,True,10,c,1785318537335,
1785318537788,watch3,69,69,0,0,playing,watch2,attack_challenge,,watch2,False,10,c,1785318536434,
1785318537788,watch4,68,68,0,0,playing,watch2,attack_challenge,,watch2,False,10,c,1785318537515,
1785318538124,watch1,69,70,-1,1,playing,watch2,attack_challenge,,watch2,False,10,c,1785318536710,
1785318538124,watch2,68,68,0,0,playing,watch2,attack_challenge,,watch2,True,10,c,1785318537335,
1785318538124,watch3,69,69,0,0,playing,watch2,attack_challenge,,watch2,False,10,c,1785318536434,
1785318538124,watch4,68,68,0,0,playing,watch2,attack_challenge,,watch2,False,10,c,1785318537515,
1785318539133,watch1,68,70,-2,2,playing,watch2,attack_challenge,,watch2,False,10,c,1785318538730,
1785318539133,watch2,68,68,0,0,playing,watch2,attack_challenge,,watch2,True,10,c,1785318537335,
1785318539133,watch3,68,69,-1,1,playing,watch2,attack_challenge,,watch2,False,10,c,1785318538529,
1785318539133,watch4,68,68,0,0,playing,watch2,attack_challenge,,watch2,False,10,c,1785318537515,
1785318539497,watch1,68,70,-2,2,playing,watch2,attack_challenge,,watch2,False,10,c,1785318538730,
1785318539497,watch2,68,68,0,0,playing,watch2,attack_challenge,,watch2,True,10,c,1785318537335,
1785318539497,watch3,68,69,-1,1,playing,watch2,attack_challenge,,watch2,False,10,c,1785318538529,
1785318539497,watch4,68,68,0,0,playing,watch2,attack_challenge,,watch2,False,10,c,1785318537515,
1785318540439,watch1,68,70,-2,2,playing,watch2,attack_challenge,,watch2,False,10,c,1785318538730,
1785318540439,watch2,68,68,0,0,playing,watch2,attack_challenge,,watch2,True,10,c,1785318539529,
1785318540439,watch3,68,69,-1,1,playing,watch2,attack_challenge,,watch2,False,10,c,1785318539529,
1785318540439,watch4,68,68,0,0,playing,watch2,attack_challenge,,watch2,False,10,c,1785318539529,
1785318541008,watch1,67,70,-3,3,playing,watch2,attack_challenge,,watch2,False,10,c,1785318540727,
1785318541008,watch2,68,68,0,0,playing,watch2,attack_challenge,,watch2,True,10,c,1785318539529,
1785318541008,watch3,68,69,-1,1,playing,watch2,attack_challenge,,watch2,False,10,c,1785318539529,
1785318541008,watch4,68,68,0,0,playing,watch2,attack_challenge,,watch2,False,10,c,1785318539529,
1785318541870,watch1,67,70,-3,3,playing,watch2,attack_challenge,,watch2,False,10,c,1785318540727,
1785318541870,watch2,68,68,0,0,playing,watch2,attack_challenge,,watch2,True,10,c,1785318541032,
1785318541870,watch3,68,69,-1,1,playing,watch2,attack_challenge,,watch2,False,10,c,1785318541032,
1785318541870,watch4,67,68,-1,1,playing,watch2,attack_challenge,,watch2,False,10,c,1785318541547,
1785318542431,watch1,67,70,-3,3,playing,watch2,attack_challenge,,watch2,False,10,c,1785318540727,
1785318542431,watch2,68,68,0,0,playing,watch2,attack_challenge,,watch2,True,10,c,1785318541032,
1785318542431,watch3,68,69,-1,1,playing,watch2,attack_challenge,,watch2,False,10,c,1785318541032,
1785318542431,watch4,67,68,-1,1,playing,watch2,attack_challenge,,watch2,False,10,c,1785318541547,
1785318543253,watch1,68,70,-2,2,playing,watch2,attack_challenge,,watch2,False,10,c,1785318542814,
1785318543253,watch2,68,68,0,0,playing,watch2,attack_challenge,,watch2,True,10,c,1785318542546,
1785318543253,watch3,68,69,-1,1,playing,watch2,attack_challenge,,watch2,False,10,c,1785318542546,
1785318543253,watch4,67,68,-1,1,playing,watch2,attack_challenge,,watch2,False,10,c,1785318541547,
1785318543944,watch1,68,70,-2,2,playing,watch2,attack_challenge,,watch2,False,10,c,1785318542814,
1785318543944,watch2,68,68,0,0,playing,watch2,attack_challenge,,watch2,True,10,c,1785318542546,
1785318543944,watch3,69,69,0,0,playing,watch2,attack_challenge,,watch2,False,10,c,1785318543464,
1785318543944,watch4,68,68,0,0,playing,watch2,attack_challenge,,watch2,False,10,c,1785318543643,
1785318544715,watch1,68,70,-2,2,playing,watch2,attack_challenge,,watch2,False,10,c,1785318543997,
1785318544715,watch2,69,68,1,1,playing,watch2,attack_challenge,,watch2,True,10,c,1785318544370,
1785318544715,watch3,69,69,0,0,playing,watch2,attack_challenge,,watch2,False,10,c,1785318543464,
1785318544715,watch4,68,68,0,0,playing,watch2,attack_challenge,,watch2,False,10,c,1785318543643,
1785318546256,watch1,68,70,-2,2,playing,watch2,attack_challenge,,watch2,False,10,c,1785318545379,
1785318546256,watch2,69,68,1,1,playing,watch2,attack_challenge,,watch2,True,10,c,1785318545379,
1785318546256,watch3,69,69,0,0,playing,watch2,attack_challenge,,watch2,False,10,c,1785318545379,
1785318546256,watch4,68,68,0,0,playing,watch2,attack_challenge,,watch2,False,10,c,1785318545379,
1785318546745,watch1,68,70,-2,2,playing,watch2,attack_challenge,,watch2,False,10,c,1785318545379,
1785318546745,watch2,69,68,1,1,playing,watch2,attack_challenge,,watch2,True,10,c,1785318546352,
1785318546745,watch3,69,69,0,0,playing,watch2,attack_challenge,,watch2,False,10,c,1785318545379,
1785318546745,watch4,68,68,0,0,playing,watch2,attack_challenge,,watch2,False,10,c,1785318545379,
1785318547892,watch1,68,70,-2,2,playing,watch2,attack_challenge,,watch2,False,10,c,1785318547155,
1785318547892,watch2,69,68,1,1,playing,watch2,attack_challenge,,watch2,True,10,c,1785318546352,
1785318547892,watch3,69,69,0,0,playing,watch2,attack_challenge,,watch2,False,10,c,1785318547155,
1785318547892,watch4,68,68,0,0,playing,watch2,attack_challenge,,watch2,False,10,c,1785318547155,
1785318548145,watch1,68,70,-2,2,playing,watch2,attack_challenge,,watch2,False,10,c,1785318547155,
1785318548145,watch2,69,68,1,1,playing,watch2,attack_challenge,,watch2,True,10,c,1785318546352,
1785318548145,watch3,69,69,0,0,playing,watch2,attack_challenge,,watch2,False,10,c,1785318547155,
1785318548145,watch4,68,68,0,0,playing,watch2,attack_challenge,,watch2,False,10,c,1785318547155,
1785318549614,watch1,68,70,-2,2,playing,watch2,attack_challenge,,watch2,False,10,c,1785318548740,
1785318549614,watch2,70,68,2,2,playing,watch2,attack_challenge,,watch2,True,10,c,1785318548740,
1785318549614,watch3,70,69,1,1,playing,watch2,attack_challenge,,watch2,False,10,c,1785318549458,
1785318549614,watch4,69,68,1,1,playing,watch2,attack_challenge,,watch2,False,10,c,1785318548516,
1785318551672,watch1,69,70,-1,1,playing,watch2,attack_challenge,,watch2,False,10,c,1785318550350,
1785318551672,watch2,70,68,2,2,playing,watch2,attack_challenge,,watch2,True,10,c,1785318550350,
1785318551672,watch3,70,69,1,1,playing,watch2,attack_challenge,,watch2,False,10,c,1785318549458,
1785318551672,watch4,70,68,2,2,playing,watch2,attack_challenge,,watch2,False,10,c,1785318550774,
1785318552213,watch1,70,70,0,0,playing,watch2,attack_challenge,,watch2,False,10,c,1785318550793,
1785318552213,watch2,71,68,3,3,playing,watch2,attack_challenge,,watch2,True,10,c,1785318551687,
1785318552213,watch3,70,69,1,1,playing,watch2,attack_challenge,,watch2,False,10,c,1785318549458,
1785318552213,watch4,69,68,1,1,playing,watch2,attack_challenge,,watch2,False,10,c,1785318548516,
1785318553275,watch1,70,70,0,0,playing,watch2,attack_challenge,,watch2,False,20,c,1785318552555,
1785318553275,watch2,71,68,3,3,playing,watch2,attack_challenge,,watch2,True,20,c,1785318551687,
1785318553275,watch3,71,69,2,2,playing,watch2,attack_challenge,,watch2,False,20,c,1785318552555,
1785318553275,watch4,72,68,4,4,playing,watch2,attack_challenge,,watch2,False,20,c,1785318552543,
1785318553594,watch1,70,70,0,0,playing,watch2,attack_challenge,,watch2,False,20,c,1785318552555,
1785318553594,watch2,71,68,3,3,playing,watch2,attack_challenge,,watch2,True,20,c,1785318551687,
1785318553594,watch3,71,69,2,2,playing,watch2,attack_challenge,,watch2,False,20,c,1785318552555,
1785318553594,watch4,72,68,4,4,playing,watch2,attack_challenge,,watch2,False,20,c,1785318552543,
1785318555218,watch1,72,70,2,2,playing,watch2,attack_challenge,,watch2,False,20,c,1785318553786,
1785318555218,watch2,71,68,3,3,playing,watch2,attack_challenge,,watch2,True,20,c,1785318554139,
1785318555218,watch3,71,69,2,2,playing,watch2,attack_challenge,,watch2,False,20,c,1785318554139,
1785318555218,watch4,73,68,5,5,playing,watch2,attack_challenge,,watch2,False,20,c,1785318554732,
1785318556515,watch1,72,70,2,2,playing,watch2,attack_challenge,,watch2,False,20,c,1785318555731,
1785318556515,watch2,73,68,5,5,playing,watch2,attack_challenge,,watch2,True,20,c,1785318555399,
1785318556515,watch3,72,69,3,3,playing,watch2,attack_challenge,,watch2,False,20,c,1785318555731,
1785318556515,watch4,73,68,5,5,playing,watch2,attack_challenge,,watch2,False,20,c,1785318554732,
1785318556980,watch1,72,70,2,2,playing,watch2,attack_challenge,,watch2,False,20,c,1785318555731,
1785318556980,watch2,73,68,5,5,playing,watch2,attack_challenge,,watch2,True,20,c,1785318555399,
1785318556980,watch3,72,69,3,3,playing,watch2,attack_challenge,,watch2,False,20,c,1785318555731,
1785318556980,watch4,74,68,6,6,playing,watch2,attack_challenge,,watch2,False,20,c,1785318556586,
1785318558229,watch1,74,70,4,4,playing,watch2,attack_challenge,,watch2,False,20,c,1785318557127,
1785318558229,watch2,73,68,5,5,playing,watch2,attack_challenge,,watch2,True,20,c,1785318557127,
1785318558229,watch3,72,69,3,3,playing,watch2,attack_challenge,,watch2,False,20,c,1785318557127,
1785318558229,watch4,74,68,6,6,playing,watch2,attack_challenge,,watch2,False,20,c,1785318556586,
1785318558491,watch1,74,70,4,4,playing,watch2,attack_challenge,,watch2,False,20,c,1785318557127,
1785318558491,watch2,73,68,5,5,playing,watch2,attack_challenge,,watch2,True,20,c,1785318557127,
1785318558491,watch3,72,69,3,3,playing,watch2,attack_challenge,,watch2,False,20,c,1785318557127,
1785318558491,watch4,74,68,6,6,playing,watch2,attack_challenge,,watch2,False,20,c,1785318556586,
1785318559901,watch1,74,70,4,4,playing,watch2,attack_challenge,,watch2,False,20,c,1785318559016,
1785318559901,watch2,74,68,6,6,playing,watch2,attack_challenge,,watch2,True,20,c,1785318559414,
1785318559901,watch3,73,69,4,4,playing,watch2,attack_challenge,,watch2,False,20,c,1785318559016,
1785318559901,watch4,74,68,6,6,playing,watch2,attack_challenge,,watch2,False,20,c,1785318556586,
1785318560168,watch1,74,70,4,4,playing,watch2,attack_challenge,,watch2,False,20,c,1785318559016,
1785318560168,watch2,74,68,6,6,playing,watch2,attack_challenge,,watch2,True,20,c,1785318559414,
1785318560168,watch3,73,69,4,4,playing,watch2,attack_challenge,,watch2,False,20,c,1785318559016,
1785318560168,watch4,74,68,6,6,playing,watch2,attack_challenge,,watch2,False,20,c,1785318556586,
1785318561342,watch1,74,70,4,4,playing,watch2,attack_challenge,,watch2,False,20,c,1785318560587,
1785318561342,watch2,74,68,6,6,playing,watch2,attack_challenge,,watch2,True,20,c,1785318560587,
1785318561342,watch3,73,69,4,4,playing,watch2,attack_challenge,,watch2,False,20,c,1785318560587,
1785318561342,watch4,74,68,6,6,playing,watch2,attack_challenge,,watch2,False,20,c,1785318560587,
1785318561604,watch1,74,70,4,4,playing,watch2,attack_challenge,,watch2,False,20,c,1785318560587,
1785318561604,watch2,74,68,6,6,playing,watch2,attack_challenge,,watch2,True,20,c,1785318560587,
1785318561604,watch3,73,69,4,4,playing,watch2,attack_challenge,,watch2,False,20,c,1785318560587,
1785318561604,watch4,74,68,6,6,playing,watch2,attack_challenge,,watch2,False,20,c,1785318560587,
1785318562902,watch1,74,70,4,4,playing,watch2,attack_challenge,,watch2,False,20,c,1785318562226,
1785318562902,watch2,74,68,6,6,playing,watch2,attack_challenge,,watch2,True,20,c,1785318562226,
1785318562902,watch3,73,69,4,4,playing,watch2,attack_challenge,,watch2,False,20,c,1785318562226,
1785318562902,watch4,74,68,6,6,playing,watch2,attack_challenge,,watch2,False,20,c,1785318562226,
1785318563175,watch1,74,70,4,4,playing,watch2,attack_challenge,,watch2,False,20,c,1785318562226,
1785318563175,watch2,74,68,6,6,playing,watch2,attack_challenge,,watch2,True,20,c,1785318562226,
1785318563175,watch3,73,69,4,4,playing,watch2,attack_challenge,,watch2,False,20,c,1785318562226,
1785318563175,watch4,74,68,6,6,playing,watch2,attack_challenge,,watch2,False,20,c,1785318562226,
1785318564296,watch1,74,70,4,4,playing,watch2,attack_challenge,,watch2,False,20,c,1785318563776,
1785318564296,watch2,74,68,6,6,playing,watch2,attack_challenge,,watch2,True,20,c,1785318563776,
1785318564296,watch3,74,69,5,5,playing,watch2,attack_challenge,,watch2,False,20,c,1785318563487,
1785318564296,watch4,74,68,6,6,playing,watch2,attack_challenge,,watch2,False,20,c,1785318563776,
1785318564931,watch1,74,70,4,4,playing,watch2,attack_challenge,,watch2,False,20,c,1785318563776,
1785318564931,watch2,73,68,5,5,playing,watch2,attack_challenge,,watch2,True,20,c,1785318564410,
1785318564931,watch3,73,69,4,4,playing,watch2,attack_challenge,,watch2,False,20,c,1785318564588,
1785318564931,watch4,74,68,6,6,playing,watch2,attack_challenge,,watch2,False,20,c,1785318563776,
1785318565813,watch1,74,70,4,4,playing,watch2,attack_challenge,,watch2,False,20,c,1785318565192,
1785318565813,watch2,74,68,6,6,playing,watch2,attack_challenge,,watch2,True,20,c,1785318565430,
1785318565813,watch3,73,69,4,4,playing,watch2,attack_challenge,,watch2,False,20,c,1785318564588,
1785318565813,watch4,74,68,6,6,playing,watch2,attack_challenge,,watch2,False,20,c,1785318565192,
1785318566273,watch1,73,70,3,3,playing,watch2,attack_challenge,,watch2,False,20,c,1785318565837,
1785318566273,watch2,74,68,6,6,playing,watch2,attack_challenge,,watch2,True,20,c,1785318565430,
1785318566273,watch3,73,69,4,4,playing,watch2,attack_challenge,,watch2,False,20,c,1785318564588,
1785318566273,watch4,74,68,6,6,playing,watch2,attack_challenge,,watch2,False,20,c,1785318565192,
1785318567740,watch1,73,70,3,3,playing,watch2,attack_challenge,,watch2,False,20,c,1785318565837,
1785318567740,watch2,74,68,6,6,playing,watch2,attack_challenge,,watch2,True,20,c,1785318566431,
1785318567740,watch3,73,69,4,4,playing,watch2,attack_challenge,,watch2,False,20,c,1785318567514,
1785318567740,watch4,74,68,6,6,playing,watch2,attack_challenge,,watch2,False,20,c,1785318566431,
1785318568031,watch1,73,70,3,3,playing,watch2,attack_challenge,,watch2,False,20,c,1785318565837,
1785318568031,watch2,74,68,6,6,playing,watch2,attack_challenge,,watch2,True,20,c,1785318566431,
1785318568031,watch3,73,69,4,4,playing,watch2,attack_challenge,,watch2,False,20,c,1785318567514,
1785318568031,watch4,74,68,6,6,playing,watch2,attack_challenge,,watch2,False,20,c,1785318566431,
1785318569399,watch1,73,70,3,3,playing,watch2,attack_challenge,,watch2,False,20,c,1785318568434,
1785318569399,watch2,74,68,6,6,playing,watch2,attack_challenge,,watch2,True,20,c,1785318568434,
1785318569399,watch3,73,69,4,4,playing,watch2,attack_challenge,,watch2,False,20,c,1785318567514,
1785318569399,watch4,73,68,5,5,playing,watch2,attack_challenge,,watch2,False,20,c,1785318568434,
1785318569680,watch1,73,70,3,3,playing,watch2,attack_challenge,,watch2,False,20,c,1785318568434,
1785318569680,watch2,74,68,6,6,playing,watch2,attack_challenge,,watch2,True,20,c,1785318568434,
1785318569680,watch3,73,69,4,4,playing,watch2,attack_challenge,,watch2,False,20,c,1785318567514,
1785318569680,watch4,73,68,5,5,playing,watch2,attack_challenge,,watch2,False,20,c,1785318568434,
1785318570986,watch1,73,70,3,3,playing,watch2,attack_challenge,,watch2,False,20,c,1785318570240,
1785318570986,watch2,73,68,5,5,playing,watch2,attack_challenge,,watch2,True,20,c,1785318570240,
1785318570986,watch3,74,69,5,5,playing,watch2,attack_challenge,,watch2,False,20,c,1785318570240,
1785318570986,watch4,73,68,5,5,playing,watch2,attack_challenge,,watch2,False,20,c,1785318570240,
1785318571221,watch1,73,70,3,3,playing,watch2,attack_challenge,,watch2,False,20,c,1785318570240,
1785318571221,watch2,73,68,5,5,playing,watch2,attack_challenge,,watch2,True,20,c,1785318570240,
1785318571221,watch3,74,69,5,5,playing,watch2,attack_challenge,,watch2,False,20,c,1785318570240,
1785318571221,watch4,73,68,5,5,playing,watch2,attack_challenge,,watch2,False,20,c,1785318570240,
1785318572826,watch1,73,70,3,3,playing,watch2,attack_challenge,,watch2,False,20,c,1785318571876,
1785318572826,watch2,73,68,5,5,playing,watch2,attack_challenge,,watch2,True,20,c,1785318571876,
1785318572826,watch3,72,69,3,3,playing,watch2,attack_challenge,,watch2,False,20,c,1785318572564,
1785318572826,watch4,73,68,5,5,playing,watch2,attack_challenge,,watch2,False,20,c,1785318571876,
1785318575550,watch1,71,70,1,1,playing,watch2,attack_challenge,,watch2,False,20,c,1785318574982,
1785318575550,watch2,71,68,3,3,playing,watch2,attack_challenge,,watch2,True,20,c,1785318574874,
1785318575550,watch3,71,69,2,2,playing,watch2,attack_challenge,,watch2,False,20,c,1785318573568,
1785318575550,watch4,73,68,5,5,playing,watch2,attack_challenge,,watch2,False,20,c,1785318573470,
1785318576522,watch1,71,70,1,1,playing,watch2,attack_challenge,,watch2,False,20,c,1785318574982,
1785318576522,watch2,71,68,3,3,playing,watch2,attack_challenge,,watch2,True,20,c,1785318574874,
1785318576522,watch3,70,69,1,1,playing,watch2,attack_challenge,,watch2,False,20,c,1785318575550,
1785318576522,watch4,72,68,4,4,playing,watch2,attack_challenge,,watch2,False,20,c,1785318575815,
1785318577311,watch1,69,70,-1,1,playing,watch2,attack_challenge,,watch2,False,20,c,1785318576931,
1785318577311,watch2,71,68,3,3,playing,watch2,attack_challenge,,watch2,True,20,c,1785318574874,
1785318577311,watch3,69,69,0,0,playing,watch2,attack_challenge,,watch2,False,20,c,1785318576552,
1785318577311,watch4,72,68,4,4,playing,watch2,attack_challenge,,watch2,False,20,c,1785318575815,
1785318578340,watch1,69,70,-1,1,playing,watch2,attack_challenge,,watch2,False,10,c,1785318576931,
1785318578340,watch2,68,68,0,0,playing,watch2,attack_challenge,,watch2,True,10,c,1785318577466,
1785318578340,watch3,68,69,-1,1,playing,watch2,attack_challenge,,watch2,False,10,c,1785318577617,
1785318578340,watch4,68,68,0,0,playing,watch2,attack_challenge,,watch2,False,10,c,1785318577927,
1785318578784,watch1,69,70,-1,1,playing,watch2,attack_challenge,,watch2,False,10,c,1785318576931,
1785318578784,watch2,68,68,0,0,playing,watch2,attack_challenge,,watch2,True,10,c,1785318577466,
1785318578784,watch3,68,69,-1,1,playing,watch2,attack_challenge,,watch2,False,10,c,1785318577617,
1785318578784,watch4,68,68,0,0,playing,watch2,attack_challenge,,watch2,False,10,c,1785318577927,
1785318579947,watch1,67,70,-3,3,playing,watch2,attack_challenge,,watch2,False,10,a,1785318578906,
1785318579947,watch2,67,68,-1,1,playing,watch2,attack_challenge,,watch2,True,10,a,1785318579527,
1785318579947,watch3,68,69,-1,1,playing,watch2,attack_challenge,,watch2,False,10,a,1785318578930,
1785318579947,watch4,67,68,-1,1,playing,watch2,attack_challenge,,watch2,False,10,a,1785318579783,
1785318580300,watch1,67,70,-3,3,playing,watch2,attack_challenge,,watch2,False,10,a,1785318578906,
1785318580300,watch2,67,68,-1,1,playing,watch2,attack_challenge,,watch2,True,10,a,1785318579527,
1785318580300,watch3,68,69,-1,1,playing,watch2,attack_challenge,,watch2,False,10,a,1785318578930,
1785318580300,watch4,67,68,-1,1,playing,watch2,attack_challenge,,watch2,False,10,a,1785318579783,
1785318581654,watch1,67,70,-3,3,playing,watch2,attack_challenge,,watch2,False,10,a,1785318580529,
1785318581654,watch2,67,68,-1,1,playing,watch2,attack_challenge,,watch2,True,10,a,1785318580529,
1785318581654,watch3,68,69,-1,1,playing,watch2,attack_challenge,,watch2,False,10,a,1785318578930,
1785318581654,watch4,67,68,-1,1,playing,watch2,attack_challenge,,watch2,False,10,a,1785318579783,
1785318583589,watch1,66,70,-4,4,playing,watch2,attack_challenge,,watch2,False,10,a,1785318582477,
1785318583589,watch2,66,68,-2,2,playing,watch2,attack_challenge,,watch2,True,10,a,1785318582477,
1785318583589,watch3,68,69,-1,1,playing,watch2,attack_challenge,,watch2,False,10,a,1785318578930,
1785318583589,watch4,66,68,-2,2,playing,watch2,attack_challenge,,watch2,False,10,a,1785318581697,
1785318584154,watch1,66,70,-4,4,playing,watch2,attack_challenge,,watch2,False,10,a,1785318582477,
1785318584154,watch2,66,68,-2,2,playing,watch2,attack_challenge,,watch2,True,10,a,1785318582477,
1785318584154,watch3,68,69,-1,1,playing,watch2,attack_challenge,,watch2,False,10,a,1785318578930,
1785318584154,watch4,66,68,-2,2,playing,watch2,attack_challenge,,watch2,False,10,a,1785318581697,
1785318585376,watch1,65,70,-5,5,playing,watch2,attack_challenge,,watch2,False,10,a,1785318584589,
1785318585376,watch2,65,68,-3,3,playing,watch2,attack_challenge,,watch2,True,10,a,1785318584477,
1785318585376,watch3,66,69,-3,3,playing,watch2,attack_challenge,,watch2,False,10,a,1785318584589,
1785318585376,watch4,66,68,-2,2,playing,watch2,attack_challenge,,watch2,False,10,a,1785318581697,
1785318587292,watch1,64,70,-6,6,playing,watch2,attack_challenge,,watch2,False,10,a,1785318587060,
1785318587292,watch2,65,68,-3,3,playing,watch2,attack_challenge,,watch2,True,10,a,1785318586627,
1785318587292,watch3,65,69,-4,4,playing,watch2,attack_challenge,,watch2,False,10,a,1785318586598,
1785318587292,watch4,65,68,-3,3,playing,watch2,attack_challenge,,watch2,False,10,a,1785318585801,
1785318588380,watch1,64,70,-6,6,playing,watch2,attack_challenge,,watch2,False,10,a,1785318587060,
1785318588380,watch2,65,68,-3,3,playing,watch2,attack_challenge,,watch2,True,10,a,1785318588057,
1785318588380,watch3,65,69,-4,4,playing,watch2,attack_challenge,,watch2,False,10,a,1785318588057,
1785318588380,watch4,64,68,-4,4,playing,watch2,attack_challenge,,watch2,False,10,a,1785318587738,
1785318588729,watch1,64,70,-6,6,playing,watch2,attack_challenge,,watch2,False,10,a,1785318587060,
1785318588729,watch2,65,68,-3,3,playing,watch2,attack_challenge,,watch2,True,10,a,1785318588057,
1785318588729,watch3,65,69,-4,4,playing,watch2,attack_challenge,,watch2,False,10,a,1785318588057,
1785318588729,watch4,64,68,-4,4,playing,watch2,attack_challenge,,watch2,False,10,a,1785318587738,
1785318589935,watch1,64,70,-6,6,playing,watch2,attack_challenge,,watch2,False,10,a,1785318589304,
1785318589935,watch2,65,68,-3,3,playing,watch2,attack_challenge,,watch2,True,10,a,1785318589304,
1785318589935,watch3,65,69,-4,4,playing,watch2,attack_challenge,,watch2,False,10,a,1785318589304,
1785318589935,watch4,64,68,-4,4,playing,watch2,attack_challenge,,watch2,False,10,a,1785318589304,
1785318590188,watch1,64,70,-6,6,playing,watch2,attack_challenge,,watch2,False,10,a,1785318589304,
1785318590188,watch2,65,68,-3,3,playing,watch2,attack_challenge,,watch2,True,10,a,1785318589304,
1785318590188,watch3,65,69,-4,4,playing,watch2,attack_challenge,,watch2,False,10,a,1785318589304,
1785318590188,watch4,64,68,-4,4,playing,watch2,attack_challenge,,watch2,False,10,a,1785318589304,
1785318591533,watch1,64,70,-6,6,playing,watch2,attack_challenge,,watch2,False,10,a,1785318590847,
1785318591533,watch2,65,68,-3,3,playing,watch2,attack_challenge,,watch2,True,10,a,1785318590847,
1785318591533,watch3,65,69,-4,4,playing,watch2,attack_challenge,,watch2,False,10,a,1785318590847,
1785318591533,watch4,64,68,-4,4,playing,watch2,attack_challenge,,watch2,False,10,a,1785318590847,
1785318591913,watch1,64,70,-6,6,playing,watch2,attack_challenge,,watch2,False,10,a,1785318590847,
1785318591913,watch2,65,68,-3,3,playing,watch2,attack_challenge,,watch2,True,10,a,1785318590847,
1785318591913,watch3,64,69,-5,5,playing,watch2,attack_challenge,,watch2,False,10,a,1785318591611,
1785318591913,watch4,64,68,-4,4,playing,watch2,attack_challenge,,watch2,False,10,a,1785318590847,
1785318592931,watch1,64,70,-6,6,playing,watch2,attack_challenge,,watch2,False,10,a,1785318592363,
1785318592931,watch2,65,68,-3,3,playing,watch2,attack_challenge,,watch2,True,10,a,1785318592363,
1785318592931,watch3,64,69,-5,5,playing,watch2,attack_challenge,,watch2,False,10,a,1785318591611,
1785318592931,watch4,64,68,-4,4,playing,watch2,attack_challenge,,watch2,False,10,a,1785318592363,
1785318593216,watch1,64,70,-6,6,playing,watch2,attack_challenge,,watch2,False,10,a,1785318592363,
1785318593216,watch2,65,68,-3,3,playing,watch2,attack_challenge,,watch2,True,10,a,1785318592363,
1785318593216,watch3,64,69,-5,5,playing,watch2,attack_challenge,,watch2,False,10,a,1785318591611,
1785318593216,watch4,64,68,-4,4,playing,watch2,attack_challenge,,watch2,False,10,a,1785318592363,
1785318594397,watch1,64,70,-6,6,playing,watch2,attack_challenge,,watch2,False,10,a,1785318593789,
1785318594397,watch2,65,68,-3,3,playing,watch2,attack_challenge,,watch2,True,10,a,1785318593789,
1785318594397,watch3,64,69,-5,5,playing,watch2,attack_challenge,,watch2,False,10,a,1785318593789,
1785318594397,watch4,64,68,-4,4,playing,watch2,attack_challenge,,watch2,False,10,a,1785318593789,
1785318594769,watch1,64,70,-6,6,playing,watch2,attack_challenge,,watch2,False,10,a,1785318593789,
1785318594769,watch2,65,68,-3,3,playing,watch2,attack_challenge,,watch2,True,10,a,1785318593789,
1785318594769,watch3,64,69,-5,5,playing,watch2,attack_challenge,,watch2,False,10,a,1785318593789,
1785318594769,watch4,64,68,-4,4,playing,watch2,attack_challenge,,watch2,False,10,a,1785318593789,
1785318595976,watch1,64,70,-6,6,playing,watch2,attack_challenge,,watch2,False,10,a,1785318595300,
1785318595976,watch2,65,68,-3,3,playing,watch2,attack_challenge,,watch2,True,10,a,1785318595300,
1785318595976,watch3,64,69,-5,5,playing,watch2,attack_challenge,,watch2,False,10,a,1785318595300,
1785318595976,watch4,64,68,-4,4,playing,watch2,attack_challenge,,watch2,False,10,a,1785318595300,
1785318596235,watch1,64,70,-6,6,playing,watch2,attack_challenge,,watch2,False,10,a,1785318595300,
1785318596235,watch2,65,68,-3,3,playing,watch2,attack_challenge,,watch2,True,10,a,1785318595300,
1785318596235,watch3,64,69,-5,5,playing,watch2,attack_challenge,,watch2,False,10,a,1785318595300,
1785318596235,watch4,64,68,-4,4,playing,watch2,attack_challenge,,watch2,False,10,a,1785318595300,
1785318597350,watch1,64,70,-6,6,playing,watch2,attack_challenge,,watch2,False,10,a,1785318596890,
1785318597350,watch2,65,68,-3,3,playing,watch2,attack_challenge,,watch2,True,10,a,1785318596890,
1785318597350,watch3,65,69,-4,4,playing,watch2,attack_challenge,,watch2,False,10,a,1785318596619,
1785318597350,watch4,64,68,-4,4,playing,watch2,attack_challenge,,watch2,False,10,a,1785318596890,
1785318597702,watch1,64,70,-6,6,playing,watch2,attack_challenge,,watch2,False,10,a,1785318596890,
1785318597702,watch2,65,68,-3,3,playing,watch2,attack_challenge,,watch2,True,10,a,1785318596890,
1785318597702,watch3,65,69,-4,4,playing,watch2,attack_challenge,,watch2,False,10,a,1785318596619,
1785318597702,watch4,64,68,-4,4,playing,watch2,attack_challenge,,watch2,False,10,a,1785318596890,
1785318598935,watch1,64,70,-6,6,playing,watch2,attack_challenge,,watch2,False,10,a,1785318598252,
1785318598935,watch2,65,68,-3,3,playing,watch2,attack_challenge,,watch2,True,10,a,1785318598252,
1785318598935,watch3,65,69,-4,4,playing,watch2,attack_challenge,,watch2,False,10,a,1785318598252,
1785318598935,watch4,64,68,-4,4,playing,watch2,attack_challenge,,watch2,False,10,a,1785318598252,
1785318599172,watch1,64,70,-6,6,playing,watch2,attack_challenge,,watch2,False,10,a,1785318598252,
1785318599172,watch2,65,68,-3,3,playing,watch2,attack_challenge,,watch2,True,10,a,1785318598252,
1785318599172,watch3,65,69,-4,4,playing,watch2,attack_challenge,,watch2,False,10,a,1785318598252,
1785318599172,watch4,64,68,-4,4,playing,watch2,attack_challenge,,watch2,False,10,a,1785318598252,
1785318600622,watch1,64,70,-6,6,playing,watch2,attack_challenge,,watch2,False,10,a,1785318599832,
1785318600622,watch2,65,68,-3,3,playing,watch2,attack_challenge,,watch2,True,10,a,1785318599832,
1785318600622,watch3,65,69,-4,4,playing,watch2,attack_challenge,,watch2,False,10,a,1785318599832,
1785318600622,watch4,64,68,-4,4,playing,watch2,attack_challenge,,watch2,False,10,a,1785318599832,
1785318602231,watch1,66,70,-4,4,playing,watch2,attack_challenge,,watch2,False,10,a,1785318602012,
1785318602231,watch2,67,68,-1,1,playing,watch2,attack_challenge,,watch2,True,10,a,1785318601535,
1785318602231,watch3,67,69,-2,2,playing,watch2,attack_challenge,,watch2,False,10,a,1785318601758,
1785318602231,watch4,65,68,-3,3,playing,watch2,attack_challenge,,watch2,False,10,a,1785318600919,
1785318602491,watch1,66,70,-4,4,playing,watch2,attack_challenge,,watch2,False,10,a,1785318602012,
1785318602491,watch2,67,68,-1,1,playing,watch2,attack_challenge,,watch2,True,10,a,1785318601535,
1785318602491,watch3,67,69,-2,2,playing,watch2,attack_challenge,,watch2,False,10,a,1785318601758,
1785318602491,watch4,65,68,-3,3,playing,watch2,attack_challenge,,watch2,False,10,a,1785318600919,
1785318603537,watch1,66,70,-4,4,playing,watch2,attack_challenge,,watch2,False,10,a,1785318602012,
1785318603537,watch2,67,68,-1,1,playing,watch2,attack_challenge,,watch2,True,10,a,1785318602880,
1785318603537,watch3,67,69,-2,2,playing,watch2,attack_challenge,,watch2,False,10,a,1785318602880,
1785318603537,watch4,66,68,-2,2,playing,watch2,attack_challenge,,watch2,False,10,a,1785318602834,
1785318605150,watch1,67,70,-3,3,playing,watch2,attack_challenge,,watch2,False,10,c,1785318604007,
1785318605150,watch2,68,68,0,0,playing,watch2,attack_challenge,,watch2,True,10,c,1785318603537,
1785318605150,watch3,67,69,-2,2,playing,watch2,attack_challenge,,watch2,False,10,c,1785318604657,
1785318605150,watch4,67,68,-1,1,playing,watch2,attack_challenge,,watch2,False,10,c,1785318604842,
1785318606502,watch1,67,70,-3,3,playing,watch2,attack_challenge,,watch2,False,10,c,1785318605336,
1785318606502,watch2,68,68,0,0,playing,watch2,attack_challenge,,watch2,True,10,c,1785318605336,
1785318606502,watch3,68,69,-1,1,playing,watch2,attack_challenge,,watch2,False,10,c,1785318605684,
1785318606502,watch4,67,68,-1,1,playing,watch2,attack_challenge,,watch2,False,10,c,1785318604842,
1785318607258,watch1,67,70,-3,3,playing,watch2,attack_challenge,,watch2,False,10,c,1785318606684,
1785318607258,watch2,68,68,0,0,playing,watch2,attack_challenge,,watch2,True,10,c,1785318606684,
1785318607258,watch3,68,69,-1,1,playing,watch2,attack_challenge,,watch2,False,10,c,1785318606684,
1785318607258,watch4,67,68,-1,1,playing,watch2,attack_challenge,,watch2,False,10,c,1785318604842,
1785318620867,watch1,70,70,0,0,playing,watch2,attack_challenge,,watch2,False,20,c,1785318613379,
1785318620867,watch2,75,68,7,7,playing,watch2,attack_challenge,,watch2,True,20,c,1785318619676,
1785318620867,watch3,75,69,6,6,playing,watch2,attack_challenge,,watch2,False,20,c,1785318619992,
1785318620867,watch4,75,68,7,7,playing,watch2,attack_challenge,,watch2,False,20,c,1785318620647,
1785318622540,watch1,75,70,5,5,playing,watch2,attack_challenge,,watch2,False,20,c,1785318621852,
1785318622540,watch2,75,68,7,7,playing,watch2,attack_challenge,,watch2,True,20,c,1785318621852,
1785318622540,watch3,75,69,6,6,playing,watch2,attack_challenge,,watch2,False,20,c,1785318621852,
1785318622540,watch4,75,68,7,7,playing,watch2,attack_challenge,,watch2,False,20,c,1785318621852,
